10000683,100221,1790773996.548724,1790773996.595887
10000684,100221,1790773996.571913,1790773996.595942
10000685,100221,1790773996.595900,1790773996.804093
10000686,100221,1790773996.620523,1790773996.804098
10000687,100221,1790773996.645998,1790773996.804112
10000688,100221,1790773996.678521,1790773996.803995
10000689,100221,1790773996.695488,1790773996.804039
10000690,100221,1790773996.720410,1790773996.804054
10000691,100221,1790773996.744835,1790773996.804067
10000692,100221,1790773996.769863,1790773996.804082
10000693,100221,1790773996.795310,1790773996.804103
10000694,100221,1790773996.820307,1790773997.014992
10000695,100221,1790773996.846188,1790773997.015017
10000696,100221,1790773996.878776,1790773997.014840
10000697,100221,1790773996.895688,1790773997.014906
10000698,100221,1790773996.920471,1790773997.014929
10000699,100221,1790773996.946732,1790773997.014950
10000700,100221,1790773996.970459,1790773997.014975
10000701,100221,1790773997.002662,1790773997.015000
10000702,100221,1790773997.022855,1790773997.232490
10000703,100221,1790773997.045459,1790773997.232518
10000704,100221,1790773997.070836,1790773997.232315
10000705,100221,1790773997.096284,1790773997.232385
10000706,100221,1790773997.121490,1790773997.232413
10000707,100221,1790773997.146585,1790773997.232438
10000708,100221,1790773997.169510,1790773997.232468
10000709,100221,1790773997.195353,1790773997.232499
10000710,100221,1790773997.226427,1790773997.444079
10000711,100221,1790773997.245861,1790773997.444110
10000712,100221,1790773997.272372,1790773997.443938
10000713,100221,1790773997.296174,1790773997.443993
10000714,100221,1790773997.321285,1790773997.444015
10000715,100221,1790773997.345671,1790773997.444036
10000716,100221,1790773997.370333,1790773997.444060
10000717,100221,1790773997.396188,1790773997.444088
10000718,100221,1790773997.420613,1790773997.444096
10000719,100221,1790773997.449234,1790773997.652372
10000720,100221,1790773997.470385,1790773997.652164
10000721,100221,1790773997.496033,1790773997.652234
10000722,100221,1790773997.521565,1790773997.652263
10000723,100221,1790773997.545711,1790773997.652291
10000724,100221,1790773997.569801,1790773997.652320
10000725,100221,1790773997.596200,1790773997.652345
10000726,100221,1790773997.620139,1790773997.652354
10000727,100221,1790773997.644742,1790773997.860683
10000728,100221,1790773997.671481,1790773997.860546
10000729,100221,1790773997.694825,1790773997.860606
10000730,100221,1790773997.719448,1790773997.860621
10000731,100221,1790773997.745471,1790773997.860635
10000732,100221,1790773997.782911,1790773997.860650
10000733,100221,1790773997.800383,1790773997.860663
10000734,100221,1790773997.820352,1790773997.860669
10000735,100221,1790773997.849130,1790773997.860690
10000736,100221,1790773997.870331,1790773998.070890
10000737,100221,1790773997.894683,1790773998.070960
10000738,100221,1790773997.919653,1790773998.070987
10000739,100221,1790773997.950196,1790773998.071016
10000740,100221,1790773997.980854,1790773998.071047
10000741,100221,1790773997.995049,1790773998.071076
10000742,100221,1790773998.021886,1790773998.071086
10000743,100221,1790773998.046132,1790773998.071106
10000744,100221,1790773998.080178,1790773998.280610
10000745,100221,1790773998.096825,1790773998.280684
10000746,100221,1790773998.130111,1790773998.280709
10000747,100221,1790773998.151441,1790773998.280734
10000748,100221,1790773998.172665,1790773998.280759
10000749,100221,1790773998.195143,1790773998.280778
10000750,100221,1790773998.220427,1790773998.280787
10000751,100221,1790773998.246021,1790773998.280806
10000752,100221,1790773998.270200,1790773998.280655
10000753,100221,1790773998.296018,1790773998.496626
10000754,100221,1790773998.321274,1790773998.496667
10000755,100221,1790773998.349782,1790773998.496684
10000756,100221,1790773998.370361,1790773998.496701
10000757,100221,1790773998.395429,1790773998.496718
10000758,100221,1790773998.421484,1790773998.496723
10000759,100221,1790773998.447255,1790773998.496734
10000760,100221,1790773998.487928,1790773998.708070
10000761,100221,1790773998.505432,1790773998.708124
10000762,100221,1790773998.521472,1790773998.708144
10000763,100221,1790773998.551628,1790773998.708159
10000764,100221,1790773998.569864,1790773998.708174
10000765,100221,1790773998.595935,1790773998.708187
10000766,100221,1790773998.620765,1790773998.708192
10000767,100221,1790773998.645727,1790773998.708203
10000768,100221,1790773998.670915,1790773998.708105
10000769,100221,1790773998.695920,1790773998.708130
10000770,100221,1790773998.722266,1790773998.925801
10000771,100221,1790773998.746820,1790773998.925834
10000772,100221,1790773998.771225,1790773998.925864
10000773,100221,1790773998.796943,1790773998.925892
10000774,100221,1790773998.830614,1790773998.925903
10000775,100221,1790773998.845819,1790773998.925924
10000776,100221,1790773998.871910,1790773998.925696
10000777,100221,1790773998.895535,1790773998.925769
10000778,100221,1790773998.920906,1790773999.135078
10000779,100221,1790773998.950629,1790773999.135100
10000780,100221,1790773998.970690,1790773999.135115
10000781,100221,1790773998.999432,1790773999.135129
10000782,100221,1790773999.020411,1790773999.135134
10000783,100221,1790773999.044198,1790773999.135145
10000784,100221,1790773999.067886,1790773999.135019
10000785,100221,1790773999.092143,1790773999.135061
10000786,100221,1790773999.118441,1790773999.135084
10000787,100221,1790773999.142720,1790773999.344071
10000788,100221,1790773999.170426,1790773999.344094
10000789,100221,1790773999.192422,1790773999.344115
10000790,100221,1790773999.217479,1790773999.344121
10000791,100221,1790773999.242318,1790773999.344133
10000792,100221,1790773999.267467,1790773999.343957
10000793,100221,1790773999.292378,1790773999.344018
10000794,100221,1790773999.317127,1790773999.344045
10000795,100221,1790773999.342411,1790773999.553872
10000796,100221,1790773999.366762,1790773999.553893
10000797,100221,1790773999.391915,1790773999.553909
10000798,100221,1790773999.417101,1790773999.553915
10000799,100221,1790773999.442301,1790773999.553927
10000800,100221,1790773999.467014,1790773999.553786
10000801,100221,1790773999.492932,1790773999.553835
10000802,100221,1790773999.516765,1790773999.553854
10000803,100221,1790773999.543850,1790773999.553878
10000804,100221,1790773999.566673,1790773999.764021
10000805,100221,1790773999.592939,1790773999.764048
10000806,100221,1790773999.617144,1790773999.764056
10000807,100221,1790773999.642170,1790773999.764075
10000808,100221,1790773999.667407,1790773999.763868
10000809,100221,1790773999.692390,1790773999.763932
10000810,100221,1790773999.719211,1790773999.763963
10000811,100221,1790773999.742937,1790773999.763993
10000812,100221,1790773999.770908,1790773999.975924
10000813,100221,1790773999.792817,1790773999.975947
10000814,100221,1790773999.817981,1790773999.975952
10000815,100221,1790773999.842222,1790773999.975967
10000816,100221,1790773999.868846,1790773999.975834
10000817,100221,1790773999.892919,1790773999.975878
10000818,100221,1790773999.917830,1790773999.975904
10000819,100221,1790773999.942307,1790773999.975910
10000820,100221,1790773999.967078,1790773999.975929
10000821,100221,1790773999.992322,1790774000.186125
10000822,100221,1790774000.021438,1790774000.186134
10000823,100221,1790774000.044221,1790774000.186159
10000824,100221,1790774000.070084,1790774000.185936
10000825,100221,1790774000.093437,1790774000.186008
10000826,100221,1790774000.117164,1790774000.186061
10000827,100221,1790774000.148295,1790774000.186072
10000828,100221,1790774000.170219,1790774000.186097
10000829,100221,1790774000.194040,1790774000.433268
10000830,100221,1790774000.217552,1790774000.433278
10000831,100221,1790774000.242331,1790774000.433299
10000832,100221,1790774000.269355,1790774000.433053
10000833,100221,1790774000.301691,1790774000.433142
10000834,100221,1790774000.316681,1790774000.433197
10000835,100221,1790774000.343843,1790774000.433210
10000836,100221,1790774000.375035,1790774000.433236
10000837,100221,1790774000.413877,1790774000.644815
10000838,100221,1790774000.436119,1790774000.644821
10000839,100221,1790774000.447880,1790774000.644838
10000840,100221,1790774000.483147,1790774000.644697
10000841,100221,1790774000.515385,1790774000.644753
10000842,100221,1790774000.525867,1790774000.644780
10000843,100221,1790774000.543064,1790774000.644786
10000844,100221,1790774000.568173,1790774000.644800
10000845,100221,1790774000.593061,1790774000.644843
10000846,100221,1790774000.618129,1790774000.644826
10000847,100221,1790774000.642388,1790774000.853626
10000848,100221,1790774000.667399,1790774000.853559
10000849,100221,1790774000.692354,1790774000.853516
10000850,100221,1790774000.716950,1790774000.853577
10000851,100221,1790774000.742117,1790774000.853583
10000852,100221,1790774000.781720,1790774000.853597
10000853,100221,1790774000.792529,1790774000.853631
10000854,100221,1790774000.817504,1790774000.853613
10000855,100221,1790774000.842514,1790774000.853636
10000856,100221,1790774000.868372,1790774001.062063
10000857,100221,1790774000.892542,1790774001.062011
10000858,100221,1790774000.918083,1790774001.061903
10000859,100221,1790774000.942646,1790774001.062127
10000860,100221,1790774000.967512,1790774001.062233
10000861,100221,1790774000.992748,1790774001.062275
10000862,100221,1790774001.019562,1790774001.062284
10000863,100221,1790774001.042880,1790774001.062293
10000864,100221,1790774001.069943,1790774001.269761
10000865,100221,1790774001.092567,1790774001.269731
10000866,100221,1790774001.118336,1790774001.269651
10000867,100221,1790774001.142365,1790774001.269797
10000868,100221,1790774001.167834,1790774001.269859
10000869,100221,1790774001.192140,1790774001.269916
10000870,100221,1790774001.216995,1790774001.269926
10000871,100221,1790774001.242525,1790774001.269934
10000872,100221,1790774001.267258,1790774001.478296
10000873,100221,1790774001.292448,1790774001.478270
10000874,100221,1790774001.317491,1790774001.478205
10000875,100221,1790774001.344358,1790774001.478332
10000876,100221,1790774001.367071,1790774001.478371
10000877,100221,1790774001.392038,1790774001.478394
10000878,100221,1790774001.416702,1790774001.478404
10000879,100221,1790774001.442612,1790774001.478413
10000880,100221,1790774001.467393,1790774001.478307
10000881,100221,1790774001.491975,1790774001.685558
10000882,100221,1790774001.517109,1790774001.685476
10000883,100221,1790774001.542442,1790774001.685625
10000884,100221,1790774001.566945,1790774001.685656
10000885,100221,1790774001.592345,1790774001.685714
10000886,100221,1790774001.617458,1790774001.685720
10000887,100221,1790774001.642574,1790774001.685726
10000888,100221,1790774001.666714,1790774001.685589
10000889,100221,1790774001.691648,1790774001.893823
10000890,100221,1790774001.717879,1790774001.893696
10000891,100221,1790774001.742716,1790774001.893955
10000892,100221,1790774001.767141,1790774001.894019
10000893,100221,1790774001.792021,1790774001.894138
10000894,100221,1790774001.819914,1790774001.894149
10000895,100221,1790774001.842452,1790774001.894159
10000896,100221,1790774001.873018,1790774001.893884
10000897,100221,1790774001.898046,1790774002.104306
10000898,100221,1790774001.916692,1790774002.104039
10000899,100221,1790774001.942685,1790774002.104253
10000900,100221,1790774001.967616,1790774002.104317
10000901,100221,1790774001.992668,1790774002.104424
10000902,100221,1790774002.018813,1790774002.104433
10000903,100221,1790774002.042605,1790774002.104441
10000904,100221,1790774002.069374,1790774002.104185
10000905,100221,1790774002.093525,1790774002.104327
10000906,100221,1790774002.118699,1790774002.323128
10000907,100221,1790774002.143204,1790774002.323246
10000908,100221,1790774002.183876,1790774002.323278
10000909,100221,1790774002.201193,1790774002.323338
10000910,100221,1790774002.223794,1790774002.323348
10000911,100221,1790774002.253461,1790774002.323357
10000912,100221,1790774002.276120,1790774002.323309
10000913,100221,1790774002.298918,1790774002.535359
10000914,100221,1790774002.330085,1790774002.535384
10000915,100221,1790774002.354972,1790774002.535297
10000916,100221,1790774002.380195,1790774002.535420
10000917,100221,1790774002.402074,1790774002.535404
10000918,100221,1790774002.417395,1790774002.535425
10000919,100221,1790774002.445833,1790774002.535443
10000920,100221,1790774002.468546,1790774002.535429
10000921,100221,1790774002.492538,1790774002.535367
10000922,100221,1790774002.518400,1790774002.535389
10000923,100221,1790774002.541974,1790774002.745713
10000924,100221,1790774002.566642,1790774002.746084
10000925,100221,1790774002.592590,1790774002.745998
10000926,100221,1790774002.618511,1790774002.746096
10000927,100221,1790774002.642472,1790774002.746199
10000928,100221,1790774002.668945,1790774002.746106
10000929,100221,1790774002.692643,1790774002.745877
10000930,100221,1790774002.717690,1790774002.746012
10000931,100221,1790774002.742506,1790774002.959339
10000932,100221,1790774002.767373,1790774002.959683
10000933,100221,1790774002.798723,1790774002.959588
10000934,100221,1790774002.817148,1790774002.959695
10000935,100221,1790774002.842250,1790774002.959773
10000936,100221,1790774002.867843,1790774002.959706
10000937,100221,1790774002.892411,1790774002.959478
10000938,100221,1790774002.918291,1790774002.959599
10000939,100221,1790774002.942640,1790774002.959391
10000940,100221,1790774002.967894,1790774003.175702
10000941,100221,1790774002.993408,1790774003.175629
10000942,100221,1790774003.019421,1790774003.175714
10000943,100221,1790774003.043004,1790774003.175775
10000944,100221,1790774003.069757,1790774003.175723
10000945,100221,1790774003.092518,1790774003.175507
10000946,100221,1790774003.118392,1790774003.175638
10000947,100221,1790774003.143104,1790774003.175342
10000948,100221,1790774003.169664,1790774003.384492
10000949,100221,1790774003.192653,1790774003.384850
10000950,100221,1790774003.218576,1790774003.384548
10000951,100221,1790774003.243018,1790774003.385014
10000952,100221,1790774003.268455,1790774003.384943
10000953,100221,1790774003.293246,1790774003.384707
10000954,100221,1790774003.318427,1790774003.384862
10000955,100221,1790774003.342620,1790774003.384560
10000956,100221,1790774003.369337,1790774003.384570
10000957,100221,1790774003.408093,1790774003.593683
10000958,100221,1790774003.416886,1790774003.593442
10000959,100221,1790774003.442089,1790774003.593756
10000960,100221,1790774003.469066,1790774003.593723
10000961,100221,1790774003.503671,1790774003.593603
10000962,100221,1790774003.527464,1790774003.593646
10000963,100221,1790774003.542194,1790774003.593487
10000964,100221,1790774003.567149,1790774003.593498
10000965,100221,1790774003.591939,1790774003.803880
10000966,100221,1790774003.617697,1790774003.803538
10000967,100221,1790774003.643118,1790774003.804035
10000968,100221,1790774003.669766,1790774003.803967
10000969,100221,1790774003.692772,1790774003.803734
10000970,100221,1790774003.717508,1790774003.803813
10000971,100221,1790774003.742409,1790774003.803592
10000972,100221,1790774003.767129,1790774003.803605
10000973,100221,1790774003.792424,1790774003.803892
10000974,100221,1790774003.818886,1790774004.013672
10000975,100221,1790774003.843012,1790774004.014126
10000976,100221,1790774003.869056,1790774004.013868
10000977,100221,1790774003.893001,1790774004.013878
10000978,100221,1790774003.919199,1790774004.013946
10000979,100221,1790774003.943009,1790774004.013734
10000980,100221,1790774003.968189,1790774004.013746
10000981,100221,1790774003.992906,1790774004.014001
10000982,100221,1790774004.019351,1790774004.224431
10000983,100221,1790774004.042661,1790774004.224911
10000984,100221,1790774004.068650,1790774004.224623
10000985,100221,1790774004.092975,1790774004.224635
10000986,100221,1790774004.117962,1790774004.224717
10000987,100221,1790774004.142822,1790774004.224487
10000988,100221,1790774004.168903,1790774004.224727
10000989,100221,1790774004.192688,1790774004.224790
10000990,100221,1790774004.220194,1790774004.434207
10000991,100221,1790774004.242849,1790774004.434338
10000992,100221,1790774004.266531,1790774004.434158
10000993,100221,1790774004.292430,1790774004.434166
10000994,100221,1790774004.317111,1790774004.434215
10000995,100221,1790774004.341968,1790774004.434051
10000996,100221,1790774004.367136,1790774004.434221
10000997,100221,1790774004.392705,1790774004.434259
10000998,100221,1790774004.417598,1790774004.434265
10000999,100221,1790774004.444650,1790774004.642557
10001000,100221,1790774004.466566,1790774004.642227
10001001,100221,1790774004.492497,1790774004.642247
10001002,100221,1790774004.517593,1790774004.642323
10001003,100221,1790774004.542533,1790774004.642047
10001004,100221,1790774004.568179,1790774004.642401
10001005,100221,1790774004.592081,1790774004.642416
10001006,100221,1790774004.617565,1790774004.642426
10001007,100221,1790774004.642604,1790774004.853149
10001008,100221,1790774004.667875,1790774004.853161
10001009,100221,1790774004.692055,1790774004.852977
10001010,100221,1790774004.717707,1790774004.853171
10001011,100221,1790774004.742212,1790774004.852805
10001012,100221,1790774004.768089,1790774004.853181
10001013,100221,1790774004.793025,1790774004.852992
10001014,100221,1790774004.823195,1790774004.853003
10001015,100221,1790774004.842563,1790774004.853012
10001016,100221,1790774004.869600,1790774005.062912
10001017,100221,1790774004.892758,1790774005.062923
10001018,100221,1790774004.920665,1790774005.063111
10001019,100221,1790774004.943116,1790774005.062688
10001020,100221,1790774004.968789,1790774005.062930
10001021,100221,1790774004.992538,1790774005.062936
10001022,100221,1790774005.018991,1790774005.062942
10001023,100221,1790774005.042279,1790774005.062947
10001024,100221,1790774005.068389,1790774005.277481
10001025,100221,1790774005.092970,1790774005.277498
10001026,100221,1790774005.117838,1790774005.277689
10001027,100221,1790774005.142927,1790774005.277276
10001028,100221,1790774005.166980,1790774005.277509
10001029,100221,1790774005.192078,1790774005.277519
10001030,100221,1790774005.217125,1790774005.277530
10001031,100221,1790774005.242522,1790774005.277540
10001032,100221,1790774005.267659,1790774005.486860
10001033,100221,1790774005.295651,1790774005.486544
10001034,100221,1790774005.321192,1790774005.486703
10001035,100221,1790774005.342822,1790774005.486350
10001036,100221,1790774005.367526,1790774005.486558
10001037,100221,1790774005.398441,1790774005.486569
10001038,100221,1790774005.420512,1790774005.486579
10001039,100221,1790774005.442387,1790774005.486872
10001040,100221,1790774005.467556,1790774005.486882
10001041,100221,1790774005.493670,1790774005.694897
10001042,100221,1790774005.532452,1790774005.695064
10001043,100221,1790774005.547150,1790774005.694727
10001044,100221,1790774005.567618,1790774005.694994
10001045,100221,1790774005.600806,1790774005.694912
10001046,100221,1790774005.620999,1790774005.694922
10001047,100221,1790774005.643020,1790774005.695230
10001048,100221,1790774005.667514,1790774005.695251
10001049,100221,1790774005.692444,1790774005.902505
10001050,100221,1790774005.716689,1790774005.902609
10001051,100221,1790774005.742671,1790774005.902398
10001052,100221,1790774005.766647,1790774005.902568
10001053,100221,1790774005.793267,1790774005.902514
10001054,100221,1790774005.816567,1790774005.902521
10001055,100221,1790774005.844837,1790774005.902698
10001056,100221,1790774005.867561,1790774005.902705
10001057,100221,1790774005.893973,1790774005.902526
10001058,100221,1790774005.918391,1790774006.118794
10001059,100221,1790774005.943098,1790774006.118623
10001060,100221,1790774005.966606,1790774006.118764
10001061,100221,1790774005.992920,1790774006.118718
10001062,100221,1790774006.018911,1790774006.118729
10001063,100221,1790774006.043336,1790774006.118861
10001064,100221,1790774006.072620,1790774006.118870
10001065,100221,1790774006.107260,1790774006.331601
10001066,100221,1790774006.128299,1790774006.331673
10001067,100221,1790774006.142286,1790774006.331513
10001068,100221,1790774006.169141,1790774006.331614
10001069,100221,1790774006.193440,1790774006.331624
10001070,100221,1790774006.217440,1790774006.331751
10001071,100221,1790774006.243139,1790774006.331732
10001072,100221,1790774006.290455,1790774006.331741
10001073,100221,1790774006.296547,1790774006.331760
10001074,100221,1790774006.319005,1790774006.331770
10001075,100221,1790774006.346258,1790774006.541727
10001076,100221,1790774006.367780,1790774006.542221
10001077,100221,1790774006.392453,1790774006.541886
10001078,100221,1790774006.419283,1790774006.542231
10001079,100221,1790774006.443441,1790774006.541966
10001080,100221,1790774006.467189,1790774006.542183
10001081,100221,1790774006.492361,1790774006.542240
10001082,100221,1790774006.517442,1790774006.542250
10001083,100221,1790774006.542784,1790774006.752919
10001084,100221,1790774006.568112,1790774006.752879
10001085,100221,1790774006.592086,1790774006.752538
10001086,100221,1790774006.616769,1790774006.752889
10001087,100221,1790774006.643363,1790774006.752650
10001088,100221,1790774006.667932,1790774006.752861
10001089,100221,1790774006.693092,1790774006.752897
10001090,100221,1790774006.719836,1790774006.752909
10001091,100221,1790774006.743001,1790774006.963006
10001092,100221,1790774006.769832,1790774006.962726
10001093,100221,1790774006.800309,1790774006.962345
10001094,100221,1790774006.820234,1790774006.962971
10001095,100221,1790774006.842313,1790774006.962467
10001096,100221,1790774006.871397,1790774006.963023
10001097,100221,1790774006.893235,1790774006.962985
10001098,100221,1790774006.918970,1790774006.962996
10001099,100221,1790774006.942834,1790774006.963014
10001100,100221,1790774006.968867,1790774007.176932
10001101,100221,1790774006.992572,1790774007.176584
10001102,100221,1790774007.018697,1790774007.176944
10001103,100221,1790774007.042690,1790774007.176695
10001104,100221,1790774007.067885,1790774007.176990
10001105,100221,1790774007.100019,1790774007.176954
10001106,100221,1790774007.117735,1790774007.176967
10001107,100221,1790774007.142883,1790774007.176979
10001108,100221,1790774007.168951,1790774007.385412
10001109,100221,1790774007.194190,1790774007.384974
10001110,100221,1790774007.218517,1790774007.385387
10001111,100221,1790774007.243342,1790774007.385099
10001112,100221,1790774007.268522,1790774007.385474
10001113,100221,1790774007.292348,1790774007.385424
10001114,100221,1790774007.317381,1790774007.385448
10001115,100221,1790774007.342608,1790774007.385462
10001116,100221,1790774007.366827,1790774007.385433
10001117,100221,1790774007.393267,1790774007.598110
10001118,100221,1790774007.416982,1790774007.598484
10001119,100221,1790774007.441948,1790774007.598226
10001120,100221,1790774007.467565,1790774007.598746
10001121,100221,1790774007.492609,1790774007.598510
10001122,100221,1790774007.517126,1790774007.598717
10001123,100221,1790774007.542162,1790774007.598732
10001124,100221,1790774007.567640,1790774007.598699
10001125,100221,1790774007.599174,1790774007.809465
10001126,100221,1790774007.618890,1790774007.809369
10001127,100221,1790774007.642808,1790774007.809058
10001128,100221,1790774007.667516,1790774007.809455
10001129,100221,1790774007.691921,1790774007.809403
10001130,100221,1790774007.717533,1790774007.809428
10001131,100221,1790774007.742285,1790774007.809442
10001132,100221,1790774007.768052,1790774007.809413
10001133,100221,1790774007.793964,1790774007.809474
10001134,100221,1790774007.818610,1790774008.021755
10001135,100221,1790774007.842544,1790774008.021200
10001136,100221,1790774007.867522,1790774008.022090
10001137,100221,1790774007.893793,1790774008.022025
10001138,100221,1790774007.917414,1790774008.022058
10001139,100221,1790774007.942086,1790774008.022074
10001140,100221,1790774007.968840,1790774008.022041
10001141,100221,1790774007.993034,1790774008.022102
10001142,100221,1790774008.017842,1790774008.231431
10001143,100221,1790774008.044747,1790774008.231248
10001144,100221,1790774008.070752,1790774008.231488
10001145,100221,1790774008.093022,1790774008.231455
10001146,100221,1790774008.117064,1790774008.231470
10001147,100221,1790774008.142620,1790774008.231480
10001148,100221,1790774008.178794,1790774008.231461
10001149,100221,1790774008.192125,1790774008.231495
10001150,100221,1790774008.217505,1790774008.231440
10001151,100221,1790774008.242182,1790774008.439590
10001152,100221,1790774008.268726,1790774008.440071
10001153,100221,1790774008.292171,1790774008.439881
10001154,100221,1790774008.318901,1790774008.440050
10001155,100221,1790774008.342290,1790774008.440062
10001156,100221,1790774008.368401,1790774008.440029
10001157,100221,1790774008.393517,1790774008.440080
10001158,100221,1790774008.420497,1790774008.439858
10001159,100221,1790774008.442443,1790774008.651022
10001160,100221,1790774008.474589,1790774008.650997
10001161,100221,1790774008.494406,1790774008.650942
10001162,100221,1790774008.520275,1790774008.650962
10001163,100221,1790774008.542560,1790774008.650980
10001164,100221,1790774008.567255,1790774008.651033
10001165,100221,1790774008.592148,1790774008.651011
10001166,100221,1790774008.617583,1790774008.650867
10001167,100221,1790774008.641914,1790774008.859380
10001168,100221,1790774008.666738,1790774008.859364
10001169,100221,1790774008.692581,1790774008.859330
10001170,100221,1790774008.718015,1790774008.859343
10001171,100221,1790774008.741964,1790774008.859354
10001172,100221,1790774008.767018,1790774008.859392
10001173,100221,1790774008.791818,1790774008.859373
10001174,100221,1790774008.817053,1790774008.859279
10001175,100221,1790774008.842235,1790774008.859385
10001176,100221,1790774008.866659,1790774009.069279
10001177,100221,1790774008.892248,1790774009.069254
10001178,100221,1790774008.917612,1790774009.069026
10001179,100221,1790774008.942503,1790774009.069270
10001180,100221,1790774008.967469,1790774009.069435
10001181,100221,1790774008.992053,1790774009.069288
10001182,100221,1790774009.016658,1790774009.069236
10001183,100221,1790774009.042297,1790774009.069295
10001184,100221,1790774009.066981,1790774009.277386
10001185,100221,1790774009.092172,1790774009.277287
10001186,100221,1790774009.118928,1790774009.277057
10001187,100221,1790774009.142351,1790774009.277368
10001188,100221,1790774009.166561,1790774009.277426
10001189,100221,1790774009.192093,1790774009.277409
10001190,100221,1790774009.216887,1790774009.277267
10001191,100221,1790774009.242300,1790774009.277419
10001192,100221,1790774009.266680,1790774009.277395
10001193,100221,1790774009.291830,1790774009.485840
10001194,100221,1790774009.317004,1790774009.485890
10001195,100221,1790774009.342639,1790774009.485902
10001196,100221,1790774009.368338,1790774009.485937
10001197,100221,1790774009.393166,1790774009.485922
10001198,100221,1790774009.417686,1790774009.485877
10001199,100221,1790774009.442320,1790774009.485930
10001200,100221,1790774009.466774,1790774009.485913
10001201,100221,1790774009.492221,1790774009.694336
10001202,100221,1790774009.517044,1790774009.694384
10001203,100221,1790774009.542840,1790774009.694396
10001204,100221,1790774009.568342,1790774009.694433
10001205,100221,1790774009.592245,1790774009.694417
10001206,100221,1790774009.617536,1790774009.694370
10001207,100221,1790774009.641890,1790774009.694425
10001208,100221,1790774009.670155,1790774009.694407
10001209,100221,1790774009.691515,1790774009.902591
10001210,100221,1790774009.717484,1790774009.902655
10001211,100221,1790774009.742555,1790774009.902669
10001212,100221,1790774009.767406,1790774009.902715
10001213,100221,1790774009.792113,1790774009.902695
10001214,100221,1790774009.816789,1790774009.902633
10001215,100221,1790774009.842637,1790774009.902705
10001216,100221,1790774009.868892,1790774009.902683
10001217,100221,1790774009.892127,1790774009.902641
10001218,100221,1790774009.917286,1790774010.111174
10001219,100221,1790774009.941856,1790774010.111561
10001220,100221,1790774009.966856,1790774010.111621
10001221,100221,1790774009.991688,1790774010.111595
10001222,100221,1790774010.032485,1790774010.111512
10001223,100221,1790774010.047354,1790774010.111608
10001224,100221,1790774010.078095,1790774010.111580
10001225,100221,1790774010.092726,1790774010.111532
10001226,100221,1790774010.118880,1790774010.322040
10001227,100221,1790774010.142537,1790774010.322352
10001228,100221,1790774010.167906,1790774010.322392
10001229,100221,1790774010.192249,1790774010.322374
10001230,100221,1790774010.217666,1790774010.322322
10001231,100221,1790774010.242290,1790774010.322383
10001232,100221,1790774010.267035,1790774010.322364
10001233,100221,1790774010.292711,1790774010.322333
10001234,100221,1790774010.317009,1790774010.529798
10001235,100221,1790774010.345054,1790774010.529746
10001236,100221,1790774010.368470,1790774010.529791
10001237,100221,1790774010.395731,1790774010.529771
10001238,100221,1790774010.418723,1790774010.529681
10001239,100221,1790774010.442281,1790774010.529781
10001240,100221,1790774010.467148,1790774010.529760
10001241,100221,1790774010.492665,1790774010.529724
10001242,100221,1790774010.517255,1790774010.529803
10001243,100221,1790774010.542361,1790774010.744226
10001244,100221,1790774010.567585,1790774010.744299
10001245,100221,1790774010.592713,1790774010.744268
10001246,100221,1790774010.617868,1790774010.744147
10001247,100221,1790774010.642320,1790774010.744284
10001248,100221,1790774010.669713,1790774010.744248
10001249,100221,1790774010.691987,1790774010.744192
10001250,100221,1790774010.716628,1790774010.744310
10001251,100221,1790774010.748829,1790774010.955711
10001252,100221,1790774010.767376,1790774010.955764
10001253,100221,1790774010.806210,1790774010.955744
10001254,100221,1790774010.817527,1790774010.955653
10001255,100221,1790774010.842581,1790774010.955754
10001256,100221,1790774010.867147,1790774010.955731
10001257,100221,1790774010.892083,1790774010.955689
10001258,100221,1790774010.918994,1790774010.955772
10001259,100221,1790774010.942282,1790774010.955717
10001260,100221,1790774010.966998,1790774011.164804
10001261,100221,1790774010.992771,1790774011.164769
10001262,100221,1790774011.017107,1790774011.164627
10001263,100221,1790774011.041995,1790774011.164788
10001264,100221,1790774011.068206,1790774011.164749
10001265,100221,1790774011.092497,1790774011.164685
10001266,100221,1790774011.116979,1790774011.164818
10001267,100221,1790774011.142555,1790774011.164722
10001268,100221,1790774011.167268,1790774011.389267
10001269,100221,1790774011.192807,1790774011.389230
10001270,100221,1790774011.216730,1790774011.389082
10001271,100221,1790774011.241798,1790774011.389249
10001272,100221,1790774011.266784,1790774011.389210
10001273,100221,1790774011.292390,1790774011.389151
10001274,100221,1790774011.316806,1790774011.389281
10001275,100221,1790774011.342167,1790774011.389187
10001276,100221,1790774011.366762,1790774011.601384
10001277,100221,1790774011.394757,1790774011.601352
10001278,100221,1790774011.417257,1790774011.601252
10001279,100221,1790774011.450457,1790774011.601372
10001280,100221,1790774011.468415,1790774011.601339
10001281,100221,1790774011.492913,1790774011.601295
10001282,100221,1790774011.518246,1790774011.601403
10001283,100221,1790774011.542193,1790774011.601325
10001284,100221,1790774011.567210,1790774011.601392
10001285,100221,1790774011.592653,1790774011.601360
10001286,100221,1790774011.619700,1790774011.809882
10001287,100221,1790774011.642064,1790774011.810031
10001288,100221,1790774011.670913,1790774011.809990
10001289,100221,1790774011.692958,1790774011.809933
10001290,100221,1790774011.716811,1790774011.810063
10001291,100221,1790774011.742761,1790774011.809968
10001292,100221,1790774011.772250,1790774011.810050
10001293,100221,1790774011.792968,1790774011.810012
10001294,100221,1790774011.820087,1790774012.026020
10001295,100221,1790774011.842707,1790774012.026200
10001296,100221,1790774011.868616,1790774012.026154
10001297,100221,1790774011.892331,1790774012.026085
10001298,100221,1790774011.918167,1790774012.026238
10001299,100221,1790774011.942641,1790774012.026127
10001300,100221,1790774011.968685,1790774012.026221
10001301,100221,1790774012.000106,1790774012.026178
10001302,100221,1790774012.027059,1790774012.236171
10001303,100221,1790774012.051598,1790774012.236355
10001304,100221,1790774012.068144,1790774012.236304
10001305,100221,1790774012.092689,1790774012.236224
10001306,100221,1790774012.118257,1790774012.236396
10001307,100221,1790774012.143160,1790774012.236276
10001308,100221,1790774012.169207,1790774012.236379
10001309,100221,1790774012.193021,1790774012.236331
10001310,100221,1790774012.218076,1790774012.236236
10001311,100221,1790774012.242832,1790774012.443913
10001312,100221,1790774012.267908,1790774012.443869
10001313,100221,1790774012.293095,1790774012.443783
10001314,100221,1790774012.318058,1790774012.443938
10001315,100221,1790774012.341949,1790774012.443851
10001316,100221,1790774012.366344,1790774012.443927
10001317,100221,1790774012.392515,1790774012.443898
10001318,100221,1790774012.417166,1790774012.443823
10001319,100221,1790774012.442007,1790774012.663923
10001320,100221,1790774012.467627,1790774012.663872
10001321,100221,1790774012.495131,1790774012.663729
10001322,100221,1790774012.520247,1790774012.663814
10001323,100221,1790774012.542599,1790774012.663843
10001324,100221,1790774012.568929,1790774012.663958
10001325,100221,1790774012.598448,1790774012.663899
10001326,100221,1790774012.616468,1790774012.663792
10001327,100221,1790774012.642983,1790774012.663933
10001328,100221,1790774012.678918,1790774012.878085
10001329,100221,1790774012.701200,1790774012.877958
10001330,100221,1790774012.730270,1790774012.878033
10001331,100221,1790774012.752825,1790774012.878060
10001332,100221,1790774012.767559,1790774012.878151
10001333,100221,1790774012.792880,1790774012.878109
10001334,100221,1790774012.817819,1790774012.878013
10001335,100221,1790774012.851892,1790774012.878130
10001336,100221,1790774012.868519,1790774013.086096
10001337,100221,1790774012.892951,1790774013.085967
10001338,100221,1790774012.918271,1790774013.086198
10001339,100221,1790774012.943130,1790774013.086065
10001340,100221,1790774012.970087,1790774013.086181
10001341,100221,1790774012.993197,1790774013.086135
10001342,100221,1790774013.017326,1790774013.086023
10001343,100221,1790774013.042711,1790774013.086159
10001344,100221,1790774013.068404,1790774013.086107
10001345,100221,1790774013.092974,1790774013.299280
10001346,100221,1790774013.117624,1790774013.299485
10001347,100221,1790774013.142451,1790774013.299371
10001348,100221,1790774013.168272,1790774013.299469
10001349,100221,1790774013.192997,1790774013.299425
10001350,100221,1790774013.217869,1790774013.299330
10001351,100221,1790774013.243039,1790774013.299447
10001352,100221,1790774013.269031,1790774013.299400
10001353,100221,1790774013.295699,1790774013.518709
10001354,100221,1790774013.319187,1790774013.518904
10001355,100221,1790774013.342635,1790774013.518759
10001356,100221,1790774013.367828,1790774013.518884
10001357,100221,1790774013.392356,1790774013.518831
10001358,100221,1790774013.418660,1790774013.518608
10001359,100221,1790774013.442868,1790774013.518858
10001360,100221,1790774013.478503,1790774013.518792
10001361,100221,1790774013.492240,1790774013.518802
10001362,100221,1790774013.529053,1790774013.731074
10001363,100221,1790774013.547880,1790774013.731161
10001364,100221,1790774013.568597,1790774013.731054
10001365,100221,1790774013.593144,1790774013.731150
10001366,100221,1790774013.618225,1790774013.731060
10001367,100221,1790774013.642405,1790774013.730982
10001368,100221,1790774013.668557,1790774013.731020
10001369,100221,1790774013.692572,1790774013.731112
10001370,100221,1790774013.716701,1790774013.731080
10001371,100221,1790774013.742632,1790774013.942741
10001372,100221,1790774013.767411,1790774013.942563
10001373,100221,1790774013.792357,1790774013.942720
10001374,100221,1790774013.818006,1790774013.942574
10001375,100221,1790774013.842349,1790774013.942447
10001376,100221,1790774013.867705,1790774013.942505
10001377,100221,1790774013.893884,1790774013.942655
10001378,100221,1790774013.918619,1790774013.942598
10001379,100221,1790774013.945192,1790774014.150948
10001380,100221,1790774013.968302,1790774014.150762
10001381,100221,1790774013.992845,1790774014.150929
10001382,100221,1790774014.018261,1790774014.150775
10001383,100221,1790774014.042713,1790774014.150452
10001384,100221,1790774014.068501,1790774014.150902
10001385,100221,1790774014.092994,1790774014.150856
10001386,100221,1790774014.118210,1790774014.150799
10001387,100221,1790774014.141862,1790774014.150957
10001388,100221,1790774014.168721,1790774014.359687
10001389,100221,1790774014.193201,1790774014.359857
10001390,100221,1790774014.218369,1790774014.359700
10001391,100221,1790774014.242504,1790774014.359585
10001392,100221,1790774014.269174,1790774014.359829
10001393,100221,1790774014.292853,1790774014.359784
10001394,100221,1790774014.318481,1790774014.359725
10001395,100221,1790774014.343325,1790774014.359879
10001396,100221,1790774014.367429,1790774014.569251
10001397,100221,1790774014.392824,1790774014.569490
10001398,100221,1790774014.417354,1790774014.569258
10001399,100221,1790774014.442661,1790774014.569185
10001400,100221,1790774014.468258,1790774014.569473
10001401,100221,1790774014.492673,1790774014.569442
10001402,100221,1790774014.517484,1790774014.569272
10001403,100221,1790774014.542391,1790774014.569503
10001404,100221,1790774014.567517,1790774014.777906
10001405,100221,1790774014.592874,1790774014.778165
10001406,100221,1790774014.617077,1790774014.777915
10001407,100221,1790774014.641872,1790774014.777838
10001408,100221,1790774014.667199,1790774014.778148
10001409,100221,1790774014.691703,1790774014.778121
10001410,100221,1790774014.717509,1790774014.777935
10001411,100221,1790774014.742028,1790774014.778179
10001412,100221,1790774014.766841,1790774014.777920
10001413,100221,1790774014.792085,1790774014.984882
10001414,100221,1790774014.816790,1790774014.984770
10001415,100221,1790774014.842591,1790774014.984706
10001416,100221,1790774014.866638,1790774014.984864
10001417,100221,1790774014.892551,1790774014.984836
10001418,100221,1790774014.917267,1790774014.984802
10001419,100221,1790774014.941701,1790774014.984897
10001420,100221,1790774014.967284,1790774014.984777
10001421,100221,1790774014.991200,1790774015.193136
10001422,100221,1790774015.021894,1790774015.192943
10001423,100221,1790774015.044439,1790774015.192836
10001424,100221,1790774015.068501,1790774015.193101
10001425,100221,1790774015.093206,1790774015.193046
10001426,100221,1790774015.116980,1790774015.192958
10001427,100221,1790774015.141871,1790774015.193164
10001428,100221,1790774015.166761,1790774015.192968
10001429,100221,1790774015.192231,1790774015.412501
10001430,100221,1790774015.216974,1790774015.412319
10001431,100221,1790774015.242441,1790774015.412204
10001432,100221,1790774015.267727,1790774015.412475
10001433,100221,1790774015.292548,1790774015.412425
10001434,100221,1790774015.318691,1790774015.412333
10001435,100221,1790774015.342607,1790774015.412525
10001436,100221,1790774015.367865,1790774015.412343
10001437,100221,1790774015.406014,1790774015.623168
10001438,100221,1790774015.420094,1790774015.623044
10001439,100221,1790774015.442290,1790774015.622953
10001440,100221,1790774015.467472,1790774015.623149
10001441,100221,1790774015.492049,1790774015.623120
10001442,100221,1790774015.516581,1790774015.623053
10001443,100221,1790774015.542111,1790774015.623188
10001444,100221,1790774015.566712,1790774015.623059
10001445,100221,1790774015.592430,1790774015.623173
10001446,100221,1790774015.616870,1790774015.832767
10001447,100221,1790774015.642709,1790774015.832697
10001448,100221,1790774015.666472,1790774015.832866
10001449,100221,1790774015.692201,1790774015.832836
10001450,100221,1790774015.716514,1790774015.832776
10001451,100221,1790774015.741949,1790774015.832900
10001452,100221,1790774015.767336,1790774015.832782
10001453,100221,1790774015.791886,1790774015.832885
10001454,100221,1790774015.819709,1790774015.832789
10001455,100221,1790774015.841866,1790774016.042046
10001456,100221,1790774015.871926,1790774016.042332
10001457,100221,1790774015.897581,1790774016.042261
10001458,100221,1790774015.947354,1790774016.042147
10001459,100221,1790774015.943354,1790774016.042404
10001460,100221,1790774015.971991,1790774016.042162
10001461,100221,1790774015.991980,1790774016.042372
10001462,100221,1790774016.017902,1790774016.042297
10001463,100221,1790774016.042557,1790774016.249636
10001464,100221,1790774016.068036,1790774016.249805
10001465,100221,1790774016.092109,1790774016.249774
10001466,100221,1790774016.116529,1790774016.249841
10001467,100221,1790774016.142278,1790774016.249718
10001468,100221,1790774016.168315,1790774016.249727
10001469,100221,1790774016.192297,1790774016.249826
10001470,100221,1790774016.216782,1790774016.249847
10001471,100221,1790774016.241700,1790774016.249675
10001472,100221,1790774016.267005,1790774016.458562
10001473,100221,1790774016.292554,1790774016.458530
10001474,100221,1790774016.317493,1790774016.458598
10001475,100221,1790774016.342404,1790774016.458604
10001476,100221,1790774016.368338,1790774016.458610
10001477,100221,1790774016.393223,1790774016.458582
10001478,100221,1790774016.416855,1790774016.458615
10001479,100221,1790774016.442259,1790774016.458420
10001480,100221,1790774016.469585,1790774016.679440
10001481,100221,1790774016.492439,1790774016.679385
10001482,100221,1790774016.517963,1790774016.679502
10001483,100221,1790774016.542862,1790774016.679516
10001484,100221,1790774016.567703,1790774016.679524
10001485,100221,1790774016.592003,1790774016.679475
10001486,100221,1790774016.618015,1790774016.679533
10001487,100221,1790774016.642434,1790774016.679191
10001488,100221,1790774016.685244,1790774016.893573
10001489,100221,1790774016.693694,1790774016.893532
10001490,100221,1790774016.716434,1790774016.893617
10001491,100221,1790774016.742409,1790774016.893626
10001492,100221,1790774016.767976,1790774016.893631
10001493,100221,1790774016.792215,1790774016.893600
10001494,100221,1790774016.816608,1790774016.893552
10001495,100221,1790774016.842311,1790774016.893406
10001496,100221,1790774016.867484,1790774016.893579
10001497,100221,1790774016.891932,1790774017.102818
10001498,100221,1790774016.917391,1790774017.102905
10001499,100221,1790774016.943683,1790774017.102915
10001500,100221,1790774016.967200,1790774017.102920
10001501,100221,1790774016.992085,1790774017.102888
10001502,100221,1790774017.031555,1790774017.102846
10001503,100221,1790774017.042785,1790774017.102705
10001504,100221,1790774017.067382,1790774017.102867
10001505,100221,1790774017.092741,1790774017.102826
10001506,100221,1790774017.117676,1790774017.312325
10001507,100221,1790774017.142225,1790774017.312393
10001508,100221,1790774017.167585,1790774017.312403
10001509,100221,1790774017.191372,1790774017.312297
10001510,100221,1790774017.217595,1790774017.312228
10001511,100221,1790774017.242248,1790774017.312014
10001512,100221,1790774017.267012,1790774017.312264
10001513,100221,1790774017.291789,1790774017.312196
10001514,100221,1790774017.319125,1790774017.521761
10001515,100221,1790774017.343453,1790774017.521772
10001516,100221,1790774017.370372,1790774017.521777
10001517,100221,1790774017.394241,1790774017.521743
10001518,100221,1790774017.416554,1790774017.521699
10001519,100221,1790774017.442933,1790774017.521565
10001520,100221,1790774017.466569,1790774017.521721
10001521,100221,1790774017.493524,1790774017.521678
10001522,100221,1790774017.517704,1790774017.729950
10001523,100221,1790774017.543283,1790774017.729981
10001524,100221,1790774017.566995,1790774017.729990
10001525,100221,1790774017.593201,1790774017.729917
10001526,100221,1790774017.617650,1790774017.729832
10001527,100221,1790774017.642111,1790774017.729592
10001528,100221,1790774017.667788,1790774017.729874
10001529,100221,1790774017.692386,1790774017.729792
10001530,100221,1790774017.717480,1790774017.729961
10001531,100221,1790774017.742406,1790774017.940124
10001532,100221,1790774017.767287,1790774017.940133
10001533,100221,1790774017.791836,1790774017.940065
10001534,100221,1790774017.818392,1790774017.939973
10001535,100221,1790774017.843796,1790774017.939737
10001536,100221,1790774017.867157,1790774017.940020
10001537,100221,1790774017.892719,1790774017.939932
10001538,100221,1790774017.918682,1790774017.940102
10001539,100221,1790774017.944575,1790774018.156526
10001540,100221,1790774017.967295,1790774018.156531
10001541,100221,1790774017.999360,1790774018.156494
10001542,100221,1790774018.017827,1790774018.156447
10001543,100221,1790774018.042779,1790774018.156301
10001544,100221,1790774018.066559,1790774018.156470
10001545,100221,1790774018.091991,1790774018.156423
10001546,100221,1790774018.118233,1790774018.156513
10001547,100221,1790774018.142369,1790774018.156537
10001548,100221,1790774018.166588,1790774018.367251
10001549,100221,1790774018.191763,1790774018.367195
10001550,100221,1790774018.216636,1790774018.367114
10001551,100221,1790774018.241993,1790774018.366836
10001552,100221,1790774018.267102,1790774018.366900
10001553,100221,1790774018.292161,1790774018.367066
10001554,100221,1790774018.318314,1790774018.367228
10001555,100221,1790774018.343979,1790774018.367260
10001556,100221,1790774018.368125,1790774018.577336
10001557,100221,1790774018.392487,1790774018.577253
10001558,100221,1790774018.420143,1790774018.577177
10001559,100221,1790774018.442126,1790774018.576924
10001560,100221,1790774018.471820,1790774018.576981
10001561,100221,1790774018.492038,1790774018.577138
10001562,100221,1790774018.531469,1790774018.577291
10001563,100221,1790774018.542990,1790774018.577348
10001564,100221,1790774018.567958,1790774018.785752
10001565,100221,1790774018.593259,1790774018.785687
10001566,100221,1790774018.618969,1790774018.785606
10001567,100221,1790774018.642858,1790774018.785350
10001568,100221,1790774018.667394,1790774018.785407
10001569,100221,1790774018.693069,1790774018.785565
10001570,100221,1790774018.718411,1790774018.785725
10001571,100221,1790774018.743087,1790774018.785763
10001572,100221,1790774018.767950,1790774018.785772
10001573,100221,1790774018.791582,1790774019.000197
10001574,100221,1790774018.818132,1790774019.000120
10001575,100221,1790774018.842737,1790774018.999875
10001576,100221,1790774018.867665,1790774018.999929
10001577,100221,1790774018.893350,1790774019.000080
10001578,100221,1790774018.918974,1790774019.000236
10001579,100221,1790774018.942958,1790774019.000266
10001580,100221,1790774018.970382,1790774019.000275
10001581,100221,1790774018.992475,1790774019.209854
10001582,100221,1790774019.018374,1790774019.209780
10001583,100221,1790774019.042480,1790774019.209528
10001584,100221,1790774019.068062,1790774019.209586
10001585,100221,1790774019.093453,1790774019.209742
10001586,100221,1790774019.120103,1790774019.209904
10001587,100221,1790774019.142658,1790774019.209936
10001588,100221,1790774019.169380,1790774019.209944
10001589,100221,1790774019.193015,1790774019.209865
10001590,100221,1790774019.218836,1790774019.423235
10001591,100221,1790774019.242829,1790774019.422969
10001592,100221,1790774019.268402,1790774019.423024
10001593,100221,1790774019.292781,1790774019.423191
10001594,100221,1790774019.317045,1790774019.423353
10001595,100221,1790774019.342558,1790774019.423387
10001596,100221,1790774019.366764,1790774019.423397
10001597,100221,1790774019.392480,1790774019.423311
10001598,100221,1790774019.417820,1790774019.632513
10001599,100221,1790774019.442285,1790774019.632287
10001600,100221,1790774019.468595,1790774019.632342
10001601,100221,1790774019.491792,1790774019.632475
10001602,100221,1790774019.522427,1790774019.632635
10001603,100221,1790774019.542339,1790774019.632665
10001604,100221,1790774019.566595,1790774019.632674
10001605,100221,1790774019.591990,1790774019.632597
10001606,100221,1790774019.617961,1790774019.632522
10001607,100221,1790774019.641524,1790774019.841497
10001608,100221,1790774019.666927,1790774019.841550
10001609,100221,1790774019.692453,1790774019.841702
10001610,100221,1790774019.718402,1790774019.841882
10001611,100221,1790774019.743170,1790774019.841919
10001612,100221,1790774019.768986,1790774019.841930
10001613,100221,1790774019.792377,1790774019.841835
10001614,100221,1790774019.817113,1790774019.841753
10001615,100221,1790774019.842049,1790774020.051884
10001616,100221,1790774019.867072,1790774020.051941
10001617,100221,1790774019.891634,1790774020.052299
10001618,100221,1790774019.916814,1790774020.052479
10001619,100221,1790774019.942260,1790774020.052519
10001620,100221,1790774019.972813,1790774020.052528
10001621,100221,1790774019.991813,1790774020.052435
10001622,100221,1790774020.018777,1790774020.052347
10001623,100221,1790774020.043195,1790774020.051953
10001624,100221,1790774020.067309,1790774020.261246
10001625,100221,1790774020.092881,1790774020.261467
10001626,100221,1790774020.117954,1790774020.261617
10001627,100221,1790774020.141648,1790774020.261652
10001628,100221,1790774020.166645,1790774020.261662
10001629,100221,1790774020.192092,1790774020.261579
10001630,100221,1790774020.220003,1790774020.261509
10001631,100221,1790774020.242389,1790774020.261318
10001632,100221,1790774020.266998,1790774020.471172
10001633,100221,1790774020.292385,1790774020.471115
10001634,100221,1790774020.316975,1790774020.471062
10001635,100221,1790774020.341539,1790774020.471245
10001636,100221,1790774020.366877,1790774020.471252
10001637,100221,1790774020.393158,1790774020.471199
10001638,100221,1790774020.417341,1790774020.471140
10001639,100221,1790774020.442826,1790774020.470800
10001640,100221,1790774020.467007,1790774020.679084
10001641,100221,1790774020.492529,1790774020.679016
10001642,100221,1790774020.516966,1790774020.678943
10001643,100221,1790774020.542288,1790774020.679167
10001644,100221,1790774020.566874,1790774020.678973
10001645,100221,1790774020.592336,1790774020.679117
10001646,100221,1790774020.616372,1790774020.679054
10001647,100221,1790774020.642179,1790774020.678817
10001648,100221,1790774020.666477,1790774020.679090
10001649,100221,1790774020.692204,1790774020.886689
10001650,100221,1790774020.717446,1790774020.886605
10001651,100221,1790774020.741776,1790774020.886877
10001652,100221,1790774020.766951,1790774020.886638
10001653,100221,1790774020.792850,1790774020.886811
10001654,100221,1790774020.818326,1790774020.886728
10001655,100221,1790774020.843245,1790774020.886476
10001656,100221,1790774020.868626,1790774020.886767
10001657,100221,1790774020.892932,1790774021.100265
10001658,100221,1790774020.918950,1790774021.100168
10001659,100221,1790774020.942860,1790774021.100461
10001660,100221,1790774020.966774,1790774021.100207
10001661,100221,1790774020.995579,1790774021.100381
10001662,100221,1790774021.024954,1790774021.100473
10001663,100221,1790774021.043619,1790774021.100002
10001664,100221,1790774021.077075,1790774021.100071
10001665,100221,1790774021.092849,1790774021.308148
10001666,100221,1790774021.118647,1790774021.308096
10001667,100221,1790774021.145105,1790774021.308263
10001668,100221,1790774021.167070,1790774021.308117
10001669,100221,1790774021.192040,1790774021.308221
10001670,100221,1790774021.216887,1790774021.308268
10001671,100221,1790774021.242381,1790774021.308005
10001672,100221,1790774021.266865,1790774021.308043
10001673,100221,1790774021.292251,1790774021.308154
10001674,100221,1790774021.316697,1790774021.518944
10001675,100221,1790774021.342128,1790774021.519183
10001676,100221,1790774021.366356,1790774021.518986
10001677,100221,1790774021.392522,1790774021.519125
10001678,100221,1790774021.417057,1790774021.519192
10001679,100221,1790774021.442208,1790774021.518729
10001680,100221,1790774021.466497,1790774021.519086
10001681,100221,1790774021.492479,1790774021.519030
10001682,100221,1790774021.520719,1790774021.728477
10001683,100221,1790774021.542266,1790774021.728531
10001684,100221,1790774021.570290,1790774021.728234
10001685,100221,1790774021.592001,1790774021.728433
10001686,100221,1790774021.618509,1790774021.728541
10001687,100221,1790774021.642931,1790774021.728064
10001688,100221,1790774021.669835,1790774021.728378
10001689,100221,1790774021.692544,1790774021.728297
10001690,100221,1790774021.717849,1790774021.728489
10001691,100221,1790774021.741895,1790774021.936766
10001692,100221,1790774021.766810,1790774021.936590
10001693,100221,1790774021.792096,1790774021.936717
10001694,100221,1790774021.820107,1790774021.936771
10001695,100221,1790774021.842668,1790774021.936493
10001696,100221,1790774021.866367,1790774021.936688
10001697,100221,1790774021.891659,1790774021.936631
10001698,100221,1790774021.917033,1790774021.936742
10001699,100221,1790774021.941197,1790774022.153985
10001700,100221,1790774021.973783,1790774022.153930
10001701,100221,1790774021.992989,1790774022.153976
10001702,100221,1790774022.023385,1790774022.153993
10001703,100221,1790774022.043643,1790774022.153881
10001704,100221,1790774022.067825,1790774022.153965
10001705,100221,1790774022.093083,1790774022.153955
10001706,100221,1790774022.150504,1790774022.370190
10001707,100221,1790774022.152886,1790774022.370208
10001708,100221,1790774022.180188,1790774022.370213
10001709,100221,1790774022.193114,1790774022.370218
10001710,100221,1790774022.217997,1790774022.370223
10001711,100221,1790774022.242256,1790774022.370087
10001712,100221,1790774022.274162,1790774022.370171
10001713,100221,1790774022.292268,1790774022.370150
10001714,100221,1790774022.317233,1790774022.370227
10001715,100221,1790774022.342706,1790774022.370196
10001716,100221,1790774022.367044,1790774022.578661
10001717,100221,1790774022.391620,1790774022.578719
10001718,100221,1790774022.417235,1790774022.578724
10001719,100221,1790774022.442672,1790774022.578456
10001720,100221,1790774022.467428,1790774022.578631
10001721,100221,1790774022.494247,1790774022.578584
10001722,100221,1790774022.517446,1790774022.578729
10001723,100221,1790774022.542538,1790774022.578691
10001724,100221,1790774022.567422,1790774022.578667
10001725,100221,1790774022.592676,1790774022.797931
10001726,100221,1790774022.617268,1790774022.797942
10001727,100221,1790774022.643037,1790774022.797420
10001728,100221,1790774022.666664,1790774022.797717
10001729,100221,1790774022.693244,1790774022.797635
10001730,100221,1790774022.716337,1790774022.797950
10001731,100221,1790774022.743484,1790774022.797883
10001732,100221,1790774022.772070,1790774022.797839
10001733,100221,1790774022.793904,1790774023.011312
10001734,100221,1790774022.819484,1790774023.011324
10001735,100221,1790774022.843841,1790774023.010857
10001736,100221,1790774022.868464,1790774023.011163
10001737,100221,1790774022.891807,1790774023.011085
10001738,100221,1790774022.916896,1790774023.011334
10001739,100221,1790774022.944772,1790774023.011255
10001740,100221,1790774022.968412,1790774023.011025
10001741,100221,1790774023.001163,1790774023.220087
10001742,100221,1790774023.029241,1790774023.220093
10001743,100221,1790774023.043142,1790774023.219818
10001744,100221,1790774023.069541,1790774023.220006
10001745,100221,1790774023.092604,1790774023.219960
10001746,100221,1790774023.118142,1790774023.220099
10001747,100221,1790774023.142969,1790774023.220056
10001748,100221,1790774023.170449,1790774023.219923
10001749,100221,1790774023.192830,1790774023.220104
10001750,100221,1790774023.216707,1790774023.429555
10001751,100221,1790774023.241912,1790774023.429144
10001752,100221,1790774023.266956,1790774023.429467
10001753,100221,1790774023.292107,1790774023.429285
10001754,100221,1790774023.318246,1790774023.429562
10001755,100221,1790774023.343961,1790774023.429522
10001756,100221,1790774023.367519,1790774023.429248
10001757,100221,1790774023.394326,1790774023.429568
10001758,100221,1790774023.418580,1790774023.429573
10001759,100221,1790774023.443829,1790774023.640722
10001760,100221,1790774023.476121,1790774023.640905
10001761,100221,1790774023.492220,1790774023.640855
10001762,100221,1790774023.517773,1790774023.640986
10001763,100221,1790774023.541622,1790774023.640953
10001764,100221,1790774023.566668,1790774023.640820
10001765,100221,1790774023.592037,1790774023.640992
10001766,100221,1790774023.616464,1790774023.640879
10001767,100221,1790774023.642258,1790774023.851319
10001768,100221,1790774023.666465,1790774023.851655
10001769,100221,1790774023.692005,1790774023.851557
10001770,100221,1790774023.716628,1790774023.851814
10001771,100221,1790774023.742352,1790774023.851752
10001772,100221,1790774023.767505,1790774023.851488
10001773,100221,1790774023.792217,1790774023.851823
10001774,100221,1790774023.817440,1790774023.851602
10001775,100221,1790774023.843149,1790774024.064586
10001776,100221,1790774023.868415,1790774024.065007
10001777,100221,1790774023.892371,1790774024.064903
10001778,100221,1790774023.920465,1790774024.065162
10001779,100221,1790774023.943130,1790774024.065097
10001780,100221,1790774023.967114,1790774024.064828
10001781,100221,1790774023.991914,1790774024.065174
10001782,100221,1790774024.018146,1790774024.064954
10001783,100221,1790774024.045129,1790774024.064674
10001784,100221,1790774024.072135,1790774024.275462
10001785,100221,1790774024.094407,1790774024.275409
10001786,100221,1790774024.117816,1790774024.275554
10001787,100221,1790774024.145047,1790774024.275519
10001788,100221,1790774024.169625,1790774024.275370
10001789,100221,1790774024.191981,1790774024.275560
10001790,100221,1790774024.218249,1790774024.275434
10001791,100221,1790774024.243385,1790774024.275268
10001792,100221,1790774024.266653,1790774024.275467
10001793,100221,1790774024.291603,1790774024.482325
10001794,100221,1790774024.317085,1790774024.482263
10001795,100221,1790774024.342501,1790774024.482458
10001796,100221,1790774024.366922,1790774024.482290
10001797,100221,1790774024.392173,1790774024.482494
10001798,100221,1790774024.416437,1790774024.482370
10001799,100221,1790774024.441722,1790774024.482184
10001800,100221,1790774024.470276,1790774024.482406
10001801,100221,1790774024.492414,1790774024.691280
10001802,100221,1790774024.517179,1790774024.691178
10001803,100221,1790774024.541955,1790774024.691444
10001804,100221,1790774024.566887,1790774024.691221
10001805,100221,1790774024.591316,1790774024.691510
10001806,100221,1790774024.616180,1790774024.691324
10001807,100221,1790774024.641778,1790774024.691037
10001808,100221,1790774024.667050,1790774024.691087
10001809,100221,1790774024.691465,1790774024.898825
10001810,100221,1790774024.718210,1790774024.898772
10001811,100221,1790774024.741530,1790774024.898928
10001812,100221,1790774024.766553,1790774024.898902
10001813,100221,1790774024.791914,1790774024.898963
10001814,100221,1790774024.816832,1790774024.898850
10001815,100221,1790774024.842327,1790774024.898669
10001816,100221,1790774024.867148,1790774024.898712
10001817,100221,1790774024.891721,1790774025.108685
10001818,100221,1790774024.916828,1790774025.108602
10001819,100221,1790774024.942933,1790774025.108846
10001820,100221,1790774024.967040,1790774025.108802
10001821,100221,1790774024.992408,1790774025.108898
10001822,100221,1790774025.023857,1790774025.108723
10001823,100221,1790774025.048996,1790774025.108355
10001824,100221,1790774025.069872,1790774025.108415
10001825,100221,1790774025.103731,1790774025.321790
10001826,100221,1790774025.122976,1790774025.321733
10001827,100221,1790774025.143615,1790774025.321908
10001828,100221,1790774025.171971,1790774025.321879
10001829,100221,1790774025.192770,1790774025.321947
10001830,100221,1790774025.226125,1790774025.321824
10001831,100221,1790774025.246470,1790774025.321630
10001832,100221,1790774025.277194,1790774025.321675
10001833,100221,1790774025.293373,1790774025.321796
10001834,100221,1790774025.318918,1790774025.531197
10001835,100221,1790774025.344216,1790774025.531034
10001836,100221,1790774025.368229,1790774025.531005
10001837,100221,1790774025.395169,1790774025.531203
10001838,100221,1790774025.417786,1790774025.531208
10001839,100221,1790774025.444375,1790774025.530777
10001840,100221,1790774025.466607,1790774025.530818
10001841,100221,1790774025.493244,1790774025.530926
10001842,100221,1790774025.516659,1790774025.531213
10001843,100221,1790774025.542733,1790774025.741916
10001844,100221,1790774025.568354,1790774025.741887
10001845,100221,1790774025.593584,1790774025.741953
10001846,100221,1790774025.619119,1790774025.741833
10001847,100221,1790774025.642577,1790774025.741659
10001848,100221,1790774025.666565,1790774025.741703
10001849,100221,1790774025.693252,1790774025.741805
10001850,100221,1790774025.717445,1790774025.741958
10001851,100221,1790774025.742895,1790774025.950937
10001852,100221,1790774025.768225,1790774025.950907
10001853,100221,1790774025.793677,1790774025.950982
10001854,100221,1790774025.818280,1790774025.950851
10001855,100221,1790774025.841876,1790774025.950678
10001856,100221,1790774025.867323,1790774025.950714
10001857,100221,1790774025.893630,1790774025.950822
10001858,100221,1790774025.916795,1790774025.950988
10001859,100221,1790774025.942323,1790774025.950942
10001860,100221,1790774025.975542,1790774026.159296
10001861,100221,1790774025.994150,1790774026.159363
10001862,100221,1790774026.019586,1790774026.159240
10001863,100221,1790774026.043901,1790774026.158939
10001864,100221,1790774026.074657,1790774026.158977
10001865,100221,1790774026.092695,1790774026.159080
10001866,100221,1790774026.117611,1790774026.159370
10001867,100221,1790774026.144652,1790774026.159325
10001868,100221,1790774026.167114,1790774026.372722
10001869,100221,1790774026.191589,1790774026.372850
10001870,100221,1790774026.217655,1790774026.372622
10001871,100221,1790774026.242860,1790774026.372307
10001872,100221,1790774026.269145,1790774026.372874
10001873,100221,1790774026.292173,1790774026.372568
10001874,100221,1790774026.318048,1790774026.372862
10001875,100221,1790774026.342821,1790774026.372779
10001876,100221,1790774026.369790,1790774026.582246
10001877,100221,1790774026.393009,1790774026.582325
10001878,100221,1790774026.417884,1790774026.582188
10001879,100221,1790774026.442181,1790774026.582483
10001880,100221,1790774026.469283,1790774026.582489
10001881,100221,1790774026.492286,1790774026.582128
10001882,100221,1790774026.517853,1790774026.582333
10001883,100221,1790774026.542604,1790774026.582285
10001884,100221,1790774026.568740,1790774026.582253
10001885,100221,1790774026.592411,1790774026.790095
10001886,100221,1790774026.617203,1790774026.789968
10001887,100221,1790774026.642321,1790774026.790111
10001888,100221,1790774026.667157,1790774026.790116
10001889,100221,1790774026.691952,1790774026.789906
10001890,100221,1790774026.717119,1790774026.790102
10001891,100221,1790774026.741831,1790774026.790056
10001892,100221,1790774026.767280,1790774026.790025
10001893,100221,1790774026.793486,1790774027.000842
10001894,100221,1790774026.817208,1790774027.000693
10001895,100221,1790774026.842016,1790774027.000830
10001896,100221,1790774026.867005,1790774027.000835
10001897,100221,1790774026.891885,1790774027.000615
10001898,100221,1790774026.917542,1790774027.000847
10001899,100221,1790774026.942067,1790774027.000787
10001900,100221,1790774026.966596,1790774027.000754
10001901,100221,1790774026.991901,1790774027.000852
10001902,100221,1790774027.016472,1790774027.209845
10001903,100221,1790774027.042302,1790774027.209829
10001904,100221,1790774027.066481,1790774027.209837
10001905,100221,1790774027.092279,1790774027.209446
10001906,100221,1790774027.116508,1790774027.209850
10001907,100221,1790774027.141638,1790774027.209596
10001908,100221,1790774027.172197,1790774027.209563
10001909,100221,1790774027.192344,1790774027.209856
10001910,100221,1790774027.218419,1790774027.418367
10001911,100221,1790774027.241890,1790774027.418345
10001912,100221,1790774027.268333,1790774027.418125
10001913,100221,1790774027.292255,1790774027.417984
10001914,100221,1790774027.324998,1790774027.418377
10001915,100221,1790774027.341755,1790774027.418257
10001916,100221,1790774027.366764,1790774027.418193
10001917,100221,1790774027.391113,1790774027.418395
10001918,100221,1790774027.417405,1790774027.627309
10001919,100221,1790774027.442449,1790774027.627295
10001920,100221,1790774027.468840,1790774027.627102
10001921,100221,1790774027.492367,1790774027.626960
10001922,100221,1790774027.518323,1790774027.627319
10001923,100221,1790774027.542729,1790774027.627218
10001924,100221,1790774027.567270,1790774027.627163
10001925,100221,1790774027.592779,1790774027.627328
10001926,100221,1790774027.618153,1790774027.835233
10001927,100221,1790774027.642846,1790774027.835389
10001928,100221,1790774027.667301,1790774027.835275
10001929,100221,1790774027.691891,1790774027.835169
10001930,100221,1790774027.717924,1790774027.835400
10001931,100221,1790774027.742044,1790774027.835343
10001932,100221,1790774027.767480,1790774027.835310
10001933,100221,1790774027.792726,1790774027.835406
10001934,100221,1790774027.818792,1790774027.835243
10001935,100221,1790774027.843574,1790774028.046873
10001936,100221,1790774027.866355,1790774028.046675
10001937,100221,1790774027.891755,1790774028.046510
10001938,100221,1790774027.917928,1790774028.046893
10001939,100221,1790774027.941699,1790774028.046791
10001940,100221,1790774027.967183,1790774028.046735
10001941,100221,1790774027.991701,1790774028.046902
10001942,100221,1790774028.022899,1790774028.046611
10001943,100221,1790774028.042371,1790774028.257956
10001944,100221,1790774028.068084,1790774028.257729
10001945,100221,1790774028.092612,1790774028.258016
10001946,100221,1790774028.117996,1790774028.257989
10001947,100221,1790774028.142688,1790774028.257874
10001948,100221,1790774028.166901,1790774028.257507
10001949,100221,1790774028.192071,1790774028.257998
10001950,100221,1790774028.216828,1790774028.258006
10001951,100221,1790774028.241952,1790774028.257968
10001952,100221,1790774028.275816,1790774028.474707
10001953,100221,1790774028.292205,1790774028.474984
10001954,100221,1790774028.316742,1790774028.474951
10001955,100221,1790774028.342226,1790774028.474828
10001956,100221,1790774028.366677,1790774028.474533
10001957,100221,1790774028.392151,1790774028.474963
10001958,100221,1790774028.417435,1790774028.474973
10001959,100221,1790774028.444643,1790774028.474923
10001960,100221,1790774028.474433,1790774028.690370
10001961,100221,1790774028.493551,1790774028.690587
10001962,100221,1790774028.528521,1790774028.690569
10001963,100221,1790774028.560600,1790774028.690479
10001964,100221,1790774028.569207,1790774028.690127
10001965,100221,1790774028.594742,1790774028.690577
10001966,100221,1790774028.617038,1790774028.690315
10001967,100221,1790774028.642594,1790774028.690547
10001968,100221,1790774028.667380,1790774028.690381
10001969,100221,1790774028.692339,1790774028.903071
10001970,100221,1790774028.717068,1790774028.903058
10001971,100221,1790774028.742148,1790774028.902988
10001972,100221,1790774028.766633,1790774028.902739
10001973,100221,1790774028.797940,1790774028.903064
10001974,100221,1790774028.816672,1790774028.902871
10001975,100221,1790774028.842099,1790774028.903037
10001976,100221,1790774028.868140,1790774028.903043
10001977,100221,1790774028.892290,1790774028.903077
10001978,100221,1790774028.916855,1790774029.114076
10001979,100221,1790774028.942457,1790774029.113947
10001980,100221,1790774028.967330,1790774029.113627
10001981,100221,1790774028.992027,1790774029.114087
10001982,100221,1790774029.016833,1790774029.113787
10001983,100221,1790774029.042699,1790774029.114030
10001984,100221,1790774029.067237,1790774029.114042
10001985,100221,1790774029.092321,1790774029.114101
10001986,100221,1790774029.117529,1790774029.334602
10001987,100221,1790774029.141914,1790774029.334530
10001988,100221,1790774029.166681,1790774029.334330
10001989,100221,1790774029.191858,1790774029.334607
10001990,100221,1790774029.216819,1790774029.334435
10001991,100221,1790774029.242641,1790774029.334579
10001992,100221,1790774029.266779,1790774029.334586
10001993,100221,1790774029.292527,1790774029.334621
10001994,100221,1790774029.316947,1790774029.334613
10001995,100221,1790774029.342611,1790774029.544538
10001996,100221,1790774029.366719,1790774029.544196
10001997,100221,1790774029.392032,1790774029.544670
10001998,100221,1790774029.417888,1790774029.544373
10001999,100221,1790774029.441987,1790774029.544627
10002000,100221,1790774029.468109,1790774029.544639
10002001,100221,1790774029.492319,1790774029.544698
10002002,100221,1790774029.516489,1790774029.544681
10002003,100221,1790774029.541745,1790774029.754477
10002004,100221,1790774029.567926,1790774029.754271
10002005,100221,1790774029.591683,1790774029.754558
10002006,100221,1790774029.616615,1790774029.754382
10002007,100221,1790774029.641833,1790774029.754534
10002008,100221,1790774029.666796,1790774029.754540
10002009,100221,1790774029.691983,1790774029.754573
10002010,100221,1790774029.716836,1790774029.754564
10002011,100221,1790774029.742180,1790774029.754484
10002012,100221,1790774029.766280,1790774029.965153
10002013,100221,1790774029.791342,1790774029.965773
10002014,100221,1790774029.818689,1790774029.965475
10002015,100221,1790774029.842161,1790774029.965730
10002016,100221,1790774029.866147,1790774029.965742
10002017,100221,1790774029.892545,1790774029.965799
10002018,100221,1790774029.916461,1790774029.965783
10002019,100221,1790774029.941799,1790774029.965642
10002020,100221,1790774029.968141,1790774030.174677
10002021,100221,1790774029.991851,1790774030.174958
10002022,100221,1790774030.018160,1790774030.174787
10002023,100221,1790774030.042200,1790774030.174933
10002024,100221,1790774030.066469,1790774030.174938
10002025,100221,1790774030.092646,1790774030.174973
10002026,100221,1790774030.117425,1790774030.174963
10002027,100221,1790774030.141696,1790774030.174881
10002028,100221,1790774030.170321,1790774030.400094
10002029,100221,1790774030.192290,1790774030.400570
10002030,100221,1790774030.216948,1790774030.400279
10002031,100221,1790774030.242014,1790774030.400524
10002032,100221,1790774030.266858,1790774030.400536
10002033,100221,1790774030.292797,1790774030.400595
10002034,100221,1790774030.317378,1790774030.400580
10002035,100221,1790774030.342847,1790774030.400433
10002036,100221,1790774030.369447,1790774030.400152
10002037,100221,1790774030.401188,1790774030.623091
10002038,100221,1790774030.429145,1790774030.623101
10002039,100221,1790774030.447991,1790774030.623040
10002040,100221,1790774030.468403,1790774030.623053
10002041,100221,1790774030.492498,1790774030.623128
10002042,100221,1790774030.517637,1790774030.623110
10002043,100221,1790774030.542074,1790774030.622941
10002044,100221,1790774030.568365,1790774030.622559
10002045,100221,1790774030.592591,1790774030.622744
10002046,100221,1790774030.626665,1790774030.831146
10002047,100221,1790774030.642304,1790774030.831117
10002048,100221,1790774030.669094,1790774030.831123
10002049,100221,1790774030.692492,1790774030.831168
10002050,100221,1790774030.718058,1790774030.831152
10002051,100221,1790774030.741978,1790774030.831063
10002052,100221,1790774030.767942,1790774030.830864
10002053,100221,1790774030.792226,1790774030.830965
10002054,100221,1790774030.819310,1790774030.831157
10002055,100221,1790774030.842698,1790774031.040423
10002056,100221,1790774030.866314,1790774031.040438
10002057,100221,1790774030.892785,1790774031.040502
10002058,100221,1790774030.917839,1790774031.040475
10002059,100221,1790774030.942832,1790774031.040326
10002060,100221,1790774030.966457,1790774031.040034
10002061,100221,1790774030.991800,1790774031.040179
10002062,100221,1790774031.018308,1790774031.040484
10002063,100221,1790774031.041559,1790774031.248261
10002064,100221,1790774031.067112,1790774031.248275
10002065,100221,1790774031.092334,1790774031.248342
10002066,100221,1790774031.117490,1790774031.248313
10002067,100221,1790774031.142442,1790774031.248171
10002068,100221,1790774031.168239,1790774031.247873
10002069,100221,1790774031.192242,1790774031.248029
10002070,100221,1790774031.216125,1790774031.248323
10002071,100221,1790774031.243208,1790774031.460793
10002072,100221,1790774031.268329,1790774031.460811
10002073,100221,1790774031.295126,1790774031.460901
10002074,100221,1790774031.316453,1790774031.460874
10002075,100221,1790774031.343065,1790774031.460661
10002076,100221,1790774031.367979,1790774031.460283
10002077,100221,1790774031.392944,1790774031.460443
10002078,100221,1790774031.421047,1790774031.460883
10002079,100221,1790774031.442258,1790774031.460835
10002080,100221,1790774031.466730,1790774031.675453
10002081,100221,1790774031.492501,1790774031.675763
10002082,100221,1790774031.522187,1790774031.675731
10002083,100221,1790774031.542802,1790774031.675578
10002084,100221,1790774031.566489,1790774031.675229
10002085,100221,1790774031.591651,1790774031.675394
10002086,100221,1790774031.616801,1790774031.675740
10002087,100221,1790774031.641460,1790774031.675683
10002088,100221,1790774031.667178,1790774031.886400
10002089,100221,1790774031.691078,1790774031.886577
10002090,100221,1790774031.717348,1790774031.886559
10002091,100221,1790774031.742034,1790774031.886478
10002092,100221,1790774031.766690,1790774031.886264
10002093,100221,1790774031.792022,1790774031.886366
10002094,100221,1790774031.816874,1790774031.886565
10002095,100221,1790774031.841943,1790774031.886535
10002096,100221,1790774031.866693,1790774031.886407
10002097,100221,1790774031.891778,1790774032.093940
10002098,100221,1790774031.916895,1790774032.093905
10002099,100221,1790774031.942050,1790774032.093760
10002100,100221,1790774031.967477,1790774032.093453
10002101,100221,1790774031.991886,1790774032.093592
10002102,100221,1790774032.017700,1790774032.093916
10002103,100221,1790774032.042086,1790774032.093860
10002104,100221,1790774032.066263,1790774032.093643
10002105,100221,1790774032.091065,1790774032.302730
10002106,100221,1790774032.116111,1790774032.302712
10002107,100221,1790774032.141433,1790774032.302626
10002108,100221,1790774032.166179,1790774032.302420
10002109,100221,1790774032.192702,1790774032.302519
10002110,100221,1790774032.216220,1790774032.302717
10002111,100221,1790774032.242144,1790774032.302685
10002112,100221,1790774032.266368,1790774032.302554
10002113,100221,1790774032.292105,1790774032.302736
10002114,100221,1790774032.316507,1790774032.509722
10002115,100221,1790774032.341886,1790774032.509640
10002116,100221,1790774032.366720,1790774032.509438
10002117,100221,1790774032.391956,1790774032.509537
10002118,100221,1790774032.417482,1790774032.509727
10002119,100221,1790774032.442181,1790774032.509696
10002120,100221,1790774032.467227,1790774032.509572
10002121,100221,1790774032.492052,1790774032.509741
10002122,100221,1790774032.517150,1790774032.719476
10002123,100221,1790774032.542114,1790774032.719392
10002124,100221,1790774032.566777,1790774032.719188
10002125,100221,1790774032.591929,1790774032.719291
10002126,100221,1790774032.616457,1790774032.719481
10002127,100221,1790774032.655402,1790774032.719449
10002128,100221,1790774032.668296,1790774032.719325
10002129,100221,1790774032.692270,1790774032.719495
10002130,100221,1790774032.717774,1790774032.935622
10002131,100221,1790774032.750378,1790774032.935465
10002132,100221,1790774032.768311,1790774032.935107
10002133,100221,1790774032.792266,1790774032.935279
10002134,100221,1790774032.818019,1790774032.935632
10002135,100221,1790774032.842213,1790774032.935572
10002136,100221,1790774032.868416,1790774032.935338
10002137,100221,1790774032.892394,1790774032.935667
10002138,100221,1790774032.917609,1790774032.935641
10002139,100221,1790774032.942422,1790774033.150231
10002140,100221,1790774032.969503,1790774033.150023
10002141,100221,1790774032.992656,1790774033.150129
10002142,100221,1790774033.017735,1790774033.150316
10002143,100221,1790774033.043016,1790774033.150287
10002144,100221,1790774033.069857,1790774033.150163
10002145,100221,1790774033.103585,1790774033.150335
10002146,100221,1790774033.117589,1790774033.150321
10002147,100221,1790774033.143984,1790774033.358720
10002148,100221,1790774033.169236,1790774033.358400
10002149,100221,1790774033.192282,1790774033.358504
10002150,100221,1790774033.216192,1790774033.358694
10002151,100221,1790774033.244504,1790774033.358664
10002152,100221,1790774033.266635,1790774033.358540
10002153,100221,1790774033.293185,1790774033.358714
10002154,100221,1790774033.316087,1790774033.358699
10002155,100221,1790774033.342004,1790774033.358725
10002156,100221,1790774033.366061,1790774033.567822
10002157,100221,1790774033.392026,1790774033.567972
10002158,100221,1790774033.419004,1790774033.568238
10002159,100221,1790774033.442131,1790774033.568204
10002160,100221,1790774033.470500,1790774033.568033
10002161,100221,1790774033.492407,1790774033.568260
10002162,100221,1790774033.517909,1790774033.568244
10002163,100221,1790774033.542211,1790774033.568267
10002164,100221,1790774033.566857,1790774033.777862
10002165,100221,1790774033.591987,1790774033.778073
10002166,100221,1790774033.617055,1790774033.778405
10002167,100221,1790774033.642420,1790774033.778359
10002168,100221,1790774033.666932,1790774033.778138
10002169,100221,1790774033.692484,1790774033.778438
10002170,100221,1790774033.716598,1790774033.778415
10002171,100221,1790774033.742133,1790774033.778450
10002172,100221,1790774033.766817,1790774033.777924
10002173,100221,1790774033.791856,1790774033.986617
10002174,100221,1790774033.816906,1790774033.986808
10002175,100221,1790774033.841853,1790774033.986778
10002176,100221,1790774033.866205,1790774033.986660
10002177,100221,1790774033.891971,1790774033.986830
10002178,100221,1790774033.916446,1790774033.986814
10002179,100221,1790774033.941846,1790774033.986837
10002180,100221,1790774033.967123,1790774033.986516
10002181,100221,1790774033.991191,1790774034.196062
10002182,100221,1790774034.017031,1790774034.196246
10002183,100221,1790774034.041477,1790774034.196215
10002184,100221,1790774034.066355,1790774034.196097
10002185,100221,1790774034.091884,1790774034.196262
10002186,100221,1790774034.116408,1790774034.195925
10002187,100221,1790774034.141671,1790774034.196270
10002188,100221,1790774034.166580,1790774034.195989
10002189,100221,1790774034.191591,1790774034.404547
10002190,100221,1790774034.216594,1790774034.404714
10002191,100221,1790774034.241934,1790774034.404719
10002192,100221,1790774034.266491,1790774034.404590
10002193,100221,1790774034.291869,1790774034.404764
10002194,100221,1790774034.316789,1790774034.404404
10002195,100221,1790774034.342075,1790774034.404772
10002196,100221,1790774034.367479,1790774034.404470
10002197,100221,1790774034.391675,1790774034.404553
10002198,100221,1790774034.416647,1790774034.614737
10002199,100221,1790774034.442040,1790774034.614753
10002200,100221,1790774034.466361,1790774034.614530
10002201,100221,1790774034.492744,1790774034.614829
10002202,100221,1790774034.516662,1790774034.614226
10002203,100221,1790774034.541957,1790774034.614846
10002204,100221,1790774034.567551,1790774034.614337
10002205,100221,1790774034.591726,1790774034.614463
10002206,100221,1790774034.617914,1790774034.821863
10002207,100221,1790774034.642032,1790774034.821868
10002208,100221,1790774034.666532,1790774034.821743
10002209,100221,1790774034.691623,1790774034.821912
10002210,100221,1790774034.716344,1790774034.821534
10002211,100221,1790774034.741751,1790774034.821921
10002212,100221,1790774034.766501,1790774034.821614
10002213,100221,1790774034.792040,1790774034.821706
10002214,100221,1790774034.816897,1790774035.037126
10002215,100221,1790774034.841769,1790774035.037140
10002216,100221,1790774034.866917,1790774035.036904
10002217,100221,1790774034.892476,1790774035.037227
10002218,100221,1790774034.918789,1790774035.036560
10002219,100221,1790774034.942229,1790774035.037245
10002220,100221,1790774034.966146,1790774035.036679
10002221,100221,1790774034.992110,1790774035.036829
10002222,100221,1790774035.023504,1790774035.253290
10002223,100221,1790774035.043493,1790774035.253308
10002224,100221,1790774035.069132,1790774035.253035
10002225,100221,1790774035.092552,1790774035.253410
10002226,100221,1790774035.116914,1790774035.252679
10002227,100221,1790774035.141959,1790774035.253428
10002228,100221,1790774035.166653,1790774035.252793
10002229,100221,1790774035.193756,1790774035.252942
10002230,100221,1790774035.217669,1790774035.253319
10002231,100221,1790774035.244427,1790774035.464424
10002232,100221,1790774035.266617,1790774035.464207
10002233,100221,1790774035.292257,1790774035.464516
10002234,100221,1790774035.319709,1790774035.463794
10002235,100221,1790774035.342316,1790774035.464533
10002236,100221,1790774035.366898,1790774035.463948
10002237,100221,1790774035.393171,1790774035.464129
10002238,100221,1790774035.422899,1790774035.464440
10002239,100221,1790774035.441753,1790774035.464448
10002240,100221,1790774035.469402,1790774035.672974
10002241,100221,1790774035.499205,1790774035.673198
10002242,100221,1790774035.516986,1790774035.672679
10002243,100221,1790774035.543248,1790774035.673210
10002244,100221,1790774035.568368,1790774035.672798
10002245,100221,1790774035.592042,1790774035.672930
10002246,100221,1790774035.616633,1790774035.673099
10002247,100221,1790774035.642418,1790774035.673145
10002248,100221,1790774035.667401,1790774035.881861
10002249,100221,1790774035.692114,1790774035.882240
10002250,100221,1790774035.717033,1790774035.881520
10002251,100221,1790774035.741782,1790774035.882261
10002252,100221,1790774035.767143,1790774035.881636
10002253,100221,1790774035.792836,1790774035.881783
10002254,100221,1790774035.817880,1790774035.882130
10002255,100221,1790774035.842617,1790774035.882144
10002256,100221,1790774035.867603,1790774035.881873
10002257,100221,1790774035.892015,1790774036.089485
10002258,100221,1790774035.917059,1790774036.089039
10002259,100221,1790774035.942197,1790774036.089496
10002260,100221,1790774035.966589,1790774036.089104
10002261,100221,1790774035.991959,1790774036.089502
10002262,100221,1790774036.017521,1790774036.089428
10002263,100221,1790774036.042297,1790774036.089439
10002264,100221,1790774036.068654,1790774036.089208
10002265,100221,1790774036.095129,1790774036.300213
10002266,100221,1790774036.116470,1790774036.299842
10002267,100221,1790774036.142067,1790774036.300230
10002268,100221,1790774036.166399,1790774036.299915
10002269,100221,1790774036.192317,1790774036.300237
10002270,100221,1790774036.216636,1790774036.300159
10002271,100221,1790774036.241698,1790774036.300165
10002272,100221,1790774036.266385,1790774036.300027
10002273,100221,1790774036.292080,1790774036.300218
10002274,100221,1790774036.316595,1790774036.508929
10002275,100221,1790774036.342593,1790774036.509613
10002276,100221,1790774036.367195,1790774036.509040
10002277,100221,1790774036.392276,1790774036.509625
10002278,100221,1790774036.417507,1790774036.509488
10002279,100221,1790774036.444292,1790774036.509503
10002280,100221,1790774036.468466,1790774036.509236
10002281,100221,1790774036.494409,1790774036.509591
10002282,100221,1790774036.519765,1790774036.721603
10002283,100221,1790774036.542886,1790774036.722027
10002284,100221,1790774036.567307,1790774036.721708
10002285,100221,1790774036.591425,1790774036.722034
10002286,100221,1790774036.616581,1790774036.721962
10002287,100221,1790774036.641724,1790774036.721968
10002288,100221,1790774036.666600,1790774036.721833
10002289,100221,1790774036.691425,1790774036.722014
10002290,100221,1790774036.716683,1790774036.929203
10002291,100221,1790774036.741700,1790774036.929789
10002292,100221,1790774036.766540,1790774036.929589
10002293,100221,1790774036.791515,1790774036.929797
10002294,100221,1790774036.816398,1790774036.929707
10002295,100221,1790774036.841296,1790774036.929715
10002296,100221,1790774036.866292,1790774036.929535
10002297,100221,1790774036.891856,1790774036.929775
10002298,100221,1790774036.916667,1790774036.929244
10002299,100221,1790774036.941801,1790774037.136789
10002300,100221,1790774036.966031,1790774037.136625
10002301,100221,1790774036.991884,1790774037.136797
10002302,100221,1790774037.017971,1790774037.136724
10002303,100221,1790774037.042308,1790774037.136729
10002304,100221,1790774037.066186,1790774037.136587
10002305,100221,1790774037.091981,1790774037.136776
10002306,100221,1790774037.117102,1790774037.136422
10002307,100221,1790774037.141774,1790774037.351771
10002308,100221,1790774037.166357,1790774037.351439
10002309,100221,1790774037.191319,1790774037.351788
10002310,100221,1790774037.216269,1790774037.351637
10002311,100221,1790774037.241613,1790774037.351651
10002312,100221,1790774037.267119,1790774037.351362
10002313,100221,1790774037.292519,1790774037.351745
10002314,100221,1790774037.317560,1790774037.351037
10002315,100221,1790774037.344661,1790774037.560974
10002316,100221,1790774037.366761,1790774037.560690
10002317,100221,1790774037.391400,1790774037.560999
10002318,100221,1790774037.418074,1790774037.560852
10002319,100221,1790774037.442131,1790774037.560865
10002320,100221,1790774037.468194,1790774037.560587
10002321,100221,1790774037.507839,1790774037.560949
10002322,100221,1790774037.531688,1790774037.560412
10002323,100221,1790774037.541131,1790774037.560985
10002324,100221,1790774037.566911,1790774037.770391
10002325,100221,1790774037.591916,1790774037.770569
10002326,100221,1790774037.616131,1790774037.770492
10002327,100221,1790774037.642283,1790774037.770498
10002328,100221,1790774037.666304,1790774037.770350
10002329,100221,1790774037.691817,1790774037.770546
10002330,100221,1790774037.716434,1790774037.770173
10002331,100221,1790774037.741640,1790774037.770560
10002332,100221,1790774037.766491,1790774037.979912
10002333,100221,1790774037.791707,1790774037.980275
10002334,100221,1790774037.816477,1790774037.980120
10002335,100221,1790774037.841662,1790774037.980133
10002336,100221,1790774037.867088,1790774037.980288
10002337,100221,1790774037.891553,1790774037.980231
10002338,100221,1790774037.916462,1790774037.979546
10002339,100221,1790774037.942210,1790774037.980258
10002340,100221,1790774037.968198,1790774037.979929
10002341,100221,1790774037.992372,1790774038.198633
10002342,100221,1790774038.035589,1790774038.198534
10002343,100221,1790774038.059385,1790774038.198598
10002344,100221,1790774038.070014,1790774038.198608
10002345,100221,1790774038.092061,1790774038.198642
10002346,100221,1790774038.125866,1790774038.198616
10002347,100221,1790774038.141989,1790774038.198623
10002348,100221,1790774038.167929,1790774038.407314
10002349,100221,1790774038.193190,1790774038.407057
10002350,100221,1790774038.220946,1790774038.407181
10002351,100221,1790774038.267248,1790774038.407263
10002352,100221,1790774038.269786,1790774038.407240
10002353,100221,1790774038.292445,1790774038.407272
10002354,100221,1790774038.319950,1790774038.407300
10002355,100221,1790774038.342407,1790774038.407280
10002356,100221,1790774038.367564,1790774038.407323
10002357,100221,1790774038.392417,1790774038.407103
10002358,100221,1790774038.416915,1790774038.616773
10002359,100221,1790774038.441949,1790774038.616034
10002360,100221,1790774038.478541,1790774038.616850
10002361,100221,1790774038.499602,1790774038.616862
10002362,100221,1790774038.524711,1790774038.616956
10002363,100221,1790774038.542111,1790774038.616872
10002364,100221,1790774038.567690,1790774038.616933
10002365,100221,1790774038.592177,1790774038.615772
10002366,100221,1790774038.620217,1790774038.828877
10002367,100221,1790774038.642322,1790774038.828514
10002368,100221,1790774038.667278,1790774038.828775
10002369,100221,1790774038.692599,1790774038.828786
10002370,100221,1790774038.716858,1790774038.828901
10002371,100221,1790774038.741797,1790774038.828796
10002372,100221,1790774038.767857,1790774038.828860
10002373,100221,1790774038.792378,1790774038.828202
10002374,100221,1790774038.817865,1790774038.828887
10002375,100221,1790774038.845423,1790774039.038014
10002376,100221,1790774038.867697,1790774039.038212
10002377,100221,1790774038.892421,1790774039.038224
10002378,100221,1790774038.917160,1790774039.038319
10002379,100221,1790774038.942123,1790774039.038233
10002380,100221,1790774038.966289,1790774039.038287
10002381,100221,1790774038.992070,1790774039.037819
10002382,100221,1790774039.018590,1790774039.038305
10002383,100221,1790774039.044921,1790774039.249368
10002384,100221,1790774039.068091,1790774039.249651
10002385,100221,1790774039.093986,1790774039.249665
10002386,100221,1790774039.119642,1790774039.249780
10002387,100221,1790774039.141857,1790774039.249676
10002388,100221,1790774039.166714,1790774039.249740
10002389,100221,1790774039.192297,1790774039.249038
10002390,100221,1790774039.217038,1790774039.249761
10002391,100221,1790774039.242008,1790774039.458582
10002392,100221,1790774039.266235,1790774039.458747
10002393,100221,1790774039.292216,1790774039.458755
10002394,100221,1790774039.316385,1790774039.458822
10002395,100221,1790774039.342113,1790774039.458761
10002396,100221,1790774039.367208,1790774039.458800
10002397,100221,1790774039.392830,1790774039.458406
10002398,100221,1790774039.417549,1790774039.458812
10002399,100221,1790774039.442108,1790774039.458590
10002400,100221,1790774039.466294,1790774039.671061
10002401,100221,1790774039.492127,1790774039.671086
10002402,100221,1790774039.516696,1790774039.671242
10002403,100221,1790774039.546725,1790774039.671097
10002404,100221,1790774039.574167,1790774039.671175
10002405,100221,1790774039.592729,1790774039.670445
10002406,100221,1790774039.616725,1790774039.671219
10002407,100221,1790774039.641990,1790774039.670726
10002408,100221,1790774039.667286,1790774039.885552
10002409,100221,1790774039.693460,1790774039.885558
10002410,100221,1790774039.716891,1790774039.885546
10002411,100221,1790774039.743185,1790774039.885564
10002412,100221,1790774039.767960,1790774039.884952
10002413,100221,1790774039.791818,1790774039.885024
10002414,100221,1790774039.817239,1790774039.885524
10002415,100221,1790774039.845611,1790774039.885173
10002416,100221,1790774039.870611,1790774039.885283
10002417,100221,1790774039.894635,1790774040.204433
10002418,100221,1790774039.917539,1790774040.204424
10002419,100221,1790774039.942436,1790774040.204441
10002420,100221,1790774039.970519,1790774040.204329
10002421,100221,1790774039.992242,1790774040.204398
10002422,100221,1790774040.046926,1790774040.204414
10002423,100221,1790774040.105047,1790774040.497684
10002424,100221,1790774040.186196,1790774040.503807
10002425,100221,1790774040.224097,1790774040.503391
10002426,100221,1790774040.240443,1790774040.503823
10002427,100221,1790774040.243690,1790774040.503795
10002428,100221,1790774040.244130,1790774040.503762
10002429,100221,1790774040.243779,1790774040.503832
10002430,100221,1790774040.259985,1790774040.494859
10002431,100221,1790774040.270610,1790774040.503779
10002432,100221,1790774040.290382,1790774040.503839
10002433,100221,1790774040.303666,1790774040.497582
10002434,100221,1790774040.331697,1790774040.503731
10002435,100221,1790774040.343931,1790774040.503815
10002436,100221,1790774040.379109,1790774040.503440
10002437,100221,1790774040.412099,1790774040.503450
10002438,100221,1790774040.486500,1790774040.727171
10002439,100221,1790774040.511847,1790774040.727122
10002440,100221,1790774040.519047,1790774040.727153
10002441,100221,1790774040.541027,1790774040.726865
10002442,100221,1790774040.541880,1790774040.727073
10002443,100221,1790774040.576810,1790774040.727180
10002444,100221,1790774040.592406,1790774040.727161
10002445,100221,1790774040.598410,1790774040.727190
10002446,100221,1790774040.622849,1790774040.727106
10002447,100221,1790774040.643084,1790774040.727131
10002448,100221,1790774040.669928,1790774040.727142
10002449,100221,1790774040.693646,1790774040.727085
10002450,100221,1790774040.719598,1790774040.936115
10002451,100221,1790774040.742664,1790774040.935560
10002452,100221,1790774040.768637,1790774040.936120
10002453,100221,1790774040.792871,1790774040.936106
10002454,100221,1790774040.818557,1790774040.936068
10002455,100221,1790774040.843258,1790774040.936087
10002456,100221,1790774040.868855,1790774040.936098
10002457,100221,1790774040.892744,1790774040.936034
10002458,100221,1790774040.916533,1790774040.936126
10002459,100221,1790774040.942891,1790774041.145862
10002460,100221,1790774040.966096,1790774041.146618
10002461,100221,1790774040.992858,1790774041.146558
10002462,100221,1790774041.026198,1790774041.146484
10002463,100221,1790774041.042709,1790774041.146530
10002464,100221,1790774041.070396,1790774041.146546
10002465,100221,1790774041.093140,1790774041.146440
10002466,100221,1790774041.123024,1790774041.146630
10002467,100221,1790774041.150072,1790774041.357795
10002468,100221,1790774041.172076,1790774041.358602
10002469,100221,1790774041.206618,1790774041.358583
10002470,100221,1790774041.230242,1790774041.358497
10002471,100221,1790774041.254454,1790774041.358547
10002472,100221,1790774041.276191,1790774041.358566
10002473,100221,1790774041.309097,1790774041.358451
10002474,100221,1790774041.332544,1790774041.358613
10002475,100221,1790774041.342297,1790774041.357858
10002476,100221,1790774041.369598,1790774041.692994
10002477,100221,1790774041.403427,1790774041.692963
10002478,100221,1790774041.421188,1790774041.692900
10002479,100221,1790774041.446627,1790774041.692942
10002480,100221,1790774041.468689,1790774041.693003
10002481,100221,1790774041.497139,1790774041.692971
10002482,100221,1790774041.524128,1790774041.692851
10002483,100221,1790774041.545379,1790774041.692213
10002484,100221,1790774041.629661,1790774041.999452
10002485,100221,1790774041.745946,1790774041.999430
10002486,100221,1790774041.716770,1790774041.999462
10002487,100221,1790774041.736677,1790774041.999471
10002488,100221,1790774041.749558,1790774041.999375
10002489,100221,1790774041.778784,1790774041.999273
10002490,100221,1790774041.781078,1790774041.999483
10002491,100221,1790774041.784975,1790774041.999440
10002492,100221,1790774041.829909,1790774041.999417
10002493,100221,1790774041.861248,1790774041.999493
10002494,100221,1790774041.859064,1790774041.999393
10002495,100221,1790774041.882535,1790774042.358662
10002496,100221,1790774041.903878,1790774042.359335
10002497,100221,1790774041.940249,1790774042.359347
10002498,100221,1790774041.978922,1790774042.359322
10002499,100221,1790774041.980746,1790774042.359230
10002500,100221,1790774042.151024,1790774042.359276
10002501,100221,1790774042.231701,1790774042.359256
10002502,100221,1790774042.276970,1790774042.359310
10002503,100221,1790774042.289682,1790774042.359356
10002504,100221,1790774042.324693,1790774042.587229
10002505,100221,1790774042.315758,1790774042.359369
10002506,100221,1790774042.310098,1790774042.359291
10002507,100221,1790774042.318031,1790774042.587563
10002508,100221,1790774042.327304,1790774042.587483
10002509,100221,1790774042.331249,1790774042.587422
10002510,100221,1790774042.328466,1790774042.587528
10002511,100221,1790774042.342228,1790774042.587574
10002512,100221,1790774042.347653,1790774042.587454
10002513,100221,1790774042.343454,1790774042.587498
10002514,100221,1790774042.352212,1790774042.587469
10002515,100221,1790774042.357946,1790774042.587537
10002516,100221,1790774042.373228,1790774042.587545
10002517,100221,1790774042.393814,1790774042.587596
10002518,100221,1790774042.421215,1790774042.587507
10002519,100221,1790774042.442463,1790774042.587605
10002520,100221,1790774042.478614,1790774042.587552
10002521,100221,1790774042.504482,1790774042.587516
10002522,100221,1790774042.519692,1790774042.587584
10002523,100221,1790774042.544271,1790774042.587435
10002524,100221,1790774042.573696,1790774042.805458
10002525,100221,1790774042.593845,1790774042.805480
10002526,100221,1790774042.619562,1790774042.805411
10002527,100221,1790774042.642569,1790774042.805490
10002528,100221,1790774042.667065,1790774042.805509
10002529,100221,1790774042.697462,1790774042.805517
10002530,100221,1790774042.720035,1790774042.805525
10002531,100221,1790774042.743300,1790774042.805533
10002532,100221,1790774042.769421,1790774042.805470
10002533,100221,1790774042.792600,1790774042.805499
10002534,100221,1790774042.819365,1790774043.023969
10002535,100221,1790774042.844208,1790774043.023924
10002536,100221,1790774042.868552,1790774043.024006
10002537,100221,1790774042.891998,1790774043.023983
10002538,100221,1790774042.920437,1790774043.024032
10002539,100221,1790774042.943953,1790774043.024015
10002540,100221,1790774042.970334,1790774043.024023
10002541,100221,1790774042.993608,1790774043.023995
10002542,100221,1790774043.025145,1790774043.241994
10002543,100221,1790774043.042408,1790774043.242002
10002544,100221,1790774043.070430,1790774043.242019
10002545,100221,1790774043.095216,1790774043.242028
10002546,100221,1790774043.118590,1790774043.241915
10002547,100221,1790774043.144008,1790774043.241984
10002548,100221,1790774043.168996,1790774043.241963
10002549,100221,1790774043.193035,1790774043.241975
10002550,100221,1790774043.220529,1790774043.242010
10002551,100221,1790774043.245608,1790774043.479053
10002552,100221,1790774043.268268,1790774043.479032
10002553,100221,1790774043.292746,1790774043.479083
10002554,100221,1790774043.326384,1790774043.479062
10002555,100221,1790774043.347926,1790774043.479042
10002556,100221,1790774043.386841,1790774043.479072
10002557,100221,1790774043.399307,1790774043.478965
10002558,100221,1790774043.422730,1790774043.479018
10002559,100221,1790774043.449291,1790774043.712388
10002560,100221,1790774043.488204,1790774043.712343
10002561,100221,1790774043.503786,1790774043.712430
10002562,100221,1790774043.523657,1790774043.712399
10002563,100221,1790774043.547600,1790774043.712408
10002564,100221,1790774043.567425,1790774043.712446
10002565,100221,1790774043.596687,1790774043.712415
10002566,100221,1790774043.629756,1790774043.712421
10002567,100221,1790774043.647974,1790774043.712438
10002568,100221,1790774043.690904,1790774043.933842
10002569,100221,1790774043.728622,1790774043.933891
10002570,100221,1790774043.741530,1790774043.933922
10002571,100221,1790774043.748180,1790774043.933901
10002572,100221,1790774043.772420,1790774043.933939
10002573,100221,1790774043.796005,1790774043.933927
10002574,100221,1790774043.817482,1790774043.933947
10002575,100221,1790774043.847004,1790774043.933909
10002576,100221,1790774043.875096,1790774043.933932
10002577,100221,1790774043.895741,1790774043.933915
10002578,100221,1790774043.918502,1790774044.149622
10002579,100221,1790774043.944017,1790774044.149631
10002580,100221,1790774043.984129,1790774044.149521
10002581,100221,1790774044.001834,1790774044.149569
10002582,100221,1790774044.017821,1790774044.149583
10002583,100221,1790774044.058766,1790774044.149593
10002584,100221,1790774044.087414,1790774044.149613
10002585,100221,1790774044.097641,1790774044.149640
10002586,100221,1790774044.127459,1790774044.149603
10002587,100221,1790774044.147419,1790774044.377080
10002588,100221,1790774044.174765,1790774044.377069
10002589,100221,1790774044.195701,1790774044.377089
10002590,100221,1790774044.223087,1790774044.377119
10002591,100221,1790774044.243016,1790774044.377058
10002592,100221,1790774044.268742,1790774044.377002
10002593,100221,1790774044.294103,1790774044.377098
10002594,100221,1790774044.319661,1790774044.377109
10002595,100221,1790774044.344576,1790774044.377045
10002596,100221,1790774044.380181,1790774044.590424
10002597,100221,1790774044.393661,1790774044.590451
10002598,100221,1790774044.421033,1790774044.590387
10002599,100221,1790774044.445386,1790774044.590398
10002600,100221,1790774044.467658,1790774044.590406
10002601,100221,1790774044.492919,1790774044.590433
10002602,100221,1790774044.516549,1790774044.590442
10002603,100221,1790774044.542311,1790774044.590345
10002604,100221,1790774044.567231,1790774044.590414
10002605,100221,1790774044.591470,1790774044.798342
10002606,100221,1790774044.617027,1790774044.798373
10002607,100221,1790774044.642074,1790774044.798401
10002608,100221,1790774044.667163,1790774044.798418
10002609,100221,1790774044.692556,1790774044.798389
10002610,100221,1790774044.716728,1790774044.798406
10002611,100221,1790774044.742366,1790774044.798395
10002612,100221,1790774044.766682,1790774044.798412
10002613,100221,1790774044.791881,1790774044.798382
10002614,100221,1790774044.816220,1790774045.006917
10002615,100221,1790774044.841881,1790774045.006949
10002616,100221,1790774044.867020,1790774045.006958
10002617,100221,1790774044.893168,1790774045.006983
10002618,100221,1790774044.916558,1790774045.006972
10002619,100221,1790774044.941977,1790774045.006988
10002620,100221,1790774044.966271,1790774045.006965
10002621,100221,1790774044.992225,1790774045.006977
10002622,100221,1790774045.020573,1790774045.217453
10002623,100221,1790774045.050675,1790774045.217465
10002624,100221,1790774045.068243,1790774045.217442
10002625,100221,1790774045.095118,1790774045.217495
10002626,100221,1790774045.117525,1790774045.217385
10002627,100221,1790774045.142946,1790774045.217474
10002628,100221,1790774045.166539,1790774045.217485
10002629,100221,1790774045.192200,1790774045.217429
10002630,100221,1790774045.216796,1790774045.425115
10002631,100221,1790774045.243546,1790774045.425131
10002632,100221,1790774045.269237,1790774045.425098
10002633,100221,1790774045.292345,1790774045.425103
10002634,100221,1790774045.317062,1790774045.425109
10002635,100221,1790774045.341970,1790774045.425120
10002636,100221,1790774045.366606,1790774045.425125
10002637,100221,1790774045.392185,1790774045.425059
10002638,100221,1790774045.417297,1790774045.425089
10002639,100221,1790774045.441664,1790774045.633113
10002640,100221,1790774045.466420,1790774045.633156
10002641,100221,1790774045.492457,1790774045.633186
10002642,100221,1790774045.516839,1790774045.633213
10002643,100221,1790774045.541907,1790774045.633167
10002644,100221,1790774045.566901,1790774045.633195
10002645,100221,1790774045.592417,1790774045.633176
10002646,100221,1790774045.617921,1790774045.633204
10002647,100221,1790774045.641855,1790774045.842146
10002648,100221,1790774045.666600,1790774045.842088
10002649,100221,1790774045.692817,1790774045.842159
10002650,100221,1790774045.716297,1790774045.842131
10002651,100221,1790774045.741754,1790774045.842181
10002652,100221,1790774045.767551,1790774045.842169
10002653,100221,1790774045.794932,1790774045.842192
10002654,100221,1790774045.816610,1790774045.842204
10002655,100221,1790774045.841787,1790774046.060717
10002656,100221,1790774045.866591,1790774046.060708
10002657,100221,1790774045.892492,1790774046.060725
10002658,100221,1790774045.916762,1790774046.060698
10002659,100221,1790774045.942350,1790774046.060750
10002660,100221,1790774045.966370,1790774046.060733
10002661,100221,1790774045.992315,1790774046.060646
10002662,100221,1790774046.018065,1790774046.060741
10002663,100221,1790774046.043221,1790774046.060686
10002664,100221,1790774046.074433,1790774046.274142
10002665,100221,1790774046.092118,1790774046.274102
10002666,100221,1790774046.116785,1790774046.274115
10002667,100221,1790774046.143150,1790774046.274124
10002668,100221,1790774046.175383,1790774046.274132
10002669,100221,1790774046.192088,1790774046.274151
10002670,100221,1790774046.217324,1790774046.274160
10002671,100221,1790774046.251328,1790774046.274062
10002672,100221,1790774046.269893,1790774046.481459
10002673,100221,1790774046.292504,1790774046.481492
10002674,100221,1790774046.317151,1790774046.481501
10002675,100221,1790774046.342453,1790774046.481521
10002676,100221,1790774046.368083,1790774046.481509
10002677,100221,1790774046.392073,1790774046.481538
10002678,100221,1790774046.416940,1790774046.481526
10002679,100221,1790774046.442250,1790774046.481514
10002680,100221,1790774046.466993,1790774046.481533
10002681,100221,1790774046.493040,1790774046.688211
10002682,100221,1790774046.516309,1790774046.688154
10002683,100221,1790774046.542080,1790774046.688221
10002684,100221,1790774046.566175,1790774046.688197
10002685,100221,1790774046.591486,1790774046.688240
10002686,100221,1790774046.616619,1790774046.688230
10002687,100221,1790774046.641612,1790774046.688249
10002688,100221,1790774046.666264,1790774046.688259
10002689,100221,1790774046.692206,1790774046.896088
10002690,100221,1790774046.716707,1790774046.896076
10002691,100221,1790774046.741947,1790774046.896097
10002692,100221,1790774046.766907,1790774046.896064
10002693,100221,1790774046.792230,1790774046.896124
10002694,100221,1790774046.816448,1790774046.896105
10002695,100221,1790774046.841961,1790774046.896022
10002696,100221,1790774046.866871,1790774046.896115
10002697,100221,1790774046.896052,1790774047.105262
10002698,100221,1790774046.917650,1790774047.105343
10002699,100221,1790774046.942636,1790774047.105358
10002700,100221,1790774046.967039,1790774047.105392
10002701,100221,1790774046.991566,1790774047.105402
10002702,100221,1790774047.021463,1790774047.105410
10002703,100221,1790774047.043371,1790774047.105418
10002704,100221,1790774047.067564,1790774047.105425
10002705,100221,1790774047.092289,1790774047.105433
10002706,100221,1790774047.117133,1790774047.318668
10002707,100221,1790774047.141999,1790774047.318723
10002708,100221,1790774047.167371,1790774047.318739
10002709,100221,1790774047.192142,1790774047.318752
10002710,100221,1790774047.217021,1790774047.318764
10002711,100221,1790774047.242363,1790774047.318775
10002712,100221,1790774047.266658,1790774047.318959
10002713,100221,1790774047.293278,1790774047.318977
10002714,100221,1790774047.322116,1790774047.528769
10002715,100221,1790774047.344106,1790774047.528821
10002716,100221,1790774047.366374,1790774047.528835
10002717,100221,1790774047.392983,1790774047.528847
10002718,100221,1790774047.424036,1790774047.528860
10002719,100221,1790774047.441887,1790774047.528872
10002720,100221,1790774047.466463,1790774047.528883
10002721,100221,1790774047.495649,1790774047.528895
10002722,100221,1790774047.518359,1790774047.528918
10002723,100221,1790774047.543864,1790774047.735409
10002724,100221,1790774047.568926,1790774047.735443
10002725,100221,1790774047.592391,1790774047.735452
10002726,100221,1790774047.617583,1790774047.735460
10002727,100221,1790774047.642709,1790774047.735467
10002728,100221,1790774047.667697,1790774047.735475
10002729,100221,1790774047.692817,1790774047.735483
10002730,100221,1790774047.716864,1790774047.735491
10002731,100221,1790774047.741608,1790774047.949072
10002732,100221,1790774047.766198,1790774047.949121
10002733,100221,1790774047.792146,1790774047.949140
10002734,100221,1790774047.816910,1790774047.949153
10002735,100221,1790774047.842220,1790774047.949164
10002736,100221,1790774047.866147,1790774047.949175
10002737,100221,1790774047.892118,1790774047.949188
10002738,100221,1790774047.916307,1790774047.949198
10002739,100221,1790774047.946349,1790774048.157375
10002740,100221,1790774047.966827,1790774048.157410
10002741,100221,1790774047.999122,1790774048.157422
10002742,100221,1790774048.018208,1790774048.157429
10002743,100221,1790774048.042432,1790774048.157437
10002744,100221,1790774048.067333,1790774048.157443
10002745,100221,1790774048.092034,1790774048.157450
10002746,100221,1790774048.116175,1790774048.157457
10002747,100221,1790774048.141464,1790774048.157463
10002748,100221,1790774048.166814,1790774048.364759
10002749,100221,1790774048.191449,1790774048.364806
10002750,100221,1790774048.216546,1790774048.364822
10002751,100221,1790774048.241517,1790774048.364835
10002752,100221,1790774048.266001,1790774048.364847
10002753,100221,1790774048.291429,1790774048.364858
10002754,100221,1790774048.316182,1790774048.364868
10002755,100221,1790774048.342202,1790774048.364878
10002756,100221,1790774048.367162,1790774048.572793
10002757,100221,1790774048.392806,1790774048.572826
10002758,100221,1790774048.416224,1790774048.572835
10002759,100221,1790774048.441231,1790774048.572842
10002760,100221,1790774048.475725,1790774048.572849
10002761,100221,1790774048.494482,1790774048.572856
10002762,100221,1790774048.517133,1790774048.572865
10002763,100221,1790774048.543115,1790774048.572873
10002764,100221,1790774048.566379,1790774048.572880
10002765,100221,1790774048.592370,1790774048.779900
10002766,100221,1790774048.617603,1790774048.779935
10002767,100221,1790774048.641111,1790774048.779944
10002768,100221,1790774048.666733,1790774048.779951
10002769,100221,1790774048.692298,1790774048.779958
10002770,100221,1790774048.716209,1790774048.779964
10002771,100221,1790774048.741652,1790774048.779972
10002772,100221,1790774048.772999,1790774048.779979
10002773,100221,1790774048.791815,1790774048.987374
10002774,100221,1790774048.816503,1790774048.987408
10002775,100221,1790774048.841877,1790774048.987419
10002776,100221,1790774048.866815,1790774048.987427
10002777,100221,1790774048.891709,1790774048.987434
10002778,100221,1790774048.916615,1790774048.987441
10002779,100221,1790774048.941993,1790774048.987447
10002780,100221,1790774048.967267,1790774048.987454
10002781,100221,1790774048.991460,1790774049.196301
10002782,100221,1790774049.017864,1790774049.196368
10002783,100221,1790774049.042255,1790774049.196386
10002784,100221,1790774049.067515,1790774049.196398
10002785,100221,1790774049.093178,1790774049.196411
10002786,100221,1790774049.116488,1790774049.196438
10002787,100221,1790774049.142399,1790774049.196452
10002788,100221,1790774049.167545,1790774049.196466
10002789,100221,1790774049.192714,1790774049.405961
10002790,100221,1790774049.219475,1790774049.405998
10002791,100221,1790774049.242832,1790774049.406008
10002792,100221,1790774049.269942,1790774049.406016
10002793,100221,1790774049.291866,1790774049.406024
10002794,100221,1790774049.318030,1790774049.406031
10002795,100221,1790774049.342371,1790774049.406038
10002796,100221,1790774049.366965,1790774049.406045
10002797,100221,1790774049.391951,1790774049.406055
10002798,100221,1790774049.416815,1790774049.615222
10002799,100221,1790774049.442591,1790774049.615267
10002800,100221,1790774049.466785,1790774049.615295
10002801,100221,1790774049.492607,1790774049.615306
10002802,100221,1790774049.518188,1790774049.615316
10002803,100221,1790774049.544740,1790774049.615325
10002804,100221,1790774049.567720,1790774049.615334
10002805,100221,1790774049.596751,1790774049.615541
10002806,100221,1790774049.618128,1790774049.824144
10002807,100221,1790774049.641610,1790774049.824181
10002808,100221,1790774049.667500,1790774049.824192
10002809,100221,1790774049.693128,1790774049.824201
10002810,100221,1790774049.717582,1790774049.824211
10002811,100221,1790774049.742475,1790774049.824224
10002812,100221,1790774049.766589,1790774049.824232
10002813,100221,1790774049.792700,1790774049.824238
10002814,100221,1790774049.817169,1790774050.034209
10002815,100221,1790774049.844387,1790774050.034247
10002816,100221,1790774049.872099,1790774050.034256
10002817,100221,1790774049.891961,1790774050.034265
10002818,100221,1790774049.916719,1790774050.034272
10002819,100221,1790774049.942006,1790774050.034279
10002820,100221,1790774049.966315,1790774050.034286
10002821,100221,1790774049.991370,1790774050.034293
10002822,100221,1790774050.028178,1790774050.241497
10002823,100221,1790774050.042577,1790774050.241549
10002824,100221,1790774050.066562,1790774050.241564
10002825,100221,1790774050.093235,1790774050.241575
10002826,100221,1790774050.116776,1790774050.241585
10002827,100221,1790774050.142130,1790774050.241595
10002828,100221,1790774050.166464,1790774050.241605
10002829,100221,1790774050.191882,1790774050.241615
10002830,100221,1790774050.216755,1790774050.241626
10002831,100221,1790774050.241860,1790774050.449164
10002832,100221,1790774050.266527,1790774050.449199
10002833,100221,1790774050.291838,1790774050.449208
10002834,100221,1790774050.317208,1790774050.449216
10002835,100221,1790774050.341607,1790774050.449223
10002836,100221,1790774050.366423,1790774050.449230
10002837,100221,1790774050.392186,1790774050.449236
10002838,100221,1790774050.417181,1790774050.449242
10002839,100221,1790774050.441374,1790774050.449248
10002840,100221,1790774050.466105,1790774050.656888
10002841,100221,1790774050.491960,1790774050.656922
10002842,100221,1790774050.517014,1790774050.656933
10002843,100221,1790774050.541252,1790774050.656941
10002844,100221,1790774050.567410,1790774050.656948
10002845,100221,1790774050.592048,1790774050.656955
10002846,100221,1790774050.616259,1790774050.656962
10002847,100221,1790774050.642074,1790774050.656967
10002848,100221,1790774050.666593,1790774050.865895
10002849,100221,1790774050.691540,1790774050.865941
10002850,100221,1790774050.716189,1790774050.865954
10002851,100221,1790774050.741689,1790774050.865965
10002852,100221,1790774050.766784,1790774050.865975
10002853,100221,1790774050.793556,1790774050.865985
10002854,100221,1790774050.817257,1790774050.865995
10002855,100221,1790774050.841648,1790774050.866004
10002856,100221,1790774050.867822,1790774051.075147
10002857,100221,1790774050.891624,1790774051.075188
10002858,100221,1790774050.917485,1790774051.075197
10002859,100221,1790774050.942497,1790774051.075204
10002860,100221,1790774050.968887,1790774051.075211
10002861,100221,1790774050.992507,1790774051.075217
10002862,100221,1790774051.018384,1790774051.075223
10002863,100221,1790774051.042469,1790774051.075229
10002864,100221,1790774051.066359,1790774051.075236
10002865,100221,1790774051.091791,1790774051.284900
10002866,100221,1790774051.117249,1790774051.284937
10002867,100221,1790774051.141893,1790774051.284947
10002868,100221,1790774051.167388,1790774051.284954
10002869,100221,1790774051.194302,1790774051.284962
10002870,100221,1790774051.217659,1790774051.284968
10002871,100221,1790774051.242732,1790774051.284975
10002872,100221,1790774051.267216,1790774051.284982
10002873,100221,1790774051.293276,1790774051.493754
10002874,100221,1790774051.316907,1790774051.493795
10002875,100221,1790774051.342416,1790774051.493805
10002876,100221,1790774051.368274,1790774051.493814
10002877,100221,1790774051.393927,1790774051.493821
10002878,100221,1790774051.417614,1790774051.493829
10002879,100221,1790774051.443737,1790774051.493835
10002880,100221,1790774051.466800,1790774051.493842
10002881,100221,1790774051.492221,1790774051.702059
10002882,100221,1790774051.518010,1790774051.702108
10002883,100221,1790774051.541933,1790774051.702122
10002884,100221,1790774051.568089,1790774051.702134
10002885,100221,1790774051.594141,1790774051.702147
10002886,100221,1790774051.620891,1790774051.702160
10002887,100221,1790774051.641674,1790774051.702173
10002888,100221,1790774051.670917,1790774051.702185
10002889,100221,1790774051.693074,1790774051.702197
10002890,100221,1790774051.718640,1790774051.914181
10002891,100221,1790774051.742010,1790774051.914239
10002892,100221,1790774051.766975,1790774051.914254
10002893,100221,1790774051.792552,1790774051.914266
10002894,100221,1790774051.817030,1790774051.914276
10002895,100221,1790774051.842145,1790774051.914286
10002896,100221,1790774051.867114,1790774051.914297
10002897,100221,1790774051.892097,1790774051.914307
10002898,100221,1790774051.918567,1790774052.122676
10002899,100221,1790774051.942018,1790774052.122711
10002900,100221,1790774051.967001,1790774052.122721
10002901,100221,1790774051.991307,1790774052.122729
10002902,100221,1790774052.017827,1790774052.122736
10002903,100221,1790774052.042401,1790774052.122743
10002904,100221,1790774052.066827,1790774052.122750
10002905,100221,1790774052.091947,1790774052.122756
10002906,100221,1790774052.116927,1790774052.330996
10002907,100221,1790774052.141675,1790774052.331033
10002908,100221,1790774052.166471,1790774052.331043
10002909,100221,1790774052.191446,1790774052.331051
10002910,100221,1790774052.216586,1790774052.331163
10002911,100221,1790774052.241551,1790774052.331173
10002912,100221,1790774052.266856,1790774052.331181
10002913,100221,1790774052.292458,1790774052.331188
10002914,100221,1790774052.316725,1790774052.331194
10002915,100221,1790774052.341907,1790774052.545576
10002916,100221,1790774052.366714,1790774052.545629
10002917,100221,1790774052.391642,1790774052.545643
10002918,100221,1790774052.416255,1790774052.545654
10002919,100221,1790774052.441639,1790774052.545668
10002920,100221,1790774052.470237,1790774052.545679
10002921,100221,1790774052.492414,1790774052.545692
10002922,100221,1790774052.520923,1790774052.545704
10002923,100221,1790774052.544771,1790774052.756390
10002924,100221,1790774052.571885,1790774052.756427
10002925,100221,1790774052.595224,1790774052.756438
10002926,100221,1790774052.616378,1790774052.756447
10002927,100221,1790774052.641568,1790774052.756459
10002928,100221,1790774052.666132,1790774052.756469
10002929,100221,1790774052.692065,1790774052.756477
10002930,100221,1790774052.716269,1790774052.756484
10002931,100221,1790774052.741474,1790774052.756491
10002932,100221,1790774052.766527,1790774052.965178
10002933,100221,1790774052.792067,1790774052.965218
10002934,100221,1790774052.816791,1790774052.965230
10002935,100221,1790774052.842129,1790774052.965239
10002936,100221,1790774052.878500,1790774052.965247
10002937,100221,1790774052.893608,1790774052.965254
10002938,100221,1790774052.917530,1790774052.965261
10002939,100221,1790774052.941590,1790774052.965267
10002940,100221,1790774052.967872,1790774053.171926
10002941,100221,1790774052.991849,1790774053.171958
10002942,100221,1790774053.017670,1790774053.171969
10002943,100221,1790774053.042234,1790774053.171977
10002944,100221,1790774053.071382,1790774053.171985
10002945,100221,1790774053.092836,1790774053.171993
10002946,100221,1790774053.117151,1790774053.172000
10002947,100221,1790774053.141567,1790774053.172006
10002948,100221,1790774053.166693,1790774053.381698
10002949,100221,1790774053.191480,1790774053.381747
10002950,100221,1790774053.218329,1790774053.381763
10002951,100221,1790774053.242726,1790774053.381774
10002952,100221,1790774053.267119,1790774053.381787
10002953,100221,1790774053.292511,1790774053.381802
10002954,100221,1790774053.317800,1790774053.381814
10002955,100221,1790774053.343241,1790774053.381827
10002956,100221,1790774053.367160,1790774053.381839
10002957,100221,1790774053.399782,1790774053.592889
10002958,100221,1790774053.421786,1790774053.592937
10002959,100221,1790774053.444277,1790774053.592951
10002960,100221,1790774053.468004,1790774053.592961
10002961,100221,1790774053.499096,1790774053.592968
10002962,100221,1790774053.523607,1790774053.592974
10002963,100221,1790774053.542332,1790774053.592981
10002964,100221,1790774053.566046,1790774053.592987
10002965,100221,1790774053.593065,1790774053.812338
10002966,100221,1790774053.616012,1790774053.812399
10002967,100221,1790774053.641875,1790774053.812417
10002968,100221,1790774053.666698,1790774053.812430
10002969,100221,1790774053.691749,1790774053.812442
10002970,100221,1790774053.716426,1790774053.812455
10002971,100221,1790774053.747017,1790774053.812466
10002972,100221,1790774053.767409,1790774053.812478
10002973,100221,1790774053.795560,1790774054.024138
10002974,100221,1790774053.839041,1790774054.024173
10002975,100221,1790774053.848224,1790774054.024183
10002976,100221,1790774053.871262,1790774054.024192
10002977,100221,1790774053.892227,1790774054.024199
10002978,100221,1790774053.917082,1790774054.024206
10002979,100221,1790774053.949629,1790774054.024214
10002980,100221,1790774053.967976,1790774054.024220
10002981,100221,1790774053.993575,1790774054.024227
10002982,100221,1790774054.018843,1790774054.245887
10002983,100221,1790774054.042082,1790774054.245932
10002984,100221,1790774054.066302,1790774054.245945
10002985,100221,1790774054.091538,1790774054.245957
10002986,100221,1790774054.119817,1790774054.245968
10002987,100221,1790774054.142481,1790774054.245995
10002988,100221,1790774054.182460,1790774054.246005
10002989,100221,1790774054.200009,1790774054.246012
10002990,100221,1790774054.222366,1790774054.246022
10002991,100221,1790774054.243989,1790774054.455934
10002992,100221,1790774054.272038,1790774054.455974
10002993,100221,1790774054.291976,1790774054.455983
10002994,100221,1790774054.351708,1790774054.455990
10002995,100221,1790774054.368198,1790774054.455997
10002996,100221,1790774054.368678,1790774054.456003
10002997,100221,1790774054.391537,1790774054.456010
10002998,100221,1790774054.418601,1790774054.456016
10002999,100221,1790774054.442110,1790774054.456023
10003000,100221,1790774054.466374,1790774054.667056
10003001,100221,1790774054.492064,1790774054.667107
10003002,100221,1790774054.516854,1790774054.667124
10003003,100221,1790774054.542261,1790774054.667139
10003004,100221,1790774054.570589,1790774054.667154
10003005,100221,1790774054.592584,1790774054.667166
10003006,100221,1790774054.616958,1790774054.667177
10003007,100221,1790774054.642470,1790774054.667188
10003008,100221,1790774054.666346,1790774054.893339
10003009,100221,1790774054.691155,1790774054.893387
10003010,100221,1790774054.716328,1790774054.893401
10003011,100221,1790774054.741528,1790774054.893414
10003012,100221,1790774054.766302,1790774054.893426
10003013,100221,1790774054.792125,1790774054.893438
10003014,100221,1790774054.816109,1790774054.893449
10003015,100221,1790774054.841864,1790774054.893461
10003016,100221,1790774054.866559,1790774054.893473
10003017,100221,1790774054.897233,1790774055.106722
10003018,100221,1790774054.918069,1790774055.106771
10003019,100221,1790774054.941921,1790774055.106784
10003020,100221,1790774054.966665,1790774055.106795
10003021,100221,1790774054.991847,1790774055.106809
10003022,100221,1790774055.023179,1790774055.106820
10003023,100221,1790774055.042504,1790774055.106831
10003024,100221,1790774055.067720,1790774055.106842
10003025,100221,1790774055.092225,1790774055.106853
10003026,100221,1790774055.118292,1790774055.316075
10003027,100221,1790774055.147947,1790774055.316120
10003028,100221,1790774055.167012,1790774055.316133
10003029,100221,1790774055.192122,1790774055.316144
10003030,100221,1790774055.216462,1790774055.316154
10003031,100221,1790774055.241676,1790774055.316165
10003032,100221,1790774055.266262,1790774055.316175
10003033,100221,1790774055.291951,1790774055.316188
10003034,100221,1790774055.317123,1790774055.530669
10003035,100221,1790774055.341952,1790774055.530738
10003036,100221,1790774055.366679,1790774055.530755
10003037,100221,1790774055.393640,1790774055.530768
10003038,100221,1790774055.420948,1790774055.530782
10003039,100221,1790774055.441844,1790774055.530795
10003040,100221,1790774055.466501,1790774055.530807
10003041,100221,1790774055.492784,1790774055.530818
10003042,100221,1790774055.518525,1790774055.530830
10003043,100221,1790774055.550230,1790774055.753690
10003044,100221,1790774055.569999,1790774055.753738
10003045,100221,1790774055.600023,1790774055.753754
10003046,100221,1790774055.618728,1790774055.753767
10003047,100221,1790774055.641975,1790774055.753779
10003048,100221,1790774055.668196,1790774055.753791
10003049,100221,1790774055.692366,1790774055.753802
10003050,100221,1790774055.719417,1790774055.753814
10003051,100221,1790774055.741690,1790774055.753825
10003052,100221,1790774055.767458,1790774055.962010
10003053,100221,1790774055.791754,1790774055.962060
10003054,100221,1790774055.817508,1790774055.962078
10003055,100221,1790774055.842253,1790774055.962091
10003056,100221,1790774055.868792,1790774055.962106
10003057,100221,1790774055.891714,1790774055.962120
10003058,100221,1790774055.917637,1790774055.962136
10003059,100221,1790774055.942191,1790774055.962149
10003060,100221,1790774055.967553,1790774056.170149
10003061,100221,1790774055.992416,1790774056.170183
10003062,100221,1790774056.018848,1790774056.170192
10003063,100221,1790774056.042772,1790774056.170198
10003064,100221,1790774056.067447,1790774056.170205
10003065,100221,1790774056.091569,1790774056.170211
10003066,100221,1790774056.118379,1790774056.170218
10003067,100221,1790774056.144496,1790774056.170227
10003068,100221,1790774056.166532,1790774056.376449
10003069,100221,1790774056.191666,1790774056.376486
10003070,100221,1790774056.216185,1790774056.376495
10003071,100221,1790774056.242087,1790774056.376503
10003072,100221,1790774056.270947,1790774056.376510
10003073,100221,1790774056.291510,1790774056.376516
10003074,100221,1790774056.316257,1790774056.376523
10003075,100221,1790774056.350031,1790774056.376529
10003076,100221,1790774056.368437,1790774056.376535
10003077,100221,1790774056.391249,1790774056.583726
10003078,100221,1790774056.416512,1790774056.583758
10003079,100221,1790774056.441508,1790774056.583769
10003080,100221,1790774056.466656,1790774056.583777
10003081,100221,1790774056.491827,1790774056.583785
10003082,100221,1790774056.516378,1790774056.583791
10003083,100221,1790774056.541246,1790774056.583797
10003084,100221,1790774056.566305,1790774056.583804
10003085,100221,1790774056.590700,1790774056.791257
10003086,100221,1790774056.615538,1790774056.791289
10003087,100221,1790774056.639801,1790774056.791298
10003088,100221,1790774056.665590,1790774056.791304
10003089,100221,1790774056.688128,1790774056.791311
10003090,100221,1790774056.713780,1790774056.791320
10003091,100221,1790774056.735867,1790774056.791327
10003092,100221,1790774056.759367,1790774056.791334
10003093,100221,1790774056.782674,1790774056.791340
10003094,100221,1790774056.805380,1790774056.998680
10003095,100221,1790774056.828973,1790774056.998713
10003096,100221,1790774056.852857,1790774056.998721
10003097,100221,1790774056.875267,1790774056.998728
10003098,100221,1790774056.898680,1790774056.998735
10003099,100221,1790774056.920697,1790774056.998741
10003100,100221,1790774056.944370,1790774056.998747
10003101,100221,1790774056.966136,1790774056.998753
10003102,100221,1790774056.989026,1790774056.998760
10003103,100221,1790774057.011851,1790774057.208434
10003104,100221,1790774057.034283,1790774057.208482
10003105,100221,1790774057.055179,1790774057.208499
10003106,100221,1790774057.077434,1790774057.208514
10003107,100221,1790774057.099351,1790774057.208527
10003108,100221,1790774057.121634,1790774057.208538
10003109,100221,1790774057.144675,1790774057.208549
10003110,100221,1790774057.170354,1790774057.208559
10003111,100221,1790774057.186686,1790774057.208570
10003112,100221,1790774057.207961,1790774057.422268
10003113,100221,1790774057.228284,1790774057.422310
10003114,100221,1790774057.249929,1790774057.422324
10003115,100221,1790774057.280154,1790774057.422338
10003116,100221,1790774057.292211,1790774057.422350
10003117,100221,1790774057.315775,1790774057.422362
10003118,100221,1790774057.334161,1790774057.422373
10003119,100221,1790774057.354201,1790774057.422383
10003120,100221,1790774057.375467,1790774057.422395
10003121,100221,1790774057.395152,1790774057.422405
10003122,100221,1790774057.417465,1790774057.631621
10003123,100221,1790774057.441854,1790774057.631653
10003124,100221,1790774057.456583,1790774057.631662
10003125,100221,1790774057.476214,1790774057.631668
10003126,100221,1790774057.497005,1790774057.631675
10003127,100221,1790774057.516504,1790774057.631684
10003128,100221,1790774057.537625,1790774057.631691
10003129,100221,1790774057.556995,1790774057.631698
10003130,100221,1790774057.577076,1790774057.631704
10003131,100221,1790774057.598468,1790774057.631710
10003132,100221,1790774057.618133,1790774057.631716
10003133,100221,1790774057.636450,1790774057.842682
10003134,100221,1790774057.659056,1790774057.842714
10003135,100221,1790774057.676320,1790774057.842723
10003136,100221,1790774057.696779,1790774057.842730
10003137,100221,1790774057.717105,1790774057.842736
10003138,100221,1790774057.737116,1790774057.842743
10003139,100221,1790774057.756628,1790774057.842752
10003140,100221,1790774057.776223,1790774057.842759
10003141,100221,1790774057.796369,1790774057.842765
10003142,100221,1790774057.816267,1790774057.842772
10003143,100221,1790774057.839076,1790774058.060800
10003144,100221,1790774057.856706,1790774058.060842
10003145,100221,1790774057.877147,1790774058.060858
10003146,100221,1790774057.896639,1790774058.060879
10003147,100221,1790774057.916089,1790774058.060891
10003148,100221,1790774057.936960,1790774058.060901
10003149,100221,1790774057.956059,1790774058.060911
10003150,100221,1790774057.977109,1790774058.060924
10003151,100221,1790774057.997088,1790774058.060940
10003152,100221,1790774058.021118,1790774058.060952
10003153,100221,1790774058.037571,1790774058.060961
10003154,100221,1790774058.058347,1790774058.269760
10003155,100221,1790774058.076269,1790774058.269791
10003156,100221,1790774058.096587,1790774058.269801
10003157,100221,1790774058.116645,1790774058.269808
10003158,100221,1790774058.136769,1790774058.269814
10003159,100221,1790774058.157709,1790774058.269820
10003160,100221,1790774058.176847,1790774058.269826
10003161,100221,1790774058.196768,1790774058.269833
10003162,100221,1790774058.215969,1790774058.269841
10003163,100221,1790774058.236745,1790774058.269848
10003164,100221,1790774058.257013,1790774058.269855
10003165,100221,1790774058.276865,1790774058.503781
10003166,100221,1790774058.296995,1790774058.503834
10003167,100221,1790774058.322103,1790774058.503847
10003168,100221,1790774058.337037,1790774058.503859
10003169,100221,1790774058.357220,1790774058.503872
10003170,100221,1790774058.376190,1790774058.503883
10003171,100221,1790774058.396552,1790774058.503894
10003172,100221,1790774058.416583,1790774058.503905
10003173,100221,1790774058.436775,1790774058.503917
10003174,100221,1790774058.458212,1790774058.503929
10003175,100221,1790774058.479015,1790774058.715500
10003176,100221,1790774058.506509,1790774058.715537
10003177,100221,1790774058.515866,1790774058.715547
10003178,100221,1790774058.536296,1790774058.715555
10003179,100221,1790774058.556862,1790774058.715562
10003180,100221,1790774058.575871,1790774058.715569
10003181,100221,1790774058.596671,1790774058.715583
10003182,100221,1790774058.616306,1790774058.715599
10003183,100221,1790774058.636439,1790774058.715605
10003184,100221,1790774058.656818,1790774058.715611
10003185,100221,1790774058.676743,1790774058.715617
10003186,100221,1790774058.696785,1790774058.715623
10003187,100221,1790774058.717569,1790774058.924377
10003188,100221,1790774058.736483,1790774058.924409
10003189,100221,1790774058.756512,1790774058.924419
10003190,100221,1790774058.776513,1790774058.924426
10003191,100221,1790774058.796350,1790774058.924433
10003192,100221,1790774058.816416,1790774058.924439
10003193,100221,1790774058.836664,1790774058.924445
10003194,100221,1790774058.857081,1790774058.924451
10003195,100221,1790774058.876884,1790774058.924457
10003196,100221,1790774058.896029,1790774058.924463
10003197,100221,1790774058.916492,1790774058.924468
10003198,100221,1790774058.936515,1790774059.139825
10003199,100221,1790774058.955915,1790774059.139865
10003200,100221,1790774058.976110,1790774059.139881
10003201,100221,1790774058.996591,1790774059.139893
10003202,100221,1790774059.016597,1790774059.139903
10003203,100221,1790774059.036887,1790774059.139912
10003204,100221,1790774059.056654,1790774059.139922
10003205,100221,1790774059.076227,1790774059.139931
10003206,100221,1790774059.096187,1790774059.139940
10003207,100221,1790774059.116668,1790774059.139952
10003208,100221,1790774059.138690,1790774059.351130
10003209,100221,1790774059.156817,1790774059.351162
10003210,100221,1790774059.176617,1790774059.351170
10003211,100221,1790774059.197134,1790774059.351177
10003212,100221,1790774059.216484,1790774059.351187
10003213,100221,1790774059.237119,1790774059.351194
10003214,100221,1790774059.257219,1790774059.351200
10003215,100221,1790774059.277531,1790774059.351207
10003216,100221,1790774059.298256,1790774059.351213
10003217,100221,1790774059.317137,1790774059.351220
10003218,100221,1790774059.336794,1790774059.351226
10003219,100221,1790774059.357707,1790774059.559941
10003220,100221,1790774059.377005,1790774059.559973
10003221,100221,1790774059.397133,1790774059.559982
10003222,100221,1790774059.416516,1790774059.559988
10003223,100221,1790774059.437797,1790774059.559995
10003224,100221,1790774059.456810,1790774059.560003
10003225,100221,1790774059.476560,1790774059.560009
10003226,100221,1790774059.496613,1790774059.560016
10003227,100221,1790774059.517009,1790774059.560023
10003228,100221,1790774059.537523,1790774059.560030
10003229,100221,1790774059.557807,1790774059.771475
10003230,100221,1790774059.576735,1790774059.771510
10003231,100221,1790774059.597071,1790774059.771519
10003232,100221,1790774059.616952,1790774059.771526
10003233,100221,1790774059.637180,1790774059.771532
10003234,100221,1790774059.657479,1790774059.771538
10003235,100221,1790774059.676468,1790774059.771545
10003236,100221,1790774059.696523,1790774059.771553
10003237,100221,1790774059.716323,1790774059.771559
10003238,100221,1790774059.736685,1790774059.771566
10003239,100221,1790774059.756525,1790774059.771573
10003240,100221,1790774059.778117,1790774059.983584
10003241,100221,1790774059.796658,1790774059.983616
10003242,100221,1790774059.816496,1790774059.983624
10003243,100221,1790774059.836348,1790774059.983631
10003244,100221,1790774059.857177,1790774059.983638
10003245,100221,1790774059.876734,1790774059.983644
10003246,100221,1790774059.896624,1790774059.983650
10003247,100221,1790774059.916746,1790774059.983656
10003248,100221,1790774059.936568,1790774059.983664
10003249,100221,1790774059.957077,1790774059.983670
10003250,100221,1790774059.979213,1790774060.192996
10003251,100221,1790774059.996432,1790774060.193041
10003252,100221,1790774060.019237,1790774060.193055
10003253,100221,1790774060.037696,1790774060.193065
10003254,100221,1790774060.058377,1790774060.193077
10003255,100221,1790774060.079403,1790774060.193097
10003256,100221,1790774060.098480,1790774060.193108
10003257,100221,1790774060.116841,1790774060.193119
10003258,100221,1790774060.141075,1790774060.193130
10003259,100221,1790774060.156499,1790774060.193143
10003260,100221,1790774060.182220,1790774060.193154
10003261,100221,1790774060.198410,1790774060.407914
10003262,100221,1790774060.216324,1790774060.407963
10003263,100221,1790774060.237179,1790774060.407978
10003264,100221,1790774060.256389,1790774060.407991
10003265,100221,1790774060.279564,1790774060.408005
10003266,100221,1790774060.296437,1790774060.408018
10003267,100221,1790774060.316151,1790774060.408031
10003268,100221,1790774060.336479,1790774060.408042
10003269,100221,1790774060.356639,1790774060.408054
10003270,100221,1790774060.379987,1790774060.408065
10003271,100221,1790774060.396665,1790774060.620470
10003272,100221,1790774060.421037,1790774060.620507
10003273,100221,1790774060.436961,1790774060.620518
10003274,100221,1790774060.456030,1790774060.620526
10003275,100221,1790774060.476301,1790774060.620533
10003276,100221,1790774060.497144,1790774060.620542
10003277,100221,1790774060.516281,1790774060.620550
10003278,100221,1790774060.536940,1790774060.620560
10003279,100221,1790774060.556350,1790774060.620568
10003280,100221,1790774060.576486,1790774060.620575
10003281,100221,1790774060.596985,1790774060.620583
10003282,100221,1790774060.617583,1790774060.830932
10003283,100221,1790774060.636466,1790774060.830965
10003284,100221,1790774060.656507,1790774060.830974
10003285,100221,1790774060.676351,1790774060.830984
10003286,100221,1790774060.696327,1790774060.830991
10003287,100221,1790774060.717048,1790774060.830999
10003288,100221,1790774060.737472,1790774060.831006
10003289,100221,1790774060.757017,1790774060.831012
10003290,100221,1790774060.776366,1790774060.831019
10003291,100221,1790774060.797042,1790774060.831026
10003292,100221,1790774060.816874,1790774060.831032
10003293,100221,1790774060.837544,1790774061.040391
10003294,100221,1790774060.856401,1790774061.040484
10003295,100221,1790774060.876443,1790774061.040495
10003296,100221,1790774060.896095,1790774061.040504
10003297,100221,1790774060.916245,1790774061.040513
10003298,100221,1790774060.936051,1790774061.040521
10003299,100221,1790774060.956443,1790774061.040529
10003300,100221,1790774060.976735,1790774061.040537
10003301,100221,1790774060.996341,1790774061.040544
10003302,100221,1790774061.017720,1790774061.040553
10003303,100221,1790774061.036537,1790774061.248996
10003304,100221,1790774061.059283,1790774061.249027
10003305,100221,1790774061.077521,1790774061.249036
10003306,100221,1790774061.098403,1790774061.249043
10003307,100221,1790774061.117131,1790774061.249050
10003308,100221,1790774061.137204,1790774061.249056
10003309,100221,1790774061.156376,1790774061.249064
10003310,100221,1790774061.176817,1790774061.249071
10003311,100221,1790774061.197968,1790774061.249086
10003312,100221,1790774061.219054,1790774061.249095
10003313,100221,1790774061.236524,1790774061.249101
10003314,100221,1790774061.257188,1790774061.457900
10003315,100221,1790774061.276121,1790774061.457930
10003316,100221,1790774061.297036,1790774061.457938
10003317,100221,1790774061.316454,1790774061.457944
10003318,100221,1790774061.336835,1790774061.457952
10003319,100221,1790774061.356985,1790774061.457958
10003320,100221,1790774061.376588,1790774061.457965
10003321,100221,1790774061.397629,1790774061.457973
10003322,100221,1790774061.416251,1790774061.457980
10003323,100221,1790774061.436283,1790774061.457987
10003324,100221,1790774061.456271,1790774061.669499
10003325,100221,1790774061.476915,1790774061.669547
10003326,100221,1790774061.496580,1790774061.669561
10003327,100221,1790774061.517635,1790774061.669573
10003328,100221,1790774061.537077,1790774061.669586
10003329,100221,1790774061.557654,1790774061.669596
10003330,100221,1790774061.577031,1790774061.669606
10003331,100221,1790774061.597194,1790774061.669617
10003332,100221,1790774061.616718,1790774061.669628
10003333,100221,1790774061.637478,1790774061.669641
10003334,100221,1790774061.656705,1790774061.669654
10003335,100221,1790774061.679128,1790774061.884514
10003336,100221,1790774061.698255,1790774061.884547
10003337,100221,1790774061.716687,1790774061.884557
10003338,100221,1790774061.737055,1790774061.884564
10003339,100221,1790774061.756637,1790774061.884571
10003340,100221,1790774061.777017,1790774061.884577
10003341,100221,1790774061.797882,1790774061.884583
10003342,100221,1790774061.818084,1790774061.884590
10003343,100221,1790774061.836720,1790774061.884597
10003344,100221,1790774061.857672,1790774061.884602
10003345,100221,1790774061.878729,1790774062.096952
10003346,100221,1790774061.900356,1790774062.097002
10003347,100221,1790774061.918640,1790774062.097017
10003348,100221,1790774061.937711,1790774062.097030
10003349,100221,1790774061.956756,1790774062.097042
10003350,100221,1790774061.978578,1790774062.097053
10003351,100221,1790774061.997613,1790774062.097064
10003352,100221,1790774062.023235,1790774062.097074
10003353,100221,1790774062.047650,1790774062.097085
10003354,100221,1790774062.058261,1790774062.097095
10003355,100221,1790774062.076857,1790774062.097106
10003356,100221,1790774062.096430,1790774062.309113
10003357,100221,1790774062.117932,1790774062.309150
10003358,100221,1790774062.140415,1790774062.309162
10003359,100221,1790774062.157708,1790774062.309169
10003360,100221,1790774062.176947,1790774062.309177
10003361,100221,1790774062.196637,1790774062.309184
10003362,100221,1790774062.222398,1790774062.309190
10003363,100221,1790774062.236084,1790774062.309196
10003364,100221,1790774062.258160,1790774062.309203
10003365,100221,1790774062.276783,1790774062.309209
10003366,100221,1790774062.297278,1790774062.309216
10003367,100221,1790774062.318094,1790774062.519976
10003368,100221,1790774062.339281,1790774062.520017
10003369,100221,1790774062.357046,1790774062.520030
10003370,100221,1790774062.376339,1790774062.520042
10003371,100221,1790774062.397031,1790774062.520053
10003372,100221,1790774062.417481,1790774062.520064
10003373,100221,1790774062.436932,1790774062.520074
10003374,100221,1790774062.456873,1790774062.520084
10003375,100221,1790774062.477692,1790774062.520093
10003376,100221,1790774062.497831,1790774062.520103
10003377,100221,1790774062.517566,1790774062.730271
10003378,100221,1790774062.536854,1790774062.730320
10003379,100221,1790774062.557576,1790774062.730330
10003380,100221,1790774062.578041,1790774062.730480
10003381,100221,1790774062.598744,1790774062.730488
10003382,100221,1790774062.622316,1790774062.730496
10003383,100221,1790774062.640025,1790774062.730504
10003384,100221,1790774062.659922,1790774062.730510
10003385,100221,1790774062.679912,1790774062.730517
10003386,100221,1790774062.696993,1790774062.730523
10003387,100221,1790774062.716525,1790774062.730529
10003388,100221,1790774062.738348,1790774062.943007
10003389,100221,1790774062.758971,1790774062.943041
10003390,100221,1790774062.776595,1790774062.943052
10003391,100221,1790774062.801345,1790774062.943061
10003392,100221,1790774062.826643,1790774062.943068
10003393,100221,1790774062.838035,1790774062.943075
10003394,100221,1790774062.859863,1790774062.943083
10003395,100221,1790774062.879729,1790774062.943092
10003396,100221,1790774062.896654,1790774062.943099
10003397,100221,1790774062.916880,1790774062.943106
10003398,100221,1790774062.936734,1790774063.150592
10003399,100221,1790774062.957518,1790774063.150640
10003400,100221,1790774062.977251,1790774063.150847
10003401,100221,1790774062.996601,1790774063.150861
10003402,100221,1790774063.017486,1790774063.150873
10003403,100221,1790774063.036410,1790774063.150883
10003404,100221,1790774063.056915,1790774063.150894
10003405,100221,1790774063.077253,1790774063.150906
10003406,100221,1790774063.096912,1790774063.150919
10003407,100221,1790774063.126157,1790774063.150931
10003408,100221,1790774063.140137,1790774063.150943
10003409,100221,1790774063.156473,1790774063.360440
10003410,100221,1790774063.176595,1790774063.360481
10003411,100221,1790774063.196623,1790774063.360494
10003412,100221,1790774063.216443,1790774063.360504
10003413,100221,1790774063.236668,1790774063.360525
10003414,100221,1790774063.256677,1790774063.360536
10003415,100221,1790774063.276639,1790774063.360778
10003416,100221,1790774063.296886,1790774063.360794
10003417,100221,1790774063.316288,1790774063.360807
10003418,100221,1790774063.336750,1790774063.360822
10003419,100221,1790774063.357624,1790774063.568753
10003420,100221,1790774063.376383,1790774063.568798
10003421,100221,1790774063.396507,1790774063.568806
10003422,100221,1790774063.416775,1790774063.568814
10003423,100221,1790774063.438442,1790774063.568820
10003424,100221,1790774063.459488,1790774063.568826
10003425,100221,1790774063.483794,1790774063.568832
10003426,100221,1790774063.497236,1790774063.568838
10003427,100221,1790774063.521170,1790774063.568844
10003428,100221,1790774063.536068,1790774063.568850
10003429,100221,1790774063.557096,1790774063.568856
10003430,100221,1790774063.576423,1790774063.777530
10003431,100221,1790774063.596920,1790774063.777564
10003432,100221,1790774063.617038,1790774063.777574
10003433,100221,1790774063.637235,1790774063.777581
10003434,100221,1790774063.664392,1790774063.777588
10003435,100221,1790774063.676544,1790774063.777594
10003436,100221,1790774063.696626,1790774063.777600
10003437,100221,1790774063.716456,1790774063.777607
10003438,100221,1790774063.736487,1790774063.777613
10003439,100221,1790774063.756398,1790774063.777628
10003440,100221,1790774063.777020,1790774063.985739
10003441,100221,1790774063.796747,1790774063.985771
10003442,100221,1790774063.816128,1790774063.985780
10003443,100221,1790774063.836894,1790774063.985790
10003444,100221,1790774063.857035,1790774063.985798
10003445,100221,1790774063.876241,1790774063.985804
10003446,100221,1790774063.896619,1790774063.985811
10003447,100221,1790774063.916202,1790774063.985817
10003448,100221,1790774063.936210,1790774063.985824
10003449,100221,1790774063.956732,1790774063.985830
10003450,100221,1790774063.977159,1790774063.985836
10003451,100221,1790774063.996378,1790774064.203730
10003452,100221,1790774064.021417,1790774064.203784
10003453,100221,1790774064.037894,1790774064.203798
10003454,100221,1790774064.057683,1790774064.203810
10003455,100221,1790774064.078596,1790774064.203824
10003456,100221,1790774064.100435,1790774064.203837
10003457,100221,1790774064.121966,1790774064.203849
10003458,100221,1790774064.150724,1790774064.203860
10003459,100221,1790774064.157996,1790774064.203872
10003460,100221,1790774064.180839,1790774064.411836
10003461,100221,1790774064.228571,1790774064.411894
10003462,100221,1790774064.218858,1790774064.411880
10003463,100221,1790774064.259759,1790774064.411907
10003464,100221,1790774064.270536,1790774064.411919
10003465,100221,1790774064.282147,1790774064.411931
10003466,100221,1790774064.308956,1790774064.411944
10003467,100221,1790774064.330089,1790774064.411956
10003468,100221,1790774064.337341,1790774064.411969
10003469,100221,1790774064.357330,1790774064.411980
10003470,100221,1790774064.377482,1790774064.411990
10003471,100221,1790774064.397538,1790774064.412002
10003472,100221,1790774064.419024,1790774064.623007
10003473,100221,1790774064.436520,1790774064.623045
10003474,100221,1790774064.457478,1790774064.623054
10003475,100221,1790774064.476884,1790774064.623061
10003476,100221,1790774064.497159,1790774064.623068
10003477,100221,1790774064.517056,1790774064.623075
10003478,100221,1790774064.538227,1790774064.623081
10003479,100221,1790774064.556607,1790774064.623089
10003480,100221,1790774064.577066,1790774064.623096
10003481,100221,1790774064.597229,1790774064.623102
10003482,100221,1790774064.616346,1790774064.830238
10003483,100221,1790774064.637940,1790774064.830272
10003484,100221,1790774064.658389,1790774064.830281
10003485,100221,1790774064.677510,1790774064.830289
10003486,100221,1790774064.697535,1790774064.830296
10003487,100221,1790774064.717367,1790774064.830302
10003488,100221,1790774064.739652,1790774064.830308
10003489,100221,1790774064.756389,1790774064.830315
10003490,100221,1790774064.777111,1790774064.830322
10003491,100221,1790774064.796636,1790774064.830330
10003492,100221,1790774064.818359,1790774064.830336
10003493,100221,1790774064.837484,1790774065.039886
10003494,100221,1790774064.859314,1790774065.039920
10003495,100221,1790774064.878324,1790774065.039928
10003496,100221,1790774064.897094,1790774065.039935
10003497,100221,1790774064.919338,1790774065.039942
10003498,100221,1790774064.937632,1790774065.039949
10003499,100221,1790774064.957798,1790774065.039955
10003500,100221,1790774064.977823,1790774065.039962
10003501,100221,1790774064.996460,1790774065.039968
10003502,100221,1790774065.024684,1790774065.039974
10003503,100221,1790774065.036900,1790774065.248696
10003504,100221,1790774065.070597,1790774065.248732
10003505,100221,1790774065.077732,1790774065.248744
10003506,100221,1790774065.106106,1790774065.248751
10003507,100221,1790774065.119368,1790774065.248758
10003508,100221,1790774065.136212,1790774065.248765
10003509,100221,1790774065.157144,1790774065.248771
10003510,100221,1790774065.176593,1790774065.248777
10003511,100221,1790774065.197105,1790774065.248783
10003512,100221,1790774065.229847,1790774065.248789
10003513,100221,1790774065.240235,1790774065.248795
10003514,100221,1790774065.259903,1790774065.458519
10003515,100221,1790774065.276791,1790774065.458559
10003516,100221,1790774065.296526,1790774065.458573
10003517,100221,1790774065.317169,1790774065.458585
10003518,100221,1790774065.337548,1790774065.458596
10003519,100221,1790774065.356931,1790774065.458607
10003520,100221,1790774065.381330,1790774065.458617
10003521,100221,1790774065.400767,1790774065.458629
10003522,100221,1790774065.428087,1790774065.458639
10003523,100221,1790774065.440083,1790774065.458649
10003524,100221,1790774065.457404,1790774065.668966
10003525,100221,1790774065.476583,1790774065.669007
10003526,100221,1790774065.497242,1790774065.669017
10003527,100221,1790774065.517222,1790774065.669025
10003528,100221,1790774065.537975,1790774065.669032
10003529,100221,1790774065.557625,1790774065.669039
10003530,100221,1790774065.578367,1790774065.669060
10003531,100221,1790774065.597860,1790774065.669071
10003532,100221,1790774065.617697,1790774065.669078
10003533,100221,1790774065.637505,1790774065.669084
10003534,100221,1790774065.656632,1790774065.669091
10003535,100221,1790774065.676262,1790774065.879312
10003536,100221,1790774065.697587,1790774065.879355
10003537,100221,1790774065.716020,1790774065.879367
10003538,100221,1790774065.736481,1790774065.879379
10003539,100221,1790774065.756211,1790774065.879391
10003540,100221,1790774065.776973,1790774065.879414
10003541,100221,1790774065.795961,1790774065.879424
10003542,100221,1790774065.816459,1790774065.879432
10003543,100221,1790774065.836065,1790774065.879443
10003544,100221,1790774065.857113,1790774065.879453
10003545,100221,1790774065.877269,1790774066.087389
10003546,100221,1790774065.896315,1790774066.087423
10003547,100221,1790774065.916201,1790774066.087432
10003548,100221,1790774065.936515,1790774066.087440
10003549,100221,1790774065.956995,1790774066.087446
10003550,100221,1790774065.977101,1790774066.087453
10003551,100221,1790774065.997011,1790774066.087460
10003552,100221,1790774066.017088,1790774066.087468
10003553,100221,1790774066.036391,1790774066.087475
10003554,100221,1790774066.059926,1790774066.087481
10003555,100221,1790774066.076324,1790774066.087488
10003556,100221,1790774066.096982,1790774066.296801
10003557,100221,1790774066.115966,1790774066.296839
10003558,100221,1790774066.136961,1790774066.296853
10003559,100221,1790774066.157056,1790774066.296865
10003560,100221,1790774066.176944,1790774066.296876
10003561,100221,1790774066.199126,1790774066.296886
10003562,100221,1790774066.216510,1790774066.296895
10003563,100221,1790774066.237446,1790774066.296905
10003564,100221,1790774066.256574,1790774066.296916
10003565,100221,1790774066.276546,1790774066.296926
10003566,100221,1790774066.296747,1790774066.505942
10003567,100221,1790774066.316490,1790774066.505978
10003568,100221,1790774066.338392,1790774066.505989
10003569,100221,1790774066.356597,1790774066.505997
10003570,100221,1790774066.380406,1790774066.506006
10003571,100221,1790774066.396356,1790774066.506014
10003572,100221,1790774066.416602,1790774066.506021
10003573,100221,1790774066.436985,1790774066.506028
10003574,100221,1790774066.456232,1790774066.506035
10003575,100221,1790774066.476165,1790774066.506043
10003576,100221,1790774066.497076,1790774066.506052
10003577,100221,1790774066.517203,1790774066.716667
10003578,100221,1790774066.537380,1790774066.716699
10003579,100221,1790774066.556131,1790774066.716708
10003580,100221,1790774066.577109,1790774066.716718
10003581,100221,1790774066.596253,1790774066.716725
10003582,100221,1790774066.616617,1790774066.716732
10003583,100221,1790774066.636592,1790774066.716738
10003584,100221,1790774066.657082,1790774066.716800
10003585,100221,1790774066.677543,1790774066.716807
10003586,100221,1790774066.696665,1790774066.716813
10003587,100221,1790774066.717595,1790774066.927078
10003588,100221,1790774066.736827,1790774066.927118
10003589,100221,1790774066.756870,1790774066.927129
10003590,100221,1790774066.776252,1790774066.927147
10003591,100221,1790774066.796804,1790774066.927154
10003592,100221,1790774066.820230,1790774066.927162
10003593,100221,1790774066.836375,1790774066.927168
10003594,100221,1790774066.857161,1790774066.927175
10003595,100221,1790774066.877442,1790774066.927181
10003596,100221,1790774066.896794,1790774066.927188
10003597,100221,1790774066.917449,1790774066.927194
10003598,100221,1790774066.937721,1790774067.138858
10003599,100221,1790774066.957971,1790774067.138903
10003600,100221,1790774066.977489,1790774067.138917
10003601,100221,1790774066.997509,1790774067.138930
10003602,100221,1790774067.017644,1790774067.138941
10003603,100221,1790774067.037562,1790774067.138951
10003604,100221,1790774067.056802,1790774067.138963
10003605,100221,1790774067.076725,1790774067.139176
10003606,100221,1790774067.097519,1790774067.139189
10003607,100221,1790774067.116914,1790774067.139200
10003608,100221,1790774067.138136,1790774067.350491
10003609,100221,1790774067.157920,1790774067.350528
10003610,100221,1790774067.177082,1790774067.350537
10003611,100221,1790774067.196905,1790774067.350544
10003612,100221,1790774067.216885,1790774067.350554
10003613,100221,1790774067.237113,1790774067.350560
10003614,100221,1790774067.256689,1790774067.350567
10003615,100221,1790774067.277495,1790774067.350574
10003616,100221,1790774067.296577,1790774067.350589
10003617,100221,1790774067.318146,1790774067.350596
10003618,100221,1790774067.338501,1790774067.350610
10003619,100221,1790774067.357136,1790774067.560183
10003620,100221,1790774067.378381,1790774067.560230
10003621,100221,1790774067.396466,1790774067.560259
10003622,100221,1790774067.418780,1790774067.560271
10003623,100221,1790774067.436690,1790774067.560523
10003624,100221,1790774067.456432,1790774067.560537
10003625,100221,1790774067.476498,1790774067.560548
10003626,100221,1790774067.496418,1790774067.560558
10003627,100221,1790774067.516347,1790774067.560569
10003628,100221,1790774067.539881,1790774067.560581
10003629,100221,1790774067.557922,1790774067.768613
10003630,100221,1790774067.576645,1790774067.768649
10003631,100221,1790774067.597073,1790774067.768659
10003632,100221,1790774067.619983,1790774067.768667
10003633,100221,1790774067.638789,1790774067.768675
10003634,100221,1790774067.656994,1790774067.768683
10003635,100221,1790774067.676831,1790774067.768698
10003636,100221,1790774067.696244,1790774067.768705
10003637,100221,1790774067.716562,1790774067.768713
10003638,100221,1790774067.736215,1790774067.768720
10003639,100221,1790774067.756812,1790774067.768727
10003640,100221,1790774067.776557,1790774067.983051
10003641,100221,1790774067.796608,1790774067.983086
10003642,100221,1790774067.817053,1790774067.983095
10003643,100221,1790774067.836664,1790774067.983102
10003644,100221,1790774067.857018,1790774067.983109
10003645,100221,1790774067.876611,1790774067.983116
10003646,100221,1790774067.898702,1790774067.983123
10003647,100221,1790774067.916130,1790774067.983129
10003648,100221,1790774067.941285,1790774067.983136
10003649,100221,1790774067.962426,1790774067.983142
10003650,100221,1790774067.978348,1790774068.209827
10003651,100221,1790774067.997919,1790774068.209875
10003652,100221,1790774068.018449,1790774068.209890
10003653,100221,1790774068.037043,1790774068.209901
10003654,100221,1790774068.057118,1790774068.209910
10003655,100221,1790774068.076950,1790774068.209920
10003656,100221,1790774068.097699,1790774068.209929
10003657,100221,1790774068.116880,1790774068.209937
10003658,100221,1790774068.137649,1790774068.209947
10003659,100221,1790774068.157156,1790774068.209968
10003660,100221,1790774068.196373,1790774068.425056
10003661,100221,1790774068.203248,1790774068.425100
10003662,100221,1790774068.220128,1790774068.425113
10003663,100221,1790774068.237108,1790774068.425124
10003664,100221,1790774068.260061,1790774068.425135
10003665,100221,1790774068.279947,1790774068.425150
10003666,100221,1790774068.296405,1790774068.425160
10003667,100221,1790774068.317070,1790774068.425171
10003668,100221,1790774068.354865,1790774068.425182
10003669,100221,1790774068.362865,1790774068.425193
10003670,100221,1790774068.379458,1790774068.425205
10003671,100221,1790774068.397317,1790774068.425215
10003672,100221,1790774068.417597,1790774068.637172
10003673,100221,1790774068.437596,1790774068.637223
10003674,100221,1790774068.457645,1790774068.637237
10003675,100221,1790774068.477795,1790774068.637248
10003676,100221,1790774068.497236,1790774068.637260
10003677,100221,1790774068.520243,1790774068.637276
10003678,100221,1790774068.536825,1790774068.637288
10003679,100221,1790774068.556574,1790774068.637301
10003680,100221,1790774068.577203,1790774068.637408
10003681,100221,1790774068.596911,1790774068.637420
10003682,100221,1790774068.617005,1790774068.637431
10003683,100221,1790774068.637617,1790774068.845597
10003684,100221,1790774068.656947,1790774068.845631
10003685,100221,1790774068.677251,1790774068.845640
10003686,100221,1790774068.696435,1790774068.845648
10003687,100221,1790774068.716473,1790774068.845655
10003688,100221,1790774068.736765,1790774068.845662
10003689,100221,1790774068.756820,1790774068.845669
10003690,100221,1790774068.776719,1790774068.845675
10003691,100221,1790774068.796913,1790774068.845682
10003692,100221,1790774068.817015,1790774068.845688
10003693,100221,1790774068.836719,1790774068.845694
10003694,100221,1790774068.857092,1790774069.052117
10003695,100221,1790774068.876580,1790774069.052150
10003696,100221,1790774068.896473,1790774069.052158
10003697,100221,1790774068.917824,1790774069.052167
10003698,100221,1790774068.936921,1790774069.052175
10003699,100221,1790774068.956108,1790774069.052181
10003700,100221,1790774068.976865,1790774069.052188
10003701,100221,1790774068.996380,1790774069.052196
10003702,100221,1790774069.019272,1790774069.052202
10003703,100221,1790774069.037880,1790774069.052208
10003704,100221,1790774069.056331,1790774069.272035
10003705,100221,1790774069.076815,1790774069.272082
10003706,100221,1790774069.096759,1790774069.272095
10003707,100221,1790774069.116567,1790774069.272106
10003708,100221,1790774069.137602,1790774069.272118
10003709,100221,1790774069.156967,1790774069.272129
10003710,100221,1790774069.176346,1790774069.272140
10003711,100221,1790774069.197016,1790774069.272150
10003712,100221,1790774069.220054,1790774069.272161
10003713,100221,1790774069.237078,1790774069.272172
10003714,100221,1790774069.257020,1790774069.482520
10003715,100221,1790774069.277222,1790774069.482564
10003716,100221,1790774069.297397,1790774069.482578
10003717,100221,1790774069.316902,1790774069.482589
10003718,100221,1790774069.337086,1790774069.482599
10003719,100221,1790774069.357024,1790774069.482610
10003720,100221,1790774069.377840,1790774069.482621
10003721,100221,1790774069.397155,1790774069.482632
10003722,100221,1790774069.418105,1790774069.482642
10003723,100221,1790774069.437117,1790774069.482652
10003724,100221,1790774069.457168,1790774069.482663
10003725,100221,1790774069.478813,1790774069.696342
10003726,100221,1790774069.497477,1790774069.696388
10003727,100221,1790774069.517673,1790774069.696400
10003728,100221,1790774069.537453,1790774069.696414
10003729,100221,1790774069.556912,1790774069.696424
10003730,100221,1790774069.577491,1790774069.696444
10003731,100221,1790774069.597403,1790774069.696457
10003732,100221,1790774069.617858,1790774069.696468
10003733,100221,1790774069.636518,1790774069.696479
10003734,100221,1790774069.657922,1790774069.696492
10003735,100221,1790774069.676470,1790774069.696569
10003736,100221,1790774069.697688,1790774069.904954
10003737,100221,1790774069.717516,1790774069.904987
10003738,100221,1790774069.736658,1790774069.904996
10003739,100221,1790774069.756995,1790774069.905003
10003740,100221,1790774069.776469,1790774069.905011
10003741,100221,1790774069.796588,1790774069.905017
10003742,100221,1790774069.816890,1790774069.905024
10003743,100221,1790774069.837180,1790774069.905031
10003744,100221,1790774069.856775,1790774069.905037
10003745,100221,1790774069.877138,1790774069.905045
10003746,100221,1790774069.896697,1790774069.905052
10003747,100221,1790774069.916467,1790774070.121194
10003748,100221,1790774069.936908,1790774070.121247
10003749,100221,1790774069.956151,1790774070.121260
10003750,100221,1790774069.977033,1790774070.121271
10003751,100221,1790774069.996144,1790774070.121281
10003752,100221,1790774070.016893,1790774070.121290
10003753,100221,1790774070.039965,1790774070.121300
10003754,100221,1790774070.068979,1790774070.121450
10003755,100221,1790774070.081608,1790774070.121462
10003756,100221,1790774070.110650,1790774070.333803
10003757,100221,1790774070.133633,1790774070.333853
10003758,100221,1790774070.142093,1790774070.333868
10003759,100221,1790774070.164261,1790774070.333880
10003760,100221,1790774070.185464,1790774070.333891
10003761,100221,1790774070.197488,1790774070.333903
10003762,100221,1790774070.218881,1790774070.333914
10003763,100221,1790774070.236798,1790774070.333925
10003764,100221,1790774070.256952,1790774070.333937
10003765,100221,1790774070.276867,1790774070.333949
10003766,100221,1790774070.298106,1790774070.333960
10003767,100221,1790774070.318521,1790774070.333972
10003768,100221,1790774070.339207,1790774070.546602
10003769,100221,1790774070.357372,1790774070.546649
10003770,100221,1790774070.391406,1790774070.546663
10003771,100221,1790774070.425969,1790774070.546674
10003772,100221,1790774070.430382,1790774070.546686
10003773,100221,1790774070.441493,1790774070.546696
10003774,100221,1790774070.462898,1790774070.546708
10003775,100221,1790774070.477487,1790774070.546719
10003776,100221,1790774070.496858,1790774070.546730
10003777,100221,1790774070.516974,1790774070.546741
10003778,100221,1790774070.538038,1790774070.546751
10003779,100221,1790774070.557654,1790774070.757555
10003780,100221,1790774070.577142,1790774070.757595
10003781,100221,1790774070.597456,1790774070.757609
10003782,100221,1790774070.617868,1790774070.757620
10003783,100221,1790774070.638139,1790774070.757631
10003784,100221,1790774070.658552,1790774070.757641
10003785,100221,1790774070.677163,1790774070.757652
10003786,100221,1790774070.697085,1790774070.757663
10003787,100221,1790774070.717031,1790774070.757674
10003788,100221,1790774070.737736,1790774070.757685
10003789,100221,1790774070.756798,1790774070.966498
10003790,100221,1790774070.776362,1790774070.966536
10003791,100221,1790774070.796795,1790774070.966547
10003792,100221,1790774070.816339,1790774070.966554
10003793,100221,1790774070.836341,1790774070.966562
10003794,100221,1790774070.856264,1790774070.966570
10003795,100221,1790774070.876466,1790774070.966576
10003796,100221,1790774070.896503,1790774070.966584
10003797,100221,1790774070.917975,1790774070.966592
10003798,100221,1790774070.936409,1790774070.966598
10003799,100221,1790774070.956329,1790774070.966606
10003800,100221,1790774070.976673,1790774071.177130
10003801,100221,1790774070.996572,1790774071.177175
10003802,100221,1790774071.016844,1790774071.177189
10003803,100221,1790774071.040643,1790774071.177197
10003804,100221,1790774071.063479,1790774071.177205
10003805,100221,1790774071.076602,1790774071.177212
10003806,100221,1790774071.096811,1790774071.177219
10003807,100221,1790774071.117499,1790774071.177226
10003808,100221,1790774071.136603,1790774071.177233
10003809,100221,1790774071.156860,1790774071.177239
10003810,100221,1790774071.176594,1790774071.385361
10003811,100221,1790774071.196960,1790774071.385399
10003812,100221,1790774071.216254,1790774071.385408
10003813,100221,1790774071.235996,1790774071.385416
10003814,100221,1790774071.256658,1790774071.385422
10003815,100221,1790774071.276088,1790774071.385429
10003816,100221,1790774071.296839,1790774071.385435
10003817,100221,1790774071.316179,1790774071.385442
10003818,100221,1790774071.336881,1790774071.385448
10003819,100221,1790774071.356746,1790774071.385455
10003820,100221,1790774071.376270,1790774071.385461
10003821,100221,1790774071.396097,1790774071.594927
10003822,100221,1790774071.416842,1790774071.594960
10003823,100221,1790774071.437082,1790774071.594970
10003824,100221,1790774071.457023,1790774071.594977
10003825,100221,1790774071.477254,1790774071.594984
10003826,100221,1790774071.495976,1790774071.594991
10003827,100221,1790774071.517151,1790774071.594997
10003828,100221,1790774071.537181,1790774071.595003
10003829,100221,1790774071.556956,1790774071.595010
10003830,100221,1790774071.577038,1790774071.595016
10003831,100221,1790774071.596719,1790774071.802333
10003832,100221,1790774071.616055,1790774071.802371
10003833,100221,1790774071.637041,1790774071.802381
10003834,100221,1790774071.656820,1790774071.802389
10003835,100221,1790774071.677469,1790774071.802397
10003836,100221,1790774071.696285,1790774071.802405
10003837,100221,1790774071.715968,1790774071.802412
10003838,100221,1790774071.736274,1790774071.802419
10003839,100221,1790774071.756841,1790774071.802425
10003840,100221,1790774071.777167,1790774071.802432
10003841,100221,1790774071.796329,1790774072.016028
10003842,100221,1790774071.816612,1790774072.016089
10003843,100221,1790774071.836678,1790774072.016104
10003844,100221,1790774071.856980,1790774072.016116
10003845,100221,1790774071.876981,1790774072.016128
10003846,100221,1790774071.896983,1790774072.016140
10003847,100221,1790774071.915574,1790774072.016152
10003848,100221,1790774071.936586,1790774072.016163
10003849,100221,1790774071.960181,1790774072.016175
10003850,100221,1790774071.978317,1790774072.016186
10003851,100221,1790774071.996742,1790774072.016197
10003852,100221,1790774072.019683,1790774072.224223
10003853,100221,1790774072.037555,1790774072.224257
10003854,100221,1790774072.057519,1790774072.224266
10003855,100221,1790774072.076648,1790774072.224273
10003856,100221,1790774072.098872,1790774072.224280
10003857,100221,1790774072.115731,1790774072.224287
10003858,100221,1790774072.136684,1790774072.224293
10003859,100221,1790774072.157125,1790774072.224299
10003860,100221,1790774072.177110,1790774072.224305
10003861,100221,1790774072.196258,1790774072.224311
10003862,100221,1790774072.215937,1790774072.224317
10003863,100221,1790774072.236477,1790774072.432998
10003864,100221,1790774072.256122,1790774072.433034
10003865,100221,1790774072.276523,1790774072.433044
10003866,100221,1790774072.296443,1790774072.433051
10003867,100221,1790774072.317158,1790774072.433059
10003868,100221,1790774072.337296,1790774072.433065
10003869,100221,1790774072.357451,1790774072.433113
10003870,100221,1790774072.376546,1790774072.433140
10003871,100221,1790774072.396738,1790774072.433150
10003872,100221,1790774072.416287,1790774072.433159
10003873,100221,1790774072.438667,1790774072.641684
10003874,100221,1790774072.456382,1790774072.641734
10003875,100221,1790774072.476673,1790774072.641748
10003876,100221,1790774072.496610,1790774072.641760
10003877,100221,1790774072.516177,1790774072.641928
10003878,100221,1790774072.535992,1790774072.641939
10003879,100221,1790774072.556895,1790774072.641946
10003880,100221,1790774072.577117,1790774072.641952
10003881,100221,1790774072.596242,1790774072.641959
10003882,100221,1790774072.616201,1790774072.641965
10003883,100221,1790774072.637064,1790774072.848674
10003884,100221,1790774072.656480,1790774072.848708
10003885,100221,1790774072.681116,1790774072.848716
10003886,100221,1790774072.696960,1790774072.848723
10003887,100221,1790774072.716185,1790774072.848731
10003888,100221,1790774072.737215,1790774072.848737
10003889,100221,1790774072.756248,1790774072.848743
10003890,100221,1790774072.776424,1790774072.848749
10003891,100221,1790774072.796523,1790774072.848755
10003892,100221,1790774072.816542,1790774072.848762
10003893,100221,1790774072.836492,1790774072.848772
10003894,100221,1790774072.856343,1790774073.055922
10003895,100221,1790774072.876329,1790774073.055966
10003896,100221,1790774072.896530,1790774073.055979
10003897,100221,1790774072.915821,1790774073.055989
10003898,100221,1790774072.937156,1790774073.055998
10003899,100221,1790774072.956295,1790774073.056007
10003900,100221,1790774072.976886,1790774073.056018
10003901,100221,1790774072.996897,1790774073.056028
10003902,100221,1790774073.017263,1790774073.056038
10003903,100221,1790774073.039265,1790774073.056048
10003904,100221,1790774073.057931,1790774073.265012
10003905,100221,1790774073.079759,1790774073.265045
10003906,100221,1790774073.097402,1790774073.265054
10003907,100221,1790774073.119871,1790774073.265061
10003908,100221,1790774073.140288,1790774073.265069
10003909,100221,1790774073.157000,1790774073.265075
10003910,100221,1790774073.176339,1790774073.265081
10003911,100221,1790774073.196989,1790774073.265087
10003912,100221,1790774073.215903,1790774073.265093
10003913,100221,1790774073.236609,1790774073.265100
10003914,100221,1790774073.256770,1790774073.481799
10003915,100221,1790774073.277116,1790774073.481847
10003916,100221,1790774073.296982,1790774073.481859
10003917,100221,1790774073.315689,1790774073.481869
10003918,100221,1790774073.335996,1790774073.481878
10003919,100221,1790774073.356300,1790774073.481887
10003920,100221,1790774073.376967,1790774073.481898
10003921,100221,1790774073.397163,1790774073.481907
10003922,100221,1790774073.416227,1790774073.481915
10003923,100221,1790774073.436903,1790774073.481924
10003924,100221,1790774073.459990,1790774073.481933
10003925,100221,1790774073.483053,1790774073.690638
10003926,100221,1790774073.498683,1790774073.690672
10003927,100221,1790774073.517602,1790774073.690682
10003928,100221,1790774073.536411,1790774073.690689
10003929,100221,1790774073.556523,1790774073.690696
10003930,100221,1790774073.576122,1790774073.690702
10003931,100221,1790774073.596923,1790774073.690709
10003932,100221,1790774073.616392,1790774073.690716
10003933,100221,1790774073.636400,1790774073.690731
10003934,100221,1790774073.656053,1790774073.690738
10003935,100221,1790774073.676025,1790774073.690744
10003936,100221,1790774073.696832,1790774073.899312
10003937,100221,1790774073.716441,1790774073.899347
10003938,100221,1790774073.736394,1790774073.899356
10003939,100221,1790774073.756934,1790774073.899363
10003940,100221,1790774073.776454,1790774073.899370
10003941,100221,1790774073.796369,1790774073.899376
10003942,100221,1790774073.816256,1790774073.899382
10003943,100221,1790774073.836553,1790774073.899388
10003944,100221,1790774073.856141,1790774073.899396
10003945,100221,1790774073.876971,1790774073.899402
10003946,100221,1790774073.896748,1790774074.107051
10003947,100221,1790774073.916733,1790774074.107085
10003948,100221,1790774073.936501,1790774074.107094
10003949,100221,1790774073.955967,1790774074.107102
10003950,100221,1790774073.976273,1790774074.107109
10003951,100221,1790774073.996178,1790774074.107115
10003952,100221,1790774074.017187,1790774074.107122
10003953,100221,1790774074.037181,1790774074.107128
10003954,100221,1790774074.055998,1790774074.107135
10003955,100221,1790774074.076876,1790774074.107141
10003956,100221,1790774074.096898,1790774074.107147
10003957,100221,1790774074.116873,1790774074.316449
10003958,100221,1790774074.136895,1790774074.316491
10003959,100221,1790774074.157688,1790774074.316505
10003960,100221,1790774074.175931,1790774074.316515
10003961,100221,1790774074.196883,1790774074.316525
10003962,100221,1790774074.216547,1790774074.316534
10003963,100221,1790774074.236403,1790774074.316544
10003964,100221,1790774074.256212,1790774074.316554
10003965,100221,1790774074.276489,1790774074.316564
10003966,100221,1790774074.296411,1790774074.316575
10003967,100221,1790774074.316622,1790774074.526235
10003968,100221,1790774074.338540,1790774074.526281
10003969,100221,1790774074.361759,1790774074.526295
10003970,100221,1790774074.378707,1790774074.526309
10003971,100221,1790774074.398713,1790774074.526322
10003972,100221,1790774074.421471,1790774074.526333
10003973,100221,1790774074.437046,1790774074.526348
10003974,100221,1790774074.464634,1790774074.526360
10003975,100221,1790774074.477649,1790774074.526371
10003976,100221,1790774074.496794,1790774074.526383
10003977,100221,1790774074.517869,1790774074.526395
10003978,100221,1790774074.553579,1790774074.735546
10003979,100221,1790774074.563664,1790774074.735592
10003980,100221,1790774074.590217,1790774074.735609
10003981,100221,1790774074.598356,1790774074.735621
10003982,100221,1790774074.621934,1790774074.735635
10003983,100221,1790774074.636590,1790774074.735646
10003984,100221,1790774074.656469,1790774074.735659
10003985,100221,1790774074.676237,1790774074.735670
10003986,100221,1790774074.695959,1790774074.735681
10003987,100221,1790774074.716556,1790774074.735691
10003988,100221,1790774074.736320,1790774074.943677
10003989,100221,1790774074.756643,1790774074.943711
10003990,100221,1790774074.776543,1790774074.943720
10003991,100221,1790774074.796223,1790774074.943728
10003992,100221,1790774074.816377,1790774074.943735
10003993,100221,1790774074.836230,1790774074.943741
10003994,100221,1790774074.857278,1790774074.943748
10003995,100221,1790774074.876869,1790774074.943755
10003996,100221,1790774074.897657,1790774074.943761
10003997,100221,1790774074.917497,1790774074.943767
10003998,100221,1790774074.937024,1790774074.943774
10003999,100221,1790774074.956484,1790774075.152539
10004000,100221,1790774074.977133,1790774075.152577
10004001,100221,1790774074.997477,1790774075.152587
10004002,100221,1790774075.021094,1790774075.152595
10004003,100221,1790774075.037677,1790774075.152601
10004004,100221,1790774075.057160,1790774075.152609
10004005,100221,1790774075.077479,1790774075.152616
10004006,100221,1790774075.097799,1790774075.152624
10004007,100221,1790774075.118187,1790774075.152631
10004008,100221,1790774075.136755,1790774075.152637
10004009,100221,1790774075.157863,1790774075.362074
10004010,100221,1790774075.176949,1790774075.362147
10004011,100221,1790774075.196258,1790774075.362160
10004012,100221,1790774075.217345,1790774075.362196
10004013,100221,1790774075.237107,1790774075.362209
10004014,100221,1790774075.256555,1790774075.362219
10004015,100221,1790774075.276270,1790774075.362229
10004016,100221,1790774075.296214,1790774075.362530
10004017,100221,1790774075.316937,1790774075.362546
10004018,100221,1790774075.336899,1790774075.362574
10004019,100221,1790774075.357737,1790774075.571076
10004020,100221,1790774075.385549,1790774075.571110
10004021,100221,1790774075.397245,1790774075.571119
10004022,100221,1790774075.419573,1790774075.571126
10004023,100221,1790774075.437051,1790774075.571133
10004024,100221,1790774075.456995,1790774075.571139
10004025,100221,1790774075.476406,1790774075.571146
10004026,100221,1790774075.496401,1790774075.571152
10004027,100221,1790774075.518087,1790774075.571158
10004028,100221,1790774075.537455,1790774075.571164
10004029,100221,1790774075.556944,1790774075.571171
10004030,100221,1790774075.575766,1790774075.778511
10004031,100221,1790774075.597556,1790774075.778555
10004032,100221,1790774075.616672,1790774075.778569
10004033,100221,1790774075.636633,1790774075.778580
10004034,100221,1790774075.656823,1790774075.778591
10004035,100221,1790774075.676550,1790774075.778602
10004036,100221,1790774075.696742,1790774075.778613
10004037,100221,1790774075.716882,1790774075.778624
10004038,100221,1790774075.737026,1790774075.778633
10004039,100221,1790774075.757486,1790774075.778643
10004040,100221,1790774075.779550,1790774075.999057
10004041,100221,1790774075.797022,1790774075.999108
10004042,100221,1790774075.816696,1790774075.999122
10004043,100221,1790774075.836970,1790774075.999133
10004044,100221,1790774075.856378,1790774075.999142
10004045,100221,1790774075.875936,1790774075.999152
10004046,100221,1790774075.896397,1790774075.999371
10004047,100221,1790774075.915812,1790774075.999381
10004048,100221,1790774075.936307,1790774075.999390
10004049,100221,1790774075.956415,1790774075.999399
10004050,100221,1790774075.976605,1790774075.999408
10004051,100221,1790774076.003742,1790774076.212390
10004052,100221,1790774076.016928,1790774076.212436
10004053,100221,1790774076.037154,1790774076.212449
10004054,100221,1790774076.062042,1790774076.212459
10004055,100221,1790774076.076230,1790774076.212471
10004056,100221,1790774076.096837,1790774076.212481
10004057,100221,1790774076.117149,1790774076.212491
10004058,100221,1790774076.136861,1790774076.212503
10004059,100221,1790774076.156598,1790774076.212512
10004060,100221,1790774076.177146,1790774076.212523
10004061,100221,1790774076.196510,1790774076.212535
10004062,100221,1790774076.219701,1790774076.422816
10004063,100221,1790774076.236751,1790774076.422849
10004064,100221,1790774076.257142,1790774076.422858
10004065,100221,1790774076.276895,1790774076.422865
10004066,100221,1790774076.297136,1790774076.422872
10004067,100221,1790774076.317361,1790774076.422880
10004068,100221,1790774076.336267,1790774076.422886
10004069,100221,1790774076.356485,1790774076.422892
10004070,100221,1790774076.376994,1790774076.422899
10004071,100221,1790774076.397072,1790774076.422905
10004072,100221,1790774076.416259,1790774076.422911
10004073,100221,1790774076.436968,1790774076.630728
10004074,100221,1790774076.456919,1790774076.630763
10004075,100221,1790774076.477157,1790774076.630772
10004076,100221,1790774076.497116,1790774076.630779
10004077,100221,1790774076.517011,1790774076.630786
10004078,100221,1790774076.540877,1790774076.630793
10004079,100221,1790774076.556145,1790774076.630800
10004080,100221,1790774076.576344,1790774076.630805
10004081,100221,1790774076.596485,1790774076.630811
10004082,100221,1790774076.616446,1790774076.630817
10004083,100221,1790774076.636016,1790774076.839017
10004084,100221,1790774076.656554,1790774076.839048
10004085,100221,1790774076.684924,1790774076.839057
10004086,100221,1790774076.696270,1790774076.839064
10004087,100221,1790774076.716222,1790774076.839071
10004088,100221,1790774076.736355,1790774076.839078
10004089,100221,1790774076.755890,1790774076.839084
10004090,100221,1790774076.776208,1790774076.839090
10004091,100221,1790774076.795965,1790774076.839096
10004092,100221,1790774076.816452,1790774076.839102
10004093,100221,1790774076.836043,1790774077.046577
10004094,100221,1790774076.856189,1790774077.046611
10004095,100221,1790774076.876416,1790774077.046619
10004096,100221,1790774076.896065,1790774077.046626
10004097,100221,1790774076.915683,1790774077.046633
10004098,100221,1790774076.936386,1790774077.046640
10004099,100221,1790774076.956397,1790774077.046646
10004100,100221,1790774076.976718,1790774077.046653
10004101,100221,1790774076.996577,1790774077.046659
10004102,100221,1790774077.025701,1790774077.046666
10004103,100221,1790774077.036927,1790774077.046672
10004104,100221,1790774077.057064,1790774077.255194
10004105,100221,1790774077.076289,1790774077.255238
10004106,100221,1790774077.096575,1790774077.255253
10004107,100221,1790774077.117300,1790774077.255264
10004108,100221,1790774077.136510,1790774077.255284
10004109,100221,1790774077.157457,1790774077.255293
10004110,100221,1790774077.176219,1790774077.255303
10004111,100221,1790774077.196459,1790774077.255312
10004112,100221,1790774077.219932,1790774077.255322
10004113,100221,1790774077.237040,1790774077.255331
10004114,100221,1790774077.256443,1790774077.467182
10004115,100221,1790774077.277785,1790774077.467219
10004116,100221,1790774077.296482,1790774077.467229
10004117,100221,1790774077.315991,1790774077.467237
10004118,100221,1790774077.336847,1790774077.467244
10004119,100221,1790774077.357193,1790774077.467251
10004120,100221,1790774077.376933,1790774077.467257
10004121,100221,1790774077.396817,1790774077.467263
10004122,100221,1790774077.422017,1790774077.467270
10004123,100221,1790774077.436627,1790774077.467276
10004124,100221,1790774077.459748,1790774077.684940
10004125,100221,1790774077.479300,1790774077.684980
10004126,100221,1790774077.497569,1790774077.684990
10004127,100221,1790774077.516795,1790774077.684997
10004128,100221,1790774077.539415,1790774077.685005
10004129,100221,1790774077.556886,1790774077.685022
10004130,100221,1790774077.576582,1790774077.685028
10004131,100221,1790774077.598255,1790774077.685034
10004132,100221,1790774077.616321,1790774077.685041
10004133,100221,1790774077.643046,1790774077.685047
10004134,100221,1790774077.657610,1790774077.685054
10004135,100221,1790774077.676721,1790774077.897016
10004136,100221,1790774077.697141,1790774077.897057
10004137,100221,1790774077.716493,1790774077.897070
10004138,100221,1790774077.737141,1790774077.897083
10004139,100221,1790774077.756892,1790774077.897093
10004140,100221,1790774077.776458,1790774077.897104
10004141,100221,1790774077.796733,1790774077.897113
10004142,100221,1790774077.816466,1790774077.897121
10004143,100221,1790774077.836728,1790774077.897131
10004144,100221,1790774077.856641,1790774077.897139
10004145,100221,1790774077.877055,1790774077.897149
10004146,100221,1790774077.896559,1790774078.105500
10004147,100221,1790774077.918746,1790774078.105534
10004148,100221,1790774077.936763,1790774078.105543
10004149,100221,1790774077.959991,1790774078.105550
10004150,100221,1790774077.976600,1790774078.105558
10004151,100221,1790774077.996589,1790774078.105565
10004152,100221,1790774078.018680,1790774078.105573
10004153,100221,1790774078.037393,1790774078.105579
10004154,100221,1790774078.056448,1790774078.105585
10004155,100221,1790774078.076846,1790774078.105591
10004156,100221,1790774078.096848,1790774078.105597
10004157,100221,1790774078.115909,1790774078.315671
10004158,100221,1790774078.136860,1790774078.315717
10004159,100221,1790774078.160707,1790774078.315731
10004160,100221,1790774078.176212,1790774078.315742
10004161,100221,1790774078.196315,1790774078.315751
10004162,100221,1790774078.219633,1790774078.315762
10004163,100221,1790774078.238503,1790774078.315772
10004164,100221,1790774078.256888,1790774078.315782
10004165,100221,1790774078.277636,1790774078.315792
10004166,100221,1790774078.297048,1790774078.315801
10004167,100221,1790774078.316594,1790774078.524432
10004168,100221,1790774078.337513,1790774078.524466
10004169,100221,1790774078.356856,1790774078.524475
10004170,100221,1790774078.376413,1790774078.524482
10004171,100221,1790774078.396219,1790774078.524489
10004172,100221,1790774078.416553,1790774078.524496
10004173,100221,1790774078.436884,1790774078.524502
10004174,100221,1790774078.460200,1790774078.524508
10004175,100221,1790774078.479031,1790774078.524514
10004176,100221,1790774078.499809,1790774078.524520
10004177,100221,1790774078.516844,1790774078.524526
10004178,100221,1790774078.537272,1790774078.732852
10004179,100221,1790774078.557140,1790774078.732904
10004180,100221,1790774078.576527,1790774078.732917
10004181,100221,1790774078.596338,1790774078.732951
10004182,100221,1790774078.615918,1790774078.732966
10004183,100221,1790774078.636641,1790774078.732976
10004184,100221,1790774078.656299,1790774078.732987
10004185,100221,1790774078.676551,1790774078.732997
10004186,100221,1790774078.696501,1790774078.733009
10004187,100221,1790774078.717165,1790774078.733020
10004188,100221,1790774078.736417,1790774078.941981
10004189,100221,1790774078.756966,1790774078.942014
10004190,100221,1790774078.776442,1790774078.942023
10004191,100221,1790774078.796158,1790774078.942040
10004192,100221,1790774078.815955,1790774078.942047
10004193,100221,1790774078.836953,1790774078.942054
10004194,100221,1790774078.856861,1790774078.942060
10004195,100221,1790774078.876592,1790774078.942067
10004196,100221,1790774078.896678,1790774078.942073
10004197,100221,1790774078.916946,1790774078.942080
10004198,100221,1790774078.936546,1790774079.149976
10004199,100221,1790774078.956664,1790774079.150010
10004200,100221,1790774078.975904,1790774079.150019
10004201,100221,1790774078.997043,1790774079.150028
10004202,100221,1790774079.016317,1790774079.150034
10004203,100221,1790774079.036569,1790774079.150040
10004204,100221,1790774079.056286,1790774079.150047
10004205,100221,1790774079.076076,1790774079.150053
10004206,100221,1790774079.096402,1790774079.150059
10004207,100221,1790774079.116651,1790774079.150066
10004208,100221,1790774079.136298,1790774079.150072
10004209,100221,1790774079.156188,1790774079.358254
10004210,100221,1790774079.176925,1790774079.358300
10004211,100221,1790774079.196257,1790774079.358316
10004212,100221,1790774079.216296,1790774079.358328
10004213,100221,1790774079.235921,1790774079.358338
10004214,100221,1790774079.255985,1790774079.358350
10004215,100221,1790774079.275847,1790774079.358361
10004216,100221,1790774079.296419,1790774079.358373
10004217,100221,1790774079.316044,1790774079.358384
10004218,100221,1790774079.336822,1790774079.358395
10004219,100221,1790774079.355694,1790774079.566433
10004220,100221,1790774079.376168,1790774079.566467
10004221,100221,1790774079.396492,1790774079.566476
10004222,100221,1790774079.416052,1790774079.566484
10004223,100221,1790774079.436933,1790774079.566491
10004224,100221,1790774079.456925,1790774079.566498
10004225,100221,1790774079.476127,1790774079.566504
10004226,100221,1790774079.496879,1790774079.566510
10004227,100221,1790774079.516784,1790774079.566516
10004228,100221,1790774079.536201,1790774079.566522
10004229,100221,1790774079.555982,1790774079.566529
10004230,100221,1790774079.575772,1790774079.775260
10004231,100221,1790774079.596586,1790774079.775303
10004232,100221,1790774079.616801,1790774079.775314
10004233,100221,1790774079.636727,1790774079.775325
10004234,100221,1790774079.656547,1790774079.775336
10004235,100221,1790774079.676831,1790774079.775346
10004236,100221,1790774079.696885,1790774079.775356
10004237,100221,1790774079.716971,1790774079.775374
10004238,100221,1790774079.736816,1790774079.775384
10004239,100221,1790774079.757023,1790774079.775394
10004240,100221,1790774079.776805,1790774079.982282
10004241,100221,1790774079.796956,1790774079.982315
10004242,100221,1790774079.817073,1790774079.982324
10004243,100221,1790774079.836642,1790774079.982331
10004244,100221,1790774079.861671,1790774079.982338
10004245,100221,1790774079.877270,1790774079.982346
10004246,100221,1790774079.898369,1790774079.982352
10004247,100221,1790774079.917002,1790774079.982358
10004248,100221,1790774079.936753,1790774079.982365
10004249,100221,1790774079.956716,1790774079.982371
10004250,100221,1790774079.977854,1790774080.190615
10004251,100221,1790774079.996893,1790774080.190648
10004252,100221,1790774080.018827,1790774080.190656
10004253,100221,1790774080.038094,1790774080.190664
10004254,100221,1790774080.056565,1790774080.190670
10004255,100221,1790774080.077067,1790774080.190677
10004256,100221,1790774080.097357,1790774080.190683
10004257,100221,1790774080.117145,1790774080.190834
10004258,100221,1790774080.139094,1790774080.190844
10004259,100221,1790774080.157543,1790774080.190853
10004260,100221,1790774080.176089,1790774080.190860
10004261,100221,1790774080.195889,1790774080.440131
10004262,100221,1790774080.217229,1790774080.440173
10004263,100221,1790774080.236437,1790774080.440186
10004264,100221,1790774080.256439,1790774080.440198
10004265,100221,1790774080.276759,1790774080.440209
10004266,100221,1790774080.297080,1790774080.440217
10004267,100221,1790774080.317895,1790774080.440224
10004268,100221,1790774080.337068,1790774080.440233
10004269,100221,1790774080.356583,1790774080.440239
10004270,100221,1790774080.380813,1790774080.440246
10004271,100221,1790774080.403854,1790774080.440253
10004272,100221,1790774080.436863,1790774080.649916
10004273,100221,1790774080.440011,1790774080.649956
10004274,100221,1790774080.458249,1790774080.649970
10004275,100221,1790774080.479998,1790774080.649981
10004276,100221,1790774080.497327,1790774080.649992
10004277,100221,1790774080.517578,1790774080.650001
10004278,100221,1790774080.536359,1790774080.650011
10004279,100221,1790774080.557143,1790774080.650022
10004280,100221,1790774080.577133,1790774080.650031
10004281,100221,1790774080.596847,1790774080.650041
10004282,100221,1790774080.616855,1790774080.650052
10004283,100221,1790774080.636626,1790774080.650063
10004284,100221,1790774080.656404,1790774080.857556
10004285,100221,1790774080.676304,1790774080.857600
10004286,100221,1790774080.696768,1790774080.857613
10004287,100221,1790774080.717187,1790774080.857626
10004288,100221,1790774080.736803,1790774080.857637
10004289,100221,1790774080.757324,1790774080.857647
10004290,100221,1790774080.776685,1790774080.857659
10004291,100221,1790774080.797643,1790774080.857925
10004292,100221,1790774080.817413,1790774080.857939
10004293,100221,1790774080.837143,1790774080.857949
10004294,100221,1790774080.859818,1790774081.075588
10004295,100221,1790774080.876632,1790774081.075635
10004296,100221,1790774080.897411,1790774081.075648
10004297,100221,1790774080.917404,1790774081.075659
10004298,100221,1790774080.936827,1790774081.075669
10004299,100221,1790774080.956407,1790774081.075680
10004300,100221,1790774080.976719,1790774081.075691
10004301,100221,1790774080.997080,1790774081.075700
10004302,100221,1790774081.018184,1790774081.075712
10004303,100221,1790774081.037288,1790774081.075723
10004304,100221,1790774081.064805,1790774081.284020
10004305,100221,1790774081.078151,1790774081.284053
10004306,100221,1790774081.097333,1790774081.284062
10004307,100221,1790774081.116841,1790774081.284242
10004308,100221,1790774081.137297,1790774081.284249
10004309,100221,1790774081.156968,1790774081.284256
10004310,100221,1790774081.176144,1790774081.284262
10004311,100221,1790774081.196122,1790774081.284268
10004312,100221,1790774081.217733,1790774081.284274
10004313,100221,1790774081.236672,1790774081.284280
10004314,100221,1790774081.256665,1790774081.284286
10004315,100221,1790774081.275909,1790774081.284292
10004316,100221,1790774081.296373,1790774081.493443
10004317,100221,1790774081.315838,1790774081.493486
10004318,100221,1790774081.336845,1790774081.493497
10004319,100221,1790774081.357505,1790774081.493508
10004320,100221,1790774081.376505,1790774081.493527
10004321,100221,1790774081.396262,1790774081.493539
10004322,100221,1790774081.415959,1790774081.493549
10004323,100221,1790774081.436369,1790774081.493559
10004324,100221,1790774081.456048,1790774081.493569
10004325,100221,1790774081.476122,1790774081.493579
10004326,100221,1790774081.496172,1790774081.700750
10004327,100221,1790774081.516411,1790774081.700785
10004328,100221,1790774081.536606,1790774081.700793
10004329,100221,1790774081.556203,1790774081.700800
10004330,100221,1790774081.576387,1790774081.700807
10004331,100221,1790774081.596279,1790774081.700813
10004332,100221,1790774081.616943,1790774081.700819
10004333,100221,1790774081.636920,1790774081.700826
10004334,100221,1790774081.656194,1790774081.700833
10004335,100221,1790774081.679762,1790774081.700839
10004336,100221,1790774081.697226,1790774081.908509
10004337,100221,1790774081.715958,1790774081.908560
10004338,100221,1790774081.740517,1790774081.908575
10004339,100221,1790774081.757333,1790774081.908589
10004340,100221,1790774081.776874,1790774081.908602
10004341,100221,1790774081.797172,1790774081.908614
10004342,100221,1790774081.818421,1790774081.908637
10004343,100221,1790774081.836648,1790774081.908648
10004344,100221,1790774081.884529,1790774081.908660
10004345,100221,1790774081.885550,1790774081.908671
10004346,100221,1790774081.901858,1790774082.120182
10004347,100221,1790774081.919942,1790774082.120332
10004348,100221,1790774081.939879,1790774082.120344
10004349,100221,1790774081.958148,1790774082.120352
10004350,100221,1790774081.976870,1790774082.120358
10004351,100221,1790774081.996261,1790774082.120365
10004352,100221,1790774082.017483,1790774082.120372
10004353,100221,1790774082.036966,1790774082.120378
10004354,100221,1790774082.058170,1790774082.120385
10004355,100221,1790774082.077651,1790774082.120392
10004356,100221,1790774082.098750,1790774082.120409
10004357,100221,1790774082.116914,1790774082.328753
10004358,100221,1790774082.139257,1790774082.328786
10004359,100221,1790774082.161118,1790774082.328795
10004360,100221,1790774082.179009,1790774082.328802
10004361,100221,1790774082.199531,1790774082.328809
10004362,100221,1790774082.220963,1790774082.328816
10004363,100221,1790774082.238620,1790774082.328823
10004364,100221,1790774082.256361,1790774082.328829
10004365,100221,1790774082.277013,1790774082.328835
10004366,100221,1790774082.297050,1790774082.328841
10004367,100221,1790774082.317386,1790774082.328848
10004368,100221,1790774082.338449,1790774082.537654
10004369,100221,1790774082.358398,1790774082.537692
10004370,100221,1790774082.376341,1790774082.537706
10004371,100221,1790774082.396559,1790774082.537718
10004372,100221,1790774082.416530,1790774082.537730
10004373,100221,1790774082.436805,1790774082.537772
10004374,100221,1790774082.457070,1790774082.537782
10004375,100221,1790774082.476730,1790774082.537793
10004376,100221,1790774082.496487,1790774082.537805
10004377,100221,1790774082.516729,1790774082.537814
10004378,100221,1790774082.536603,1790774082.747959
10004379,100221,1790774082.555934,1790774082.747999
10004380,100221,1790774082.576552,1790774082.748009
10004381,100221,1790774082.596849,1790774082.748017
10004382,100221,1790774082.616348,1790774082.748024
10004383,100221,1790774082.637175,1790774082.748030
10004384,100221,1790774082.656607,1790774082.748036
10004385,100221,1790774082.676438,1790774082.748043
10004386,100221,1790774082.696631,1790774082.748050
10004387,100221,1790774082.716288,1790774082.748056
10004388,100221,1790774082.736312,1790774082.748062
10004389,100221,1790774082.756932,1790774082.958763
10004390,100221,1790774082.776455,1790774082.958796
10004391,100221,1790774082.797122,1790774082.958806
10004392,100221,1790774082.816158,1790774082.958813
10004393,100221,1790774082.836085,1790774082.958820
10004394,100221,1790774082.856987,1790774082.958827
10004395,100221,1790774082.875974,1790774082.958833
10004396,100221,1790774082.896377,1790774082.958840
10004397,100221,1790774082.916115,1790774082.958846
10004398,100221,1790774082.936742,1790774082.958852
10004399,100221,1790774082.957095,1790774083.167262
10004400,100221,1790774082.976071,1790774083.167296
10004401,100221,1790774082.996757,1790774083.167304
10004402,100221,1790774083.015612,1790774083.167311
10004403,100221,1790774083.037037,1790774083.167319
10004404,100221,1790774083.056611,1790774083.167326
10004405,100221,1790774083.076184,1790774083.167333
10004406,100221,1790774083.096407,1790774083.167339
10004407,100221,1790774083.115780,1790774083.167346
10004408,100221,1790774083.135912,1790774083.167352
10004409,100221,1790774083.156677,1790774083.167358
10004410,100221,1790774083.175962,1790774083.379041
10004411,100221,1790774083.197474,1790774083.379085
10004412,100221,1790774083.216237,1790774083.379231
10004413,100221,1790774083.235939,1790774083.379257
10004414,100221,1790774083.256640,1790774083.379268
10004415,100221,1790774083.278499,1790774083.379280
10004416,100221,1790774083.298383,1790774083.379296
10004417,100221,1790774083.316000,1790774083.379308
10004418,100221,1790774083.337450,1790774083.379318
10004419,100221,1790774083.363313,1790774083.379330
10004420,100221,1790774083.379259,1790774083.587973
10004421,100221,1790774083.397475,1790774083.588005
10004422,100221,1790774083.416029,1790774083.588014
10004423,100221,1790774083.436161,1790774083.588022
10004424,100221,1790774083.458540,1790774083.588029
10004425,100221,1790774083.480248,1790774083.588036
10004426,100221,1790774083.502455,1790774083.588043
10004427,100221,1790774083.516097,1790774083.588050
10004428,100221,1790774083.536751,1790774083.588066
10004429,100221,1790774083.556981,1790774083.588072
10004430,100221,1790774083.576204,1790774083.588080
10004431,100221,1790774083.596447,1790774083.796696
10004432,100221,1790774083.616304,1790774083.796757
10004433,100221,1790774083.637442,1790774083.796772
10004434,100221,1790774083.655999,1790774083.796785
10004435,100221,1790774083.676965,1790774083.796798
10004436,100221,1790774083.696887,1790774083.796811
10004437,100221,1790774083.716637,1790774083.796823
10004438,100221,1790774083.736873,1790774083.796835
10004439,100221,1790774083.756858,1790774083.796846
10004440,100221,1790774083.776202,1790774083.796858
10004441,100221,1790774083.796858,1790774084.006628
10004442,100221,1790774083.816414,1790774084.006664
10004443,100221,1790774083.836139,1790774084.006674
10004444,100221,1790774083.856913,1790774084.006681
10004445,100221,1790774083.876006,1790774084.006689
10004446,100221,1790774083.896306,1790774084.006696
10004447,100221,1790774083.916109,1790774084.006703
10004448,100221,1790774083.936398,1790774084.006709
10004449,100221,1790774083.956353,1790774084.006716
10004450,100221,1790774083.977103,1790774084.006721
10004451,100221,1790774083.997225,1790774084.006727
10004452,100221,1790774084.027072,1790774084.225871
10004453,100221,1790774084.038993,1790774084.225905
10004454,100221,1790774084.057950,1790774084.225915
10004455,100221,1790774084.077034,1790774084.225923
10004456,100221,1790774084.096944,1790774084.225930
10004457,100221,1790774084.117275,1790774084.225936
10004458,100221,1790774084.136068,1790774084.225943
10004459,100221,1790774084.156177,1790774084.225950
10004460,100221,1790774084.176940,1790774084.225957
10004461,100221,1790774084.198252,1790774084.225963
10004462,100221,1790774084.222676,1790774084.433902
10004463,100221,1790774084.237054,1790774084.433951
10004464,100221,1790774084.256632,1790774084.433964
10004465,100221,1790774084.276859,1790774084.433976
10004466,100221,1790774084.296685,1790774084.433988
10004467,100221,1790774084.316685,1790774084.433999
10004468,100221,1790774084.336112,1790774084.434011
10004469,100221,1790774084.356225,1790774084.434022
10004470,100221,1790774084.379170,1790774084.434033
10004471,100221,1790774084.397482,1790774084.434043
10004472,100221,1790774084.416670,1790774084.434055
10004473,100221,1790774084.437563,1790774084.643720
10004474,100221,1790774084.456767,1790774084.643765
10004475,100221,1790774084.477095,1790774084.643781
10004476,100221,1790774084.496468,1790774084.643793
10004477,100221,1790774084.516945,1790774084.643804
10004478,100221,1790774084.538005,1790774084.643816
10004479,100221,1790774084.557636,1790774084.643828
10004480,100221,1790774084.577714,1790774084.643839
10004481,100221,1790774084.596882,1790774084.643850
10004482,100221,1790774084.616601,1790774084.643862
10004483,100221,1790774084.640124,1790774084.861327
10004484,100221,1790774084.656663,1790774084.861375
10004485,100221,1790774084.676628,1790774084.861387
10004486,100221,1790774084.697668,1790774084.861397
10004487,100221,1790774084.719615,1790774084.861407
10004488,100221,1790774084.742152,1790774084.861417
10004489,100221,1790774084.758347,1790774084.861428
10004490,100221,1790774084.779311,1790774084.861438
10004491,100221,1790774084.795499,1790774084.861448
10004492,100221,1790774084.816293,1790774084.861459
10004493,100221,1790774084.841272,1790774084.861469
10004494,100221,1790774084.857897,1790774085.070562
10004495,100221,1790774084.888788,1790774085.070613
10004496,100221,1790774084.899680,1790774085.070627
10004497,100221,1790774084.920198,1790774085.070638
10004498,100221,1790774084.937251,1790774085.070650
10004499,100221,1790774084.957468,1790774085.070661
10004500,100221,1790774084.984006,1790774085.070672
10004501,100221,1790774084.996957,1790774085.070684
10004502,100221,1790774085.019205,1790774085.070696
10004503,100221,1790774085.037103,1790774085.070707
10004504,100221,1790774085.057806,1790774085.070718
10004505,100221,1790774085.077819,1790774085.292066
10004506,100221,1790774085.099804,1790774085.292120
10004507,100221,1790774085.123706,1790774085.292134
10004508,100221,1790774085.137692,1790774085.292146
10004509,100221,1790774085.158090,1790774085.292158
10004510,100221,1790774085.177579,1790774085.292375
10004511,100221,1790774085.197858,1790774085.292387
10004512,100221,1790774085.220804,1790774085.292398
10004513,100221,1790774085.244657,1790774085.292410
10004514,100221,1790774085.260213,1790774085.292421
10004515,100221,1790774085.286646,1790774085.508200
10004516,100221,1790774085.297531,1790774085.508232
10004517,100221,1790774085.323068,1790774085.508241
10004518,100221,1790774085.337622,1790774085.508248
10004519,100221,1790774085.359012,1790774085.508255
10004520,100221,1790774085.380691,1790774085.508261
10004521,100221,1790774085.407679,1790774085.508268
10004522,100221,1790774085.420932,1790774085.508275
10004523,100221,1790774085.438819,1790774085.508282
10004524,100221,1790774085.456729,1790774085.508288
10004525,100221,1790774085.476492,1790774085.508295
10004526,100221,1790774085.496283,1790774085.508301
10004527,100221,1790774085.516200,1790774085.719124
10004528,100221,1790774085.536720,1790774085.719170
10004529,100221,1790774085.556964,1790774085.719181
10004530,100221,1790774085.576960,1790774085.719188
10004531,100221,1790774085.596650,1790774085.719195
10004532,100221,1790774085.617484,1790774085.719202
10004533,100221,1790774085.638400,1790774085.719208
10004534,100221,1790774085.656482,1790774085.719215
10004535,100221,1790774085.676563,1790774085.719221
10004536,100221,1790774085.696044,1790774085.719227
10004537,100221,1790774085.716646,1790774085.926877
10004538,100221,1790774085.738234,1790774085.926911
10004539,100221,1790774085.756298,1790774085.926920
10004540,100221,1790774085.776883,1790774085.926927
10004541,100221,1790774085.797662,1790774085.926934
10004542,100221,1790774085.819775,1790774085.926941
10004543,100221,1790774085.839224,1790774085.926948
10004544,100221,1790774085.857566,1790774085.926954
10004545,100221,1790774085.876280,1790774085.926960
10004546,100221,1790774085.897720,1790774085.926967
10004547,100221,1790774085.916606,1790774085.926974
10004548,100221,1790774085.936762,1790774086.136428
10004549,100221,1790774085.956493,1790774086.136478
10004550,100221,1790774085.977056,1790774086.136502
10004551,100221,1790774085.996700,1790774086.136514
10004552,100221,1790774086.020677,1790774086.136521
10004553,100221,1790774086.038491,1790774086.136528
10004554,100221,1790774086.058293,1790774086.136535
10004555,100221,1790774086.076373,1790774086.136541
10004556,100221,1790774086.096554,1790774086.136548
10004557,100221,1790774086.116295,1790774086.136554
10004558,100221,1790774086.136632,1790774086.344678
10004559,100221,1790774086.156608,1790774086.344711
10004560,100221,1790774086.175913,1790774086.344720
10004561,100221,1790774086.196664,1790774086.344727
10004562,100221,1790774086.216702,1790774086.344734
10004563,100221,1790774086.236809,1790774086.344741
10004564,100221,1790774086.256351,1790774086.344748
10004565,100221,1790774086.277016,1790774086.344754
10004566,100221,1790774086.296816,1790774086.344761
10004567,100221,1790774086.316378,1790774086.344767
10004568,100221,1790774086.335815,1790774086.344773
10004569,100221,1790774086.364501,1790774086.556741
10004570,100221,1790774086.376314,1790774086.556787
10004571,100221,1790774086.396059,1790774086.556800
10004572,100221,1790774086.416667,1790774086.556812
10004573,100221,1790774086.436269,1790774086.556822
10004574,100221,1790774086.456092,1790774086.556834
10004575,100221,1790774086.476846,1790774086.556845
10004576,100221,1790774086.496536,1790774086.556856
10004577,100221,1790774086.516348,1790774086.556869
10004578,100221,1790774086.536272,1790774086.556879
10004579,100221,1790774086.559115,1790774086.766438
10004580,100221,1790774086.575936,1790774086.766472
10004581,100221,1790774086.596644,1790774086.766481
10004582,100221,1790774086.619871,1790774086.766488
10004583,100221,1790774086.637278,1790774086.766496
10004584,100221,1790774086.656064,1790774086.766502
10004585,100221,1790774086.681998,1790774086.766511
10004586,100221,1790774086.696457,1790774086.766518
10004587,100221,1790774086.716533,1790774086.766525
10004588,100221,1790774086.736052,1790774086.766531
10004589,100221,1790774086.756826,1790774086.766538
10004590,100221,1790774086.776918,1790774086.976355
10004591,100221,1790774086.796188,1790774086.976391
10004592,100221,1790774086.815880,1790774086.976400
10004593,100221,1790774086.836692,1790774086.976408
10004594,100221,1790774086.857090,1790774086.976416
10004595,100221,1790774086.877257,1790774086.976422
10004596,100221,1790774086.896224,1790774086.976429
10004597,100221,1790774086.916263,1790774086.976436
10004598,100221,1790774086.936340,1790774086.976443
10004599,100221,1790774086.956851,1790774086.976450
10004600,100221,1790774086.977668,1790774087.185724
10004601,100221,1790774086.996984,1790774087.185758
10004602,100221,1790774087.016257,1790774087.185767
10004603,100221,1790774087.042392,1790774087.185774
10004604,100221,1790774087.057240,1790774087.185781
10004605,100221,1790774087.076678,1790774087.185787
10004606,100221,1790774087.096711,1790774087.185794
10004607,100221,1790774087.115872,1790774087.185801
10004608,100221,1790774087.136760,1790774087.185806
10004609,100221,1790774087.157102,1790774087.185812
10004610,100221,1790774087.176376,1790774087.185819
10004611,100221,1790774087.197000,1790774087.392489
10004612,100221,1790774087.216501,1790774087.392534
10004613,100221,1790774087.239081,1790774087.392555
10004614,100221,1790774087.257286,1790774087.392567
10004615,100221,1790774087.279145,1790774087.392577
10004616,100221,1790774087.299613,1790774087.392587
10004617,100221,1790774087.318123,1790774087.392597
10004618,100221,1790774087.340006,1790774087.392606
10004619,100221,1790774087.357467,1790774087.392616
10004620,100221,1790774087.376305,1790774087.392626
10004621,100221,1790774087.395851,1790774087.602296
10004622,100221,1790774087.415770,1790774087.602330
10004623,100221,1790774087.436343,1790774087.602340
10004624,100221,1790774087.457119,1790774087.602347
10004625,100221,1790774087.476342,1790774087.602355
10004626,100221,1790774087.495733,1790774087.602362
10004627,100221,1790774087.516522,1790774087.602368
10004628,100221,1790774087.537058,1790774087.602374
10004629,100221,1790774087.556158,1790774087.602381
10004630,100221,1790774087.576640,1790774087.602387
10004631,100221,1790774087.596700,1790774087.809453
10004632,100221,1790774087.616669,1790774087.809488
10004633,100221,1790774087.636052,1790774087.809496
10004634,100221,1790774087.656891,1790774087.809503
10004635,100221,1790774087.676109,1790774087.809510
10004636,100221,1790774087.696241,1790774087.809517
10004637,100221,1790774087.716319,1790774087.809524
10004638,100221,1790774087.737037,1790774087.809531
10004639,100221,1790774087.756295,1790774087.809537
10004640,100221,1790774087.777421,1790774087.809543
10004641,100221,1790774087.796670,1790774087.809550
10004642,100221,1790774087.819941,1790774088.020123
10004643,100221,1790774087.836304,1790774088.020169
10004644,100221,1790774087.856978,1790774088.020180
10004645,100221,1790774087.877428,1790774088.020190
10004646,100221,1790774087.896610,1790774088.020200
10004647,100221,1790774087.916742,1790774088.020210
10004648,100221,1790774087.937234,1790774088.020220
10004649,100221,1790774087.956085,1790774088.020229
10004650,100221,1790774087.976632,1790774088.020238
10004651,100221,1790774087.996581,1790774088.020247
10004652,100221,1790774088.017901,1790774088.229136
10004653,100221,1790774088.037351,1790774088.229173
10004654,100221,1790774088.056723,1790774088.229182
10004655,100221,1790774088.076502,1790774088.229190
10004656,100221,1790774088.096622,1790774088.229197
10004657,100221,1790774088.116449,1790774088.229204
10004658,100221,1790774088.136874,1790774088.229211
10004659,100221,1790774088.156866,1790774088.229217
10004660,100221,1790774088.176221,1790774088.229224
10004661,100221,1790774088.196248,1790774088.229230
10004662,100221,1790774088.216087,1790774088.229237
10004663,100221,1790774088.235711,1790774088.441294
10004664,100221,1790774088.256794,1790774088.441425
10004665,100221,1790774088.276678,1790774088.441439
10004666,100221,1790774088.296668,1790774088.441449
10004667,100221,1790774088.316095,1790774088.441592
10004668,100221,1790774088.336908,1790774088.441605
10004669,100221,1790774088.356888,1790774088.441613
10004670,100221,1790774088.377480,1790774088.441621
10004671,100221,1790774088.396944,1790774088.441628
10004672,100221,1790774088.416127,1790774088.441635
10004673,100221,1790774088.438765,1790774088.651674
10004674,100221,1790774088.458926,1790774088.651709
10004675,100221,1790774088.483697,1790774088.651717
10004676,100221,1790774088.500063,1790774088.651724
10004677,100221,1790774088.519234,1790774088.651732
10004678,100221,1790774088.543823,1790774088.651738
10004679,100221,1790774088.560694,1790774088.651745
10004680,100221,1790774088.576975,1790774088.651753
10004681,100221,1790774088.596113,1790774088.651760
10004682,100221,1790774088.617875,1790774088.651766
10004683,100221,1790774088.636052,1790774088.651772
10004684,100221,1790774088.656321,1790774088.860565
10004685,100221,1790774088.676778,1790774088.860624
10004686,100221,1790774088.696300,1790774088.860638
10004687,100221,1790774088.715863,1790774088.860649
10004688,100221,1790774088.736811,1790774088.860660
10004689,100221,1790774088.756714,1790774088.860673
10004690,100221,1790774088.776763,1790774088.860683
10004691,100221,1790774088.796136,1790774088.860694
10004692,100221,1790774088.816222,1790774088.860705
10004693,100221,1790774088.837806,1790774088.860716
10004694,100221,1790774088.856651,1790774089.069356
10004695,100221,1790774088.875972,1790774089.069403
10004696,100221,1790774088.896669,1790774089.069417
10004697,100221,1790774088.916070,1790774089.069428
10004698,100221,1790774088.936804,1790774089.069439
10004699,100221,1790774088.956677,1790774089.069450
10004700,100221,1790774088.976978,1790774089.069461
10004701,100221,1790774088.997501,1790774089.069473
10004702,100221,1790774089.021185,1790774089.069483
10004703,100221,1790774089.037624,1790774089.069494
10004704,100221,1790774089.057334,1790774089.069504
10004705,100221,1790774089.076016,1790774089.278672
10004706,100221,1790774089.096781,1790774089.278701
10004707,100221,1790774089.117016,1790774089.278711
10004708,100221,1790774089.136931,1790774089.278719
10004709,100221,1790774089.156665,1790774089.278726
10004710,100221,1790774089.180053,1790774089.278732
10004711,100221,1790774089.196932,1790774089.278740
10004712,100221,1790774089.216218,1790774089.278746
10004713,100221,1790774089.237239,1790774089.278752
10004714,100221,1790774089.256768,1790774089.278759
10004715,100221,1790774089.276909,1790774089.486423
10004716,100221,1790774089.296962,1790774089.486459
10004717,100221,1790774089.316422,1790774089.486469
10004718,100221,1790774089.337194,1790774089.486475
10004719,100221,1790774089.356434,1790774089.486482
10004720,100221,1790774089.376906,1790774089.486489
10004721,100221,1790774089.396230,1790774089.486496
10004722,100221,1790774089.417265,1790774089.486503
10004723,100221,1790774089.447052,1790774089.486510
10004724,100221,1790774089.457929,1790774089.486516
10004725,100221,1790774089.477154,1790774089.486522
10004726,100221,1790774089.495826,1790774089.697269
10004727,100221,1790774089.518001,1790774089.697333
10004728,100221,1790774089.536919,1790774089.697347
10004729,100221,1790774089.555943,1790774089.697361
10004730,100221,1790774089.576408,1790774089.697372
10004731,100221,1790774089.596354,1790774089.697384
10004732,100221,1790774089.616550,1790774089.697396
10004733,100221,1790774089.636642,1790774089.697409
10004734,100221,1790774089.656749,1790774089.697420
10004735,100221,1790774089.676160,1790774089.697433
10004736,100221,1790774089.697420,1790774089.905192
10004737,100221,1790774089.716062,1790774089.905261
10004738,100221,1790774089.736797,1790774089.905276
10004739,100221,1790774089.756296,1790774089.905288
10004740,100221,1790774089.776834,1790774089.905300
10004741,100221,1790774089.796879,1790774089.905321
10004742,100221,1790774089.816598,1790774089.905333
10004743,100221,1790774089.836396,1790774089.905344
10004744,100221,1790774089.856280,1790774089.905356
10004745,100221,1790774089.900955,1790774090.118610
10004746,100221,1790774089.902123,1790774090.118654
10004747,100221,1790774089.915755,1790774090.118669
10004748,100221,1790774089.936687,1790774090.118680
10004749,100221,1790774089.957205,1790774090.118691
10004750,100221,1790774089.976610,1790774090.118702
10004751,100221,1790774089.996386,1790774090.118714
10004752,100221,1790774090.017000,1790774090.118921
10004753,100221,1790774090.036917,1790774090.118937
10004754,100221,1790774090.057211,1790774090.118948
10004755,100221,1790774090.076943,1790774090.118958
10004756,100221,1790774090.097536,1790774090.118970
10004757,100221,1790774090.118196,1790774090.337554
10004758,100221,1790774090.136492,1790774090.337590
10004759,100221,1790774090.158133,1790774090.337599
10004760,100221,1790774090.176373,1790774090.337606
10004761,100221,1790774090.196481,1790774090.337613
10004762,100221,1790774090.216948,1790774090.337621
10004763,100221,1790774090.236451,1790774090.337628
10004764,100221,1790774090.257179,1790774090.337635
10004765,100221,1790774090.276254,1790774090.337641
10004766,100221,1790774090.297088,1790774090.337647
10004767,100221,1790774090.320594,1790774090.546194
10004768,100221,1790774090.338499,1790774090.546226
10004769,100221,1790774090.357794,1790774090.546236
10004770,100221,1790774090.377816,1790774090.546243
10004771,100221,1790774090.398258,1790774090.546250
10004772,100221,1790774090.419166,1790774090.546257
10004773,100221,1790774090.440006,1790774090.546264
10004774,100221,1790774090.456849,1790774090.546270
10004775,100221,1790774090.476678,1790774090.546276
10004776,100221,1790774090.497717,1790774090.546283
10004777,100221,1790774090.517181,1790774090.546289
10004778,100221,1790774090.536472,1790774090.546295
10004779,100221,1790774090.556297,1790774090.755912
10004780,100221,1790774090.576720,1790774090.755952
10004781,100221,1790774090.596872,1790774090.755966
10004782,100221,1790774090.616107,1790774090.755978
10004783,100221,1790774090.637010,1790774090.755989
10004784,100221,1790774090.656461,1790774090.756001
10004785,100221,1790774090.676796,1790774090.756012
10004786,100221,1790774090.697156,1790774090.756022
10004787,100221,1790774090.715944,1790774090.756031
10004788,100221,1790774090.740056,1790774090.756040
10004789,100221,1790774090.756157,1790774090.963851
10004790,100221,1790774090.776425,1790774090.963889
10004791,100221,1790774090.796898,1790774090.963898
10004792,100221,1790774090.816587,1790774090.963907
10004793,100221,1790774090.836538,1790774090.963915
10004794,100221,1790774090.857121,1790774090.963922
10004795,100221,1790774090.883718,1790774090.963930
10004796,100221,1790774090.896504,1790774090.963937
10004797,100221,1790774090.916113,1790774090.963944
10004798,100221,1790774090.936790,1790774090.963952
10004799,100221,1790774090.956727,1790774091.177662
10004800,100221,1790774090.976539,1790774091.177715
10004801,100221,1790774090.997516,1790774091.177732
10004802,100221,1790774091.018467,1790774091.177784
10004803,100221,1790774091.036254,1790774091.177797
10004804,100221,1790774091.059808,1790774091.177808
10004805,100221,1790774091.076808,1790774091.177820
10004806,100221,1790774091.096839,1790774091.177832
10004807,100221,1790774091.117677,1790774091.177844
10004808,100221,1790774091.136763,1790774091.177855
10004809,100221,1790774091.157203,1790774091.177867
10004810,100221,1790774091.177350,1790774091.386144
10004811,100221,1790774091.196795,1790774091.386193
10004812,100221,1790774091.216228,1790774091.386207
10004813,100221,1790774091.236128,1790774091.386217
10004814,100221,1790774091.256803,1790774091.386228
10004815,100221,1790774091.276804,1790774091.386238
10004816,100221,1790774091.296419,1790774091.386247
10004817,100221,1790774091.315856,1790774091.386257
10004818,100221,1790774091.336278,1790774091.386267
10004819,100221,1790774091.356565,1790774091.386276
10004820,100221,1790774091.376679,1790774091.386283
10004821,100221,1790774091.396688,1790774091.595600
10004822,100221,1790774091.416524,1790774091.595648
10004823,100221,1790774091.436407,1790774091.595663
10004824,100221,1790774091.456215,1790774091.595677
10004825,100221,1790774091.476883,1790774091.595690
10004826,100221,1790774091.496556,1790774091.595702
10004827,100221,1790774091.516395,1790774091.595713
10004828,100221,1790774091.536230,1790774091.595725
10004829,100221,1790774091.556396,1790774091.595737
10004830,100221,1790774091.576365,1790774091.595750
10004831,100221,1790774091.596265,1790774091.802803
10004832,100221,1790774091.615918,1790774091.802836
10004833,100221,1790774091.636506,1790774091.802845
10004834,100221,1790774091.656307,1790774091.802853
10004835,100221,1790774091.680613,1790774091.802859
10004836,100221,1790774091.697388,1790774091.802866
10004837,100221,1790774091.717206,1790774091.802872
10004838,100221,1790774091.736931,1790774091.802879
10004839,100221,1790774091.756836,1790774091.802885
10004840,100221,1790774091.775753,1790774091.802891
10004841,100221,1790774091.796067,1790774091.802898
10004842,100221,1790774091.816269,1790774092.013037
10004843,100221,1790774091.841385,1790774092.013089
10004844,100221,1790774091.856694,1790774092.013103
10004845,100221,1790774091.875909,1790774092.013116
10004846,100221,1790774091.896460,1790774092.013128
10004847,100221,1790774091.916433,1790774092.013138
10004848,100221,1790774091.936380,1790774092.013150
10004849,100221,1790774091.956319,1790774092.013161
10004850,100221,1790774091.976210,1790774092.013173
10004851,100221,1790774091.996129,1790774092.013185
10004852,100221,1790774092.017510,1790774092.221017
10004853,100221,1790774092.036613,1790774092.221050
10004854,100221,1790774092.056314,1790774092.221059
10004855,100221,1790774092.076868,1790774092.221066
10004856,100221,1790774092.096586,1790774092.221073
10004857,100221,1790774092.115974,1790774092.221079
10004858,100221,1790774092.136563,1790774092.221086
10004859,100221,1790774092.156117,1790774092.221092
10004860,100221,1790774092.176511,1790774092.221098
10004861,100221,1790774092.195914,1790774092.221104
10004862,100221,1790774092.215891,1790774092.429213
10004863,100221,1790774092.235861,1790774092.429250
10004864,100221,1790774092.256493,1790774092.429270
10004865,100221,1790774092.280002,1790774092.429279
10004866,100221,1790774092.296120,1790774092.429286
10004867,100221,1790774092.316272,1790774092.429293
10004868,100221,1790774092.336956,1790774092.429301
10004869,100221,1790774092.356775,1790774092.429429
10004870,100221,1790774092.377863,1790774092.429437
10004871,100221,1790774092.400105,1790774092.429444
10004872,100221,1790774092.415629,1790774092.429452
10004873,100221,1790774092.436302,1790774092.638456
10004874,100221,1790774092.456347,1790774092.638492
10004875,100221,1790774092.476235,1790774092.638502
10004876,100221,1790774092.496189,1790774092.638510
10004877,100221,1790774092.516616,1790774092.638518
10004878,100221,1790774092.537059,1790774092.638525
10004879,100221,1790774092.557176,1790774092.638533
10004880,100221,1790774092.576462,1790774092.638541
10004881,100221,1790774092.596642,1790774092.638548
10004882,100221,1790774092.617122,1790774092.638555
10004883,100221,1790774092.636676,1790774092.853150
10004884,100221,1790774092.657920,1790774092.853205
10004885,100221,1790774092.676942,1790774092.853218
10004886,100221,1790774092.697689,1790774092.853240
10004887,100221,1790774092.718496,1790774092.853253
10004888,100221,1790774092.736532,1790774092.853264
10004889,100221,1790774092.756412,1790774092.853277
10004890,100221,1790774092.776562,1790774092.853287
10004891,100221,1790774092.796925,1790774092.853299
10004892,100221,1790774092.816623,1790774092.853462
10004893,100221,1790774092.844087,1790774093.065721
10004894,100221,1790774092.858649,1790774093.065775
10004895,100221,1790774092.879686,1790774093.065792
10004896,100221,1790774092.897479,1790774093.065808
10004897,100221,1790774092.916675,1790774093.065822
10004898,100221,1790774092.936518,1790774093.065836
10004899,100221,1790774092.956737,1790774093.065850
10004900,100221,1790774092.976905,1790774093.065863
10004901,100221,1790774092.996288,1790774093.065877
10004902,100221,1790774093.016929,1790774093.065890
10004903,100221,1790774093.039776,1790774093.065904
10004904,100221,1790774093.058816,1790774093.274322
10004905,100221,1790774093.076941,1790774093.274380
10004906,100221,1790774093.097133,1790774093.274395
10004907,100221,1790774093.115972,1790774093.274407
10004908,100221,1790774093.137099,1790774093.274417
10004909,100221,1790774093.156810,1790774093.274428
10004910,100221,1790774093.177160,1790774093.274440
10004911,100221,1790774093.196513,1790774093.274450
10004912,100221,1790774093.216096,1790774093.274461
10004913,100221,1790774093.236925,1790774093.274472
10004914,100221,1790774093.257015,1790774093.274483
10004915,100221,1790774093.277041,1790774093.492868
10004916,100221,1790774093.296084,1790774093.492917
10004917,100221,1790774093.316343,1790774093.492931
10004918,100221,1790774093.336175,1790774093.492943
10004919,100221,1790774093.356424,1790774093.492954
10004920,100221,1790774093.376314,1790774093.492965
10004921,100221,1790774093.396811,1790774093.492976
10004922,100221,1790774093.416659,1790774093.492987
10004923,100221,1790774093.437211,1790774093.492998
10004924,100221,1790774093.457271,1790774093.493010
10004925,100221,1790774093.479187,1790774093.493021
10004926,100221,1790774093.495509,1790774093.705617
10004927,100221,1790774093.516611,1790774093.705659
10004928,100221,1790774093.536701,1790774093.705672
10004929,100221,1790774093.556366,1790774093.705683
10004930,100221,1790774093.577094,1790774093.705694
10004931,100221,1790774093.600249,1790774093.705704
10004932,100221,1790774093.620073,1790774093.705713
10004933,100221,1790774093.636066,1790774093.705724
10004934,100221,1790774093.656312,1790774093.705733
10004935,100221,1790774093.677437,1790774093.705742
10004936,100221,1790774093.697093,1790774093.705752
10004937,100221,1790774093.717045,1790774093.915346
10004938,100221,1790774093.736972,1790774093.915388
10004939,100221,1790774093.756677,1790774093.915403
10004940,100221,1790774093.776640,1790774093.915414
10004941,100221,1790774093.796245,1790774093.915426
10004942,100221,1790774093.815867,1790774093.915437
10004943,100221,1790774093.836997,1790774093.915448
10004944,100221,1790774093.856935,1790774093.915458
10004945,100221,1790774093.875907,1790774093.915468
10004946,100221,1790774093.896556,1790774093.915478
10004947,100221,1790774093.918850,1790774094.122958
10004948,100221,1790774093.937076,1790774094.122989
10004949,100221,1790774093.956683,1790774094.123000
10004950,100221,1790774093.976642,1790774094.123007
10004951,100221,1790774093.996178,1790774094.123014
10004952,100221,1790774094.016743,1790774094.123020
10004953,100221,1790774094.036932,1790774094.123027
10004954,100221,1790774094.055867,1790774094.123033
10004955,100221,1790774094.075965,1790774094.123040
10004956,100221,1790774094.096988,1790774094.123046
10004957,100221,1790774094.116621,1790774094.331587
10004958,100221,1790774094.137003,1790774094.331752
10004959,100221,1790774094.156670,1790774094.331761
10004960,100221,1790774094.176189,1790774094.331768
10004961,100221,1790774094.196232,1790774094.331776
10004962,100221,1790774094.216229,1790774094.331782
10004963,100221,1790774094.236088,1790774094.331788
10004964,100221,1790774094.257494,1790774094.331795
10004965,100221,1790774094.277124,1790774094.331802
10004966,100221,1790774094.296142,1790774094.331808
10004967,100221,1790774094.316569,1790774094.331815
10004968,100221,1790774094.335802,1790774094.542275
10004969,100221,1790774094.356549,1790774094.542307
10004970,100221,1790774094.376900,1790774094.542315
10004971,100221,1790774094.396095,1790774094.542322
10004972,100221,1790774094.416450,1790774094.542330
10004973,100221,1790774094.436830,1790774094.542336
10004974,100221,1790774094.456131,1790774094.542343
10004975,100221,1790774094.477024,1790774094.542350
10004976,100221,1790774094.495988,1790774094.542357
10004977,100221,1790774094.516426,1790774094.542364
10004978,100221,1790774094.537391,1790774094.751530
10004979,100221,1790774094.556250,1790774094.751561
10004980,100221,1790774094.577129,1790774094.751571
10004981,100221,1790774094.596673,1790774094.751579
10004982,100221,1790774094.616275,1790774094.751585
10004983,100221,1790774094.636003,1790774094.751738
10004984,100221,1790774094.656541,1790774094.751745
10004985,100221,1790774094.676099,1790774094.751752
10004986,100221,1790774094.696302,1790774094.751766
10004987,100221,1790774094.715904,1790774094.751773
10004988,100221,1790774094.737275,1790774094.751780
10004989,100221,1790774094.757558,1790774094.967941
10004990,100221,1790774094.776476,1790774094.967990
10004991,100221,1790774094.796113,1790774094.968004
10004992,100221,1790774094.816973,1790774094.968016
10004993,100221,1790774094.836544,1790774094.968027
10004994,100221,1790774094.856655,1790774094.968039
10004995,100221,1790774094.876437,1790774094.968049
10004996,100221,1790774094.896262,1790774094.968058
10004997,100221,1790774094.919576,1790774094.968068
10004998,100221,1790774094.939459,1790774094.968078
10004999,100221,1790774094.957101,1790774095.185951
10005000,100221,1790774094.979171,1790774095.186001
10005001,100221,1790774094.996429,1790774095.186019
10005002,100221,1790774095.020430,1790774095.186033
10005003,100221,1790774095.042059,1790774095.186046
10005004,100221,1790774095.059586,1790774095.186060
10005005,100221,1790774095.076222,1790774095.186071
10005006,100221,1790774095.098249,1790774095.186083
10005007,100221,1790774095.122010,1790774095.186095
10005008,100221,1790774095.137527,1790774095.186108
10005009,100221,1790774095.167061,1790774095.428905
10005010,100221,1790774095.186799,1790774095.428951
10005011,100221,1790774095.196799,1790774095.428963
10005012,100221,1790774095.218186,1790774095.428975
10005013,100221,1790774095.236837,1790774095.428987
10005014,100221,1790774095.257098,1790774095.428998
10005015,100221,1790774095.276867,1790774095.429008
10005016,100221,1790774095.297050,1790774095.429018
10005017,100221,1790774095.316790,1790774095.429028
10005018,100221,1790774095.337268,1790774095.429038
10005019,100221,1790774095.357295,1790774095.429048
10005020,100221,1790774095.380700,1790774095.429057
10005021,100221,1790774095.400561,1790774095.657338
10005022,100221,1790774095.444945,1790774095.657389
10005023,100221,1790774095.448741,1790774095.657403
10005024,100221,1790774095.458294,1790774095.657414
10005025,100221,1790774095.476654,1790774095.657425
10005026,100221,1790774095.498181,1790774095.657436
10005027,100221,1790774095.517200,1790774095.657446
10005028,100221,1790774095.538180,1790774095.657456
10005029,100221,1790774095.563385,1790774095.657467
10005030,100221,1790774095.600102,1790774095.657478
10005031,100221,1790774095.600102,1790774095.869977
10005032,100221,1790774095.654684,1790774095.870010
10005033,100221,1790774095.656132,1790774095.870019
10005034,100221,1790774095.659035,1790774095.870026
10005035,100221,1790774095.681419,1790774095.870032
10005036,100221,1790774095.699193,1790774095.870038
10005037,100221,1790774095.719132,1790774095.870045
10005038,100221,1790774095.741170,1790774095.870051
10005039,100221,1790774095.756344,1790774095.870058
10005040,100221,1790774095.776993,1790774095.870063
10005041,100221,1790774095.796851,1790774095.870069
10005042,100221,1790774095.816050,1790774095.870076
10005043,100221,1790774095.837140,1790774095.870082
10005044,100221,1790774095.857670,1790774095.870088
10005045,100221,1790774095.876934,1790774096.079650
10005046,100221,1790774095.897650,1790774096.079684
10005047,100221,1790774095.916260,1790774096.079692
10005048,100221,1790774095.936591,1790774096.079699
10005049,100221,1790774095.956469,1790774096.079707
10005050,100221,1790774095.976270,1790774096.079716
10005051,100221,1790774095.995965,1790774096.079723
10005052,100221,1790774096.019808,1790774096.079729
10005053,100221,1790774096.037657,1790774096.079735
10005054,100221,1790774096.058411,1790774096.079742
10005055,100221,1790774096.076457,1790774096.287570
10005056,100221,1790774096.097026,1790774096.287603
10005057,100221,1790774096.118028,1790774096.287612
10005058,100221,1790774096.137042,1790774096.287620
10005059,100221,1790774096.156421,1790774096.287627
10005060,100221,1790774096.176556,1790774096.287633
10005061,100221,1790774096.196386,1790774096.287640
10005062,100221,1790774096.216464,1790774096.287648
10005063,100221,1790774096.236061,1790774096.287654
10005064,100221,1790774096.257060,1790774096.287660
10005065,100221,1790774096.277221,1790774096.287667
10005066,100221,1790774096.296772,1790774096.497365
10005067,100221,1790774096.318104,1790774096.497410
10005068,100221,1790774096.337467,1790774096.497422
10005069,100221,1790774096.357063,1790774096.497433
10005070,100221,1790774096.377044,1790774096.497444
10005071,100221,1790774096.396711,1790774096.497456
10005072,100221,1790774096.416059,1790774096.497467
10005073,100221,1790774096.436917,1790774096.497478
10005074,100221,1790774096.457771,1790774096.497492
10005075,100221,1790774096.476245,1790774096.497504
10005076,100221,1790774096.499058,1790774096.707581
10005077,100221,1790774096.516672,1790774096.707622
10005078,100221,1790774096.536091,1790774096.707636
10005079,100221,1790774096.556843,1790774096.707648
10005080,100221,1790774096.576253,1790774096.707660
10005081,100221,1790774096.600335,1790774096.707671
10005082,100221,1790774096.616481,1790774096.707682
10005083,100221,1790774096.637231,1790774096.707693
10005084,100221,1790774096.657249,1790774096.707703
10005085,100221,1790774096.680854,1790774096.707715
10005086,100221,1790774096.696999,1790774096.707726
10005087,100221,1790774096.724138,1790774096.919769
10005088,100221,1790774096.736772,1790774096.919803
10005089,100221,1790774096.756565,1790774096.919812
10005090,100221,1790774096.777085,1790774096.919819
10005091,100221,1790774096.796727,1790774096.919827
10005092,100221,1790774096.816296,1790774096.919835
10005093,100221,1790774096.836779,1790774096.919842
10005094,100221,1790774096.856119,1790774096.919848
10005095,100221,1790774096.876786,1790774096.919855
10005096,100221,1790774096.896654,1790774096.919861
10005097,100221,1790774096.917630,1790774097.128703
10005098,100221,1790774096.936764,1790774097.128745
10005099,100221,1790774096.957105,1790774097.128758
10005100,100221,1790774096.976613,1790774097.128781
10005101,100221,1790774096.996545,1790774097.128788
10005102,100221,1790774097.017897,1790774097.128796
10005103,100221,1790774097.036439,1790774097.128804
10005104,100221,1790774097.056870,1790774097.128813
10005105,100221,1790774097.075869,1790774097.128820
10005106,100221,1790774097.097073,1790774097.128826
10005107,100221,1790774097.116066,1790774097.128833
10005108,100221,1790774097.136529,1790774097.337467
10005109,100221,1790774097.156135,1790774097.337513
10005110,100221,1790774097.176075,1790774097.337527
10005111,100221,1790774097.196434,1790774097.337539
10005112,100221,1790774097.215439,1790774097.337549
10005113,100221,1790774097.236152,1790774097.337559
10005114,100221,1790774097.256965,1790774097.337570
10005115,100221,1790774097.276380,1790774097.337582
10005116,100221,1790774097.295853,1790774097.337595
10005117,100221,1790774097.316184,1790774097.337606
10005118,100221,1790774097.336797,1790774097.545965
10005119,100221,1790774097.356451,1790774097.545998
10005120,100221,1790774097.376615,1790774097.546006
10005121,100221,1790774097.396460,1790774097.546013
10005122,100221,1790774097.415941,1790774097.546021
10005123,100221,1790774097.436675,1790774097.546027
10005124,100221,1790774097.456346,1790774097.546035
10005125,100221,1790774097.476718,1790774097.546041
10005126,100221,1790774097.496213,1790774097.546048
10005127,100221,1790774097.516596,1790774097.546054
10005128,100221,1790774097.538186,1790774097.546062
10005129,100221,1790774097.556161,1790774097.755955
10005130,100221,1790774097.576549,1790774097.756000
10005131,100221,1790774097.598408,1790774097.756015
10005132,100221,1790774097.616280,1790774097.756023
10005133,100221,1790774097.636778,1790774097.756030
10005134,100221,1790774097.657213,1790774097.756037
10005135,100221,1790774097.675824,1790774097.756044
10005136,100221,1790774097.697728,1790774097.756052
10005137,100221,1790774097.724669,1790774097.756059
10005138,100221,1790774097.736691,1790774097.756066
10005139,100221,1790774097.757101,1790774097.965500
10005140,100221,1790774097.776035,1790774097.965537
10005141,100221,1790774097.796351,1790774097.965549
10005142,100221,1790774097.816167,1790774097.965557
10005143,100221,1790774097.836122,1790774097.965564
10005144,100221,1790774097.856898,1790774097.965571
10005145,100221,1790774097.876579,1790774097.965578
10005146,100221,1790774097.896551,1790774097.965585
10005147,100221,1790774097.916615,1790774097.965591
10005148,100221,1790774097.936220,1790774097.965597
10005149,100221,1790774097.956492,1790774097.965613
10005150,100221,1790774097.975977,1790774098.180473
10005151,100221,1790774097.996964,1790774098.180514
10005152,100221,1790774098.018466,1790774098.180530
10005153,100221,1790774098.036888,1790774098.180543
10005154,100221,1790774098.061890,1790774098.180554
10005155,100221,1790774098.078930,1790774098.180565
10005156,100221,1790774098.102255,1790774098.180577
10005157,100221,1790774098.118463,1790774098.180589
10005158,100221,1790774098.139846,1790774098.181552
10005159,100221,1790774098.166860,1790774098.390345
10005160,100221,1790774098.179618,1790774098.390379
10005161,100221,1790774098.197370,1790774098.390392
10005162,100221,1790774098.217158,1790774098.390400
10005163,100221,1790774098.240647,1790774098.390408
10005164,100221,1790774098.257841,1790774098.390416
10005165,100221,1790774098.278110,1790774098.390423
10005166,100221,1790774098.300898,1790774098.390430
10005167,100221,1790774098.317392,1790774098.390437
10005168,100221,1790774098.337280,1790774098.390445
10005169,100221,1790774098.357536,1790774098.390461
10005170,100221,1790774098.376589,1790774098.390468
10005171,100221,1790774098.396561,1790774098.599099
10005172,100221,1790774098.416920,1790774098.599148
10005173,100221,1790774098.436305,1790774098.599164
10005174,100221,1790774098.457878,1790774098.599175
10005175,100221,1790774098.476625,1790774098.599186
10005176,100221,1790774098.497497,1790774098.599198
10005177,100221,1790774098.516225,1790774098.599211
10005178,100221,1790774098.541248,1790774098.599222
10005179,100221,1790774098.557703,1790774098.599234
10005180,100221,1790774098.576873,1790774098.599245
10005181,100221,1790774098.596377,1790774098.808847
10005182,100221,1790774098.616597,1790774098.809097
10005183,100221,1790774098.636983,1790774098.809115
10005184,100221,1790774098.657187,1790774098.809127
10005185,100221,1790774098.676893,1790774098.809139
10005186,100221,1790774098.696339,1790774098.809152
10005187,100221,1790774098.718964,1790774098.809163
10005188,100221,1790774098.737022,1790774098.809175
10005189,100221,1790774098.756507,1790774098.809187
10005190,100221,1790774098.777205,1790774098.809200
10005191,100221,1790774098.799350,1790774098.809211
10005192,100221,1790774098.818898,1790774099.029727
10005193,100221,1790774098.837347,1790774099.029761
10005194,100221,1790774098.857075,1790774099.029771
10005195,100221,1790774098.876303,1790774099.029778
10005196,100221,1790774098.896267,1790774099.029785
10005197,100221,1790774098.919878,1790774099.029791
10005198,100221,1790774098.935855,1790774099.029798
10005199,100221,1790774098.956147,1790774099.029804
10005200,100221,1790774098.976570,1790774099.029811
10005201,100221,1790774098.996841,1790774099.029818
10005202,100221,1790774099.017109,1790774099.240563
10005203,100221,1790774099.035806,1790774099.240616
10005204,100221,1790774099.056293,1790774099.240626
10005205,100221,1790774099.076718,1790774099.240634
10005206,100221,1790774099.097026,1790774099.240641
10005207,100221,1790774099.116365,1790774099.240649
10005208,100221,1790774099.136100,1790774099.240656
10005209,100221,1790774099.156407,1790774099.240664
10005210,100221,1790774099.176412,1790774099.240672
10005211,100221,1790774099.196307,1790774099.240679
10005212,100221,1790774099.216066,1790774099.240686
10005213,100221,1790774099.236621,1790774099.449300
10005214,100221,1790774099.256150,1790774099.449360
10005215,100221,1790774099.276657,1790774099.449374
10005216,100221,1790774099.296943,1790774099.449385
10005217,100221,1790774099.316578,1790774099.449397
10005218,100221,1790774099.337293,1790774099.449408
10005219,100221,1790774099.357730,1790774099.449418
10005220,100221,1790774099.376277,1790774099.449428
10005221,100221,1790774099.396535,1790774099.449438
10005222,100221,1790774099.416911,1790774099.449449
10005223,100221,1790774099.440029,1790774099.449459
10005224,100221,1790774099.456677,1790774099.663398
10005225,100221,1790774099.477263,1790774099.663446
10005226,100221,1790774099.496788,1790774099.663460
10005227,100221,1790774099.517473,1790774099.663473
10005228,100221,1790774099.537023,1790774099.663484
10005229,100221,1790774099.556714,1790774099.663495
10005230,100221,1790774099.577283,1790774099.663507
10005231,100221,1790774099.596938,1790774099.663518
10005232,100221,1790774099.616991,1790774099.663530
10005233,100221,1790774099.636304,1790774099.663541
10005234,100221,1790774099.656617,1790774099.871996
10005235,100221,1790774099.676324,1790774099.872031
10005236,100221,1790774099.697225,1790774099.872040
10005237,100221,1790774099.717439,1790774099.872047
10005238,100221,1790774099.736952,1790774099.872054
10005239,100221,1790774099.756594,1790774099.872061
10005240,100221,1790774099.776996,1790774099.872067
10005241,100221,1790774099.796054,1790774099.872074
10005242,100221,1790774099.816180,1790774099.872079
10005243,100221,1790774099.836609,1790774099.872087
10005244,100221,1790774099.857079,1790774099.872093
10005245,100221,1790774099.876270,1790774100.442430
10005246,100221,1790774099.896588,1790774100.442505
10005247,100221,1790774099.918250,1790774100.442517
10005248,100221,1790774099.936292,1790774100.442527
10005249,100221,1790774099.956278,1790774100.442538
10005250,100221,1790774099.977298,1790774100.442548
10005251,100221,1790774099.996362,1790774100.442558
10005252,100221,1790774100.035066,1790774100.442568
10005253,100221,1790774100.070390,1790774100.442578
10005254,100221,1790774100.155895,1790774101.692648
10005255,100221,1790774100.158283,1790774101.692707
10005256,100221,1790774100.279541,1790774101.692732
10005257,100221,1790774100.253005,1790774101.692721
10005258,100221,1790774100.423076,1790774101.692744
10005259,100221,1790774100.489371,1790774101.692758
10005260,100221,1790774100.548259,1790774101.692778
10005261,100221,1790774100.548953,1790774101.692790
10005262,100221,1790774100.546903,1790774101.692768
10005263,100221,1790774100.556921,1790774101.692800
10005264,100221,1790774100.582823,1790774101.692830
10005265,100221,1790774100.578688,1790774101.692820
10005266,100221,1790774100.602090,1790774101.692937
10005267,100221,1790774100.706428,1790774101.692974
10005268,100221,1790774100.698957,1790774101.692962
10005269,100221,1790774100.655387,1790774101.692951
10005270,100221,1790774100.761420,1790774101.692985
10005271,100221,1790774100.765327,1790774101.692995
10005272,100221,1790774100.775708,1790774101.693006
10005273,100221,1790774100.785355,1790774101.693015
10005274,100221,1790774100.785734,1790774101.693026
10005275,100221,1790774100.838537,1790774101.693054
10005276,100221,1790774100.827844,1790774101.693036
10005277,100221,1790774100.846988,1790774101.693064
10005278,100221,1790774100.848939,1790774101.693074
10005279,100221,1790774100.855225,1790774101.693083
10005280,100221,1790774100.888000,1790774101.693093
10005281,100221,1790774100.916259,1790774101.693113
10005282,100221,1790774100.924114,1790774101.693124
10005283,100221,1790774100.909203,1790774101.693103
10005284,100221,1790774100.928705,1790774101.693133
10005285,100221,1790774100.933581,1790774101.693142
10005286,100221,1790774100.947215,1790774101.693151
10005287,100221,1790774100.959281,1790774101.693161
10005288,100221,1790774100.965901,1790774101.693170
10005289,100221,1790774100.993088,1790774101.950122
10005290,100221,1790774101.006924,1790774101.950661
10005291,100221,1790774101.007941,1790774101.950010
10005292,100221,1790774101.008272,1790774101.950722
10005293,100221,1790774101.019863,1790774101.950765
10005294,100221,1790774101.018201,1790774101.950493
10005295,100221,1790774101.020255,1790774101.950604
10005296,100221,1790774101.054608,1790774101.950543
10005297,100221,1790774101.130161,1790774101.950423
10005298,100221,1790774101.125113,1790774101.950133
10005299,100221,1790774101.114010,1790774101.950669
10005300,100221,1790774101.132326,1790774101.950552
10005301,100221,1790774101.153208,1790774101.950774
10005302,100221,1790774101.244588,1790774101.950502
10005303,100221,1790774101.201599,1790774101.950560
10005304,100221,1790774101.227560,1790774101.950079
10005305,100221,1790774101.230208,1790774101.950730
10005306,100221,1790774101.309383,1790774101.950614
10005307,100221,1790774101.361686,1790774101.950255
10005308,100221,1790774101.337985,1790774101.950782
10005309,100221,1790774101.337613,1790774101.950678
10005310,100221,1790774101.337039,1790774101.950815
10005311,100221,1790774101.322236,1790774101.950568
10005312,100221,1790774101.429164,1790774101.950738
10005313,100221,1790774101.445158,1790774101.950823
10005314,100221,1790774101.477369,1790774101.950858
10005315,100221,1790774101.488795,1790774101.950687
10005316,100221,1790774101.595663,1790774101.950271
10005317,100221,1790774101.568481,1790774101.950511
10005318,100221,1790774101.566522,1790774101.950623
10005319,100221,1790774101.623283,1790774101.950747
10005320,100221,1790774101.628529,1790774101.950790
10005321,100221,1790774101.620635,1790774101.950575
10005322,100221,1790774101.679620,1790774101.950696
10005323,100221,1790774101.704455,1790774101.950831
10005324,100221,1790774101.704084,1790774101.950866
10005325,100221,1790774101.716027,1790774101.950632
10005326,100221,1790774101.716521,1790774101.950284
10005327,100221,1790774101.719475,1790774101.950521
10005328,100221,1790774101.727501,1790774101.950704
10005329,100221,1790774101.727865,1790774101.950453
10005330,100221,1790774101.795412,1790774101.950584
10005331,100221,1790774101.738538,1790774101.950798
10005332,100221,1790774101.774580,1790774101.950294
10005333,100221,1790774101.805700,1790774101.950839
10005334,100221,1790774101.821867,1790774101.950874
10005335,100221,1790774101.822243,1790774101.950529
10005336,100221,1790774101.822357,1790774101.950640
10005337,100221,1790774101.819134,1790774101.950754
10005338,100221,1790774101.828797,1790774101.950304
10005339,100221,1790774101.841342,1790774101.950712
10005340,100221,1790774101.846844,1790774101.950463
10005341,100221,1790774101.845549,1790774101.950806
10005342,100221,1790774101.847799,1790774101.950592
10005343,100221,1790774101.864819,1790774101.950848
10005344,100221,1790774101.872970,1790774101.950650
10005345,100221,1790774101.882141,1790774101.950471
10005346,100221,1790774101.903553,1790774101.950480
10005347,100221,1790774101.928345,1790774102.245430
10005348,100221,1790774101.943580,1790774102.245485
10005349,100221,1790774101.958708,1790774102.245499
10005350,100221,1790774101.981798,1790774102.245509
10005351,100221,1790774102.004301,1790774102.245519
10005352,100221,1790774102.021295,1790774102.245530
10005353,100221,1790774102.046709,1790774102.245540
10005354,100221,1790774102.065997,1790774102.245551
10005355,100221,1790774102.082682,1790774102.245563
10005356,100221,1790774102.101163,1790774102.245574
10005357,100221,1790774102.181289,1790774102.523104
10005358,100221,1790774102.182935,1790774102.523148
10005359,100221,1790774102.192651,1790774102.523161
10005360,100221,1790774102.234167,1790774102.523183
10005361,100221,1790774102.221098,1790774102.523172
10005362,100221,1790774102.245762,1790774102.523195
10005363,100221,1790774102.286481,1790774102.523206
10005364,100221,1790774102.296270,1790774102.523226
10005365,100221,1790774102.295898,1790774102.523216
10005366,100221,1790774102.303370,1790774102.523236
10005367,100221,1790774102.319592,1790774102.523247
10005368,100221,1790774102.343729,1790774102.523257
10005369,100221,1790774102.381261,1790774102.523268
10005370,100221,1790774102.401251,1790774102.523277
10005371,100221,1790774102.412800,1790774102.523286
10005372,100221,1790774102.425244,1790774102.523295
10005373,100221,1790774102.440267,1790774102.523304
10005374,100221,1790774102.463355,1790774102.523312
10005375,100221,1790774102.523935,1790774102.759465
10005376,100221,1790774102.528188,1790774102.759572
10005377,100221,1790774102.529977,1790774102.759591
10005378,100221,1790774102.546075,1790774102.759609
10005379,100221,1790774102.563551,1790774102.759619
10005380,100221,1790774102.591203,1790774102.759629
10005381,100221,1790774102.603418,1790774102.759639
10005382,100221,1790774102.629027,1790774102.759650
10005383,100221,1790774102.644163,1790774102.759659
10005384,100221,1790774102.665109,1790774102.759669
10005385,100221,1790774102.687193,1790774102.759679
10005386,100221,1790774102.701458,1790774102.759689
10005387,100221,1790774102.737048,1790774102.992942
10005388,100221,1790774102.747773,1790774102.993868
10005389,100221,1790774102.775191,1790774102.993916
10005390,100221,1790774102.783654,1790774102.993927
10005391,100221,1790774102.811244,1790774102.993936
10005392,100221,1790774102.839184,1790774102.993966
10005393,100221,1790774102.841382,1790774102.993980
10005394,100221,1790774102.860996,1790774102.993990
10005395,100221,1790774102.881488,1790774102.994000
10005396,100221,1790774102.901136,1790774102.994009
10005397,100221,1790774102.926229,1790774102.994018
10005398,100221,1790774102.942529,1790774102.994028
10005399,100221,1790774102.964593,1790774102.994036
10005400,100221,1790774102.985973,1790774103.222306
10005401,100221,1790774103.001746,1790774103.222358
10005402,100221,1790774103.037094,1790774103.222371
10005403,100221,1790774103.056165,1790774103.222382
10005404,100221,1790774103.063256,1790774103.222403
10005405,100221,1790774103.095635,1790774103.222415
10005406,100221,1790774103.121750,1790774103.227616
10005407,100221,1790774103.122060,1790774103.227663
10005408,100221,1790774103.158845,1790774103.227675
10005409,100221,1790774103.163987,1790774103.227685
10005410,100221,1790774103.195147,1790774103.227693
10005411,100221,1790774103.204044,1790774103.457711
10005412,100221,1790774103.238290,1790774103.458265
10005413,100221,1790774103.248264,1790774103.458286
10005414,100221,1790774103.264989,1790774103.458298
10005415,100221,1790774103.289828,1790774103.458307
10005416,100221,1790774103.301229,1790774103.458317
10005417,100221,1790774103.319278,1790774103.458326
10005418,100221,1790774103.344850,1790774103.458335
10005419,100221,1790774103.361429,1790774103.458345
10005420,100221,1790774103.379828,1790774103.458355
10005421,100221,1790774103.400024,1790774103.458364
10005422,100221,1790774103.436563,1790774103.679520
10005423,100221,1790774103.451923,1790774103.679634
10005424,100221,1790774103.462277,1790774103.679645
10005425,100221,1790774103.477031,1790774103.679654
10005426,100221,1790774103.497637,1790774103.679662
10005427,100221,1790774103.527897,1790774103.679670
10005428,100221,1790774103.543384,1790774103.679677
10005429,100221,1790774103.558047,1790774103.679685
10005430,100221,1790774103.577169,1790774103.679693
10005431,100221,1790774103.600747,1790774103.679700
10005432,100221,1790774103.619249,1790774103.679707
10005433,100221,1790774103.642680,1790774103.679715
10005434,100221,1790774103.661221,1790774103.679722
10005435,100221,1790774103.678517,1790774103.903774
10005436,100221,1790774103.706836,1790774103.903822
10005437,100221,1790774103.734531,1790774103.903836
10005438,100221,1790774103.740222,1790774103.903849
10005439,100221,1790774103.762778,1790774103.903862
10005440,100221,1790774103.790290,1790774103.903875
10005441,100221,1790774103.807391,1790774103.903887
10005442,100221,1790774103.824739,1790774103.903898
10005443,100221,1790774103.845558,1790774103.903909
10005444,100221,1790774103.858934,1790774103.903920
10005445,100221,1790774103.893398,1790774104.123809
10005446,100221,1790774103.907190,1790774104.123935
10005447,100221,1790774103.918608,1790774104.123947
10005448,100221,1790774103.939344,1790774104.123957
10005449,100221,1790774103.958315,1790774104.123969
10005450,100221,1790774103.978151,1790774104.123979
10005451,100221,1790774104.001973,1790774104.123990
10005452,100221,1790774104.017386,1790774104.123999
10005453,100221,1790774104.038156,1790774104.124009
10005454,100221,1790774104.063531,1790774104.124019
10005455,100221,1790774104.077217,1790774104.124028
10005456,100221,1790774104.102798,1790774104.124038
10005457,100221,1790774104.120505,1790774104.341438
10005458,100221,1790774104.139070,1790774104.341483
10005459,100221,1790774104.161680,1790774104.341497
10005460,100221,1790774104.179376,1790774104.341509
10005461,100221,1790774104.197874,1790774104.341520
10005462,100221,1790774104.217045,1790774104.341529
10005463,100221,1790774104.238435,1790774104.341539
10005464,100221,1790774104.257931,1790774104.341548
10005465,100221,1790774104.276849,1790774104.341558
10005466,100221,1790774104.296854,1790774104.341567
10005467,100221,1790774104.319290,1790774104.552942
10005468,100221,1790774104.342161,1790774104.552991
10005469,100221,1790774104.359518,1790774104.553004
10005470,100221,1790774104.376323,1790774104.553015
10005471,100221,1790774104.396446,1790774104.553025
10005472,100221,1790774104.417101,1790774104.553034
10005473,100221,1790774104.437218,1790774104.553044
10005474,100221,1790774104.458881,1790774104.553054
10005475,100221,1790774104.477809,1790774104.553064
10005476,100221,1790774104.497433,1790774104.553074
10005477,100221,1790774104.518174,1790774104.553085
10005478,100221,1790774104.538892,1790774104.553094
10005479,100221,1790774104.557702,1790774104.769433
10005480,100221,1790774104.576745,1790774104.769476
10005481,100221,1790774104.598193,1790774104.769485
10005482,100221,1790774104.616449,1790774104.769493
10005483,100221,1790774104.641582,1790774104.769500
10005484,100221,1790774104.656753,1790774104.769507
10005485,100221,1790774104.676833,1790774104.769513
10005486,100221,1790774104.697070,1790774104.769519
10005487,100221,1790774104.719558,1790774104.769525
10005488,100221,1790774104.740149,1790774104.769531
10005489,100221,1790774104.756989,1790774104.982752
10005490,100221,1790774104.777159,1790774104.982796
10005491,100221,1790774104.797516,1790774104.982809
10005492,100221,1790774104.820267,1790774104.982941
10005493,100221,1790774104.838018,1790774104.982950
10005494,100221,1790774104.857142,1790774104.982959
10005495,100221,1790774104.878023,1790774104.982968
10005496,100221,1790774104.898117,1790774104.982977
10005497,100221,1790774104.917888,1790774104.982986
10005498,100221,1790774104.938099,1790774104.982995
10005499,100221,1790774104.965278,1790774104.983008
10005500,100221,1790774104.978336,1790774105.221918
10005501,100221,1790774104.997917,1790774105.221992
10005502,100221,1790774105.036439,1790774105.222006
10005503,100221,1790774105.047925,1790774105.222037
10005504,100221,1790774105.061184,1790774105.222049
10005505,100221,1790774105.092859,1790774105.222058
10005506,100221,1790774105.100673,1790774105.222068
10005507,100221,1790774105.120475,1790774105.222077
10005508,100221,1790774105.155686,1790774105.222086
10005509,100221,1790774105.160692,1790774105.222116
10005510,100221,1790774105.183717,1790774105.222127
10005511,100221,1790774105.205716,1790774105.448986
10005512,100221,1790774105.223495,1790774105.449046
10005513,100221,1790774105.245794,1790774105.449062
10005514,100221,1790774105.259278,1790774105.449075
10005515,100221,1790774105.278942,1790774105.449088
10005516,100221,1790774105.300772,1790774105.449101
10005517,100221,1790774105.335952,1790774105.449113
10005518,100221,1790774105.340878,1790774105.449126
10005519,100221,1790774105.362329,1790774105.449138
10005520,100221,1790774105.398408,1790774105.449149
10005521,100221,1790774105.407818,1790774105.449161
10005522,100221,1790774105.437230,1790774105.670698
10005523,100221,1790774105.445142,1790774105.670745
10005524,100221,1790774105.494515,1790774105.670756
10005525,100221,1790774105.497841,1790774105.670766
10005526,100221,1790774105.504584,1790774105.670777
10005527,100221,1790774105.517724,1790774105.670786
10005528,100221,1790774105.539625,1790774105.670796
10005529,100221,1790774105.566000,1790774105.670805
10005530,100221,1790774105.580220,1790774105.670814
10005531,100221,1790774105.605157,1790774105.670823
10005532,100221,1790774105.618861,1790774105.670832
10005533,100221,1790774105.638598,1790774105.670841
10005534,100221,1790774105.656536,1790774105.907926
10005535,100221,1790774105.688366,1790774105.907968
10005536,100221,1790774105.707043,1790774105.909048
10005537,100221,1790774105.720977,1790774105.909502
10005538,100221,1790774105.739651,1790774105.909527
10005539,100221,1790774105.758091,1790774105.909540
10005540,100221,1790774105.784529,1790774105.909551
10005541,100221,1790774105.798950,1790774105.909561
10005542,100221,1790774105.821099,1790774105.909570
10005543,100221,1790774105.840050,1790774105.909581
10005544,100221,1790774105.875182,1790774105.909591
10005545,100221,1790774105.880366,1790774105.909607
10005546,100221,1790774105.903559,1790774106.139529
10005547,100221,1790774105.922331,1790774106.139579
10005548,100221,1790774105.949791,1790774106.139595
10005549,100221,1790774105.976720,1790774106.139606
10005550,100221,1790774105.978941,1790774106.139616
10005551,100221,1790774105.999349,1790774106.139628
10005552,100221,1790774106.030425,1790774106.139639
10005553,100221,1790774106.040581,1790774106.139650
10005554,100221,1790774106.062570,1790774106.139662
10005555,100221,1790774106.109042,1790774106.139673
10005556,100221,1790774106.112598,1790774106.139684
10005557,100221,1790774106.121593,1790774106.369688
10005558,100221,1790774106.151226,1790774106.369729
10005559,100221,1790774106.178441,1790774106.369739
10005560,100221,1790774106.182470,1790774106.369748
10005561,100221,1790774106.197452,1790774106.369755
10005562,100221,1790774106.219460,1790774106.369778
10005563,100221,1790774106.258550,1790774106.369784
10005564,100221,1790774106.262887,1790774106.369790
10005565,100221,1790774106.281770,1790774106.369797
10005566,100221,1790774106.312398,1790774106.369804
10005567,100221,1790774106.320836,1790774106.369810
10005568,100221,1790774106.343614,1790774106.369816
10005569,100221,1790774106.364270,1790774106.590314
10005570,100221,1790774106.379087,1790774106.590362
10005571,100221,1790774106.402834,1790774106.590374
10005572,100221,1790774106.420615,1790774106.590385
10005573,100221,1790774106.436718,1790774106.590396
10005574,100221,1790774106.458458,1790774106.590408
10005575,100221,1790774106.477380,1790774106.590419
10005576,100221,1790774106.501123,1790774106.590431
10005577,100221,1790774106.519032,1790774106.590443
10005578,100221,1790774106.538224,1790774106.590455
10005579,100221,1790774106.560436,1790774106.590466
10005580,100221,1790774106.576910,1790774106.819408
10005581,100221,1790774106.598374,1790774106.819483
10005582,100221,1790774106.620139,1790774106.819496
10005583,100221,1790774106.637639,1790774106.819507
10005584,100221,1790774106.658055,1790774106.819518
10005585,100221,1790774106.692403,1790774106.819761
10005586,100221,1790774106.713327,1790774106.819774
10005587,100221,1790774106.719577,1790774106.819784
10005588,100221,1790774106.738902,1790774106.819795
10005589,100221,1790774106.759471,1790774106.819805
10005590,100221,1790774106.778173,1790774106.819815
10005591,100221,1790774106.800480,1790774107.041181
10005592,100221,1790774106.823927,1790774107.041228
10005593,100221,1790774106.840739,1790774107.041241
10005594,100221,1790774106.863257,1790774107.041253
10005595,100221,1790774106.884875,1790774107.041265
10005596,100221,1790774106.916659,1790774107.041277
10005597,100221,1790774106.956812,1790774107.041289
10005598,100221,1790774106.958109,1790774107.041301
10005599,100221,1790774106.962850,1790774107.041321
10005600,100221,1790774106.981511,1790774107.041334
10005601,100221,1790774107.037051,1790774107.260248
10005602,100221,1790774107.035734,1790774107.259788
10005603,100221,1790774107.045697,1790774107.260263
10005604,100221,1790774107.075196,1790774107.260274
10005605,100221,1790774107.080855,1790774107.260283
10005606,100221,1790774107.097233,1790774107.260292
10005607,100221,1790774107.118234,1790774107.260302
10005608,100221,1790774107.139719,1790774107.260312
10005609,100221,1790774107.176189,1790774107.260327
10005610,100221,1790774107.185565,1790774107.260374
10005611,100221,1790774107.206858,1790774107.261620
10005612,100221,1790774107.218766,1790774107.261701
10005613,100221,1790774107.243082,1790774107.261723
10005614,100221,1790774107.258298,1790774107.479783
10005615,100221,1790774107.280414,1790774107.479850
10005616,100221,1790774107.306765,1790774107.479867
10005617,100221,1790774107.328856,1790774107.479880
10005618,100221,1790774107.354423,1790774107.479957
10005619,100221,1790774107.362219,1790774107.479971
10005620,100221,1790774107.382914,1790774107.479987
10005621,100221,1790774107.397667,1790774107.479998
10005622,100221,1790774107.420166,1790774107.480011
10005623,100221,1790774107.439468,1790774107.480027
10005624,100221,1790774107.457663,1790774107.480038
10005625,100221,1790774107.478837,1790774107.694695
10005626,100221,1790774107.498478,1790774107.694742
10005627,100221,1790774107.531551,1790774107.694762
10005628,100221,1790774107.546101,1790774107.694773
10005629,100221,1790774107.568692,1790774107.694784
10005630,100221,1790774107.585385,1790774107.694794
10005631,100221,1790774107.599612,1790774107.694807
10005632,100221,1790774107.619908,1790774107.694819
10005633,100221,1790774107.639217,1790774107.694831
10005634,100221,1790774107.669593,1790774107.694842
10005635,100221,1790774107.678805,1790774107.694853
10005636,100221,1790774107.696865,1790774107.904655
10005637,100221,1790774107.723948,1790774107.904692
10005638,100221,1790774107.738820,1790774107.904701
10005639,100221,1790774107.764637,1790774107.904709
10005640,100221,1790774107.785788,1790774107.904721
10005641,100221,1790774107.797951,1790774107.904796
10005642,100221,1790774107.816730,1790774107.904805
10005643,100221,1790774107.837162,1790774107.904812
10005644,100221,1790774107.866914,1790774107.904819
10005645,100221,1790774107.877503,1790774107.904827
10005646,100221,1790774107.900865,1790774108.120717
10005647,100221,1790774107.921051,1790774108.120753
10005648,100221,1790774107.939880,1790774108.120861
10005649,100221,1790774107.960484,1790774108.120877
10005650,100221,1790774107.977276,1790774108.120889
10005651,100221,1790774108.005876,1790774108.120899
10005652,100221,1790774108.024837,1790774108.120908
10005653,100221,1790774108.044206,1790774108.120917
10005654,100221,1790774108.065973,1790774108.120924
10005655,100221,1790774108.082273,1790774108.120930
10005656,100221,1790774108.102531,1790774108.121068
10005657,100221,1790774108.116840,1790774108.330560
10005658,100221,1790774108.138082,1790774108.330600
10005659,100221,1790774108.166477,1790774108.330609
10005660,100221,1790774108.179213,1790774108.330617
10005661,100221,1790774108.196690,1790774108.330624
10005662,100221,1790774108.220643,1790774108.330631
10005663,100221,1790774108.238831,1790774108.330638
10005664,100221,1790774108.259155,1790774108.330645
10005665,100221,1790774108.278370,1790774108.330652
10005666,100221,1790774108.298015,1790774108.330659
10005667,100221,1790774108.321114,1790774108.546175
10005668,100221,1790774108.341727,1790774108.546224
10005669,100221,1790774108.360367,1790774108.546238
10005670,100221,1790774108.386400,1790774108.546250
10005671,100221,1790774108.398073,1790774108.546260
10005672,100221,1790774108.418470,1790774108.546270
10005673,100221,1790774108.437974,1790774108.546280
10005674,100221,1790774108.459703,1790774108.546290
10005675,100221,1790774108.479947,1790774108.546301
10005676,100221,1790774108.501750,1790774108.546313
10005677,100221,1790774108.518435,1790774108.546324
10005678,100221,1790774108.537575,1790774108.754878
10005679,100221,1790774108.559359,1790774108.754926
10005680,100221,1790774108.577393,1790774108.754942
10005681,100221,1790774108.598270,1790774108.754954
10005682,100221,1790774108.620358,1790774108.754966
10005683,100221,1790774108.636565,1790774108.754977
10005684,100221,1790774108.657583,1790774108.754990
10005685,100221,1790774108.677367,1790774108.755003
10005686,100221,1790774108.696285,1790774108.755015
10005687,100221,1790774108.725187,1790774108.755026
10005688,100221,1790774108.739505,1790774108.755037
10005689,100221,1790774108.766079,1790774108.969908
10005690,100221,1790774108.778247,1790774108.969946
10005691,100221,1790774108.796749,1790774108.969956
10005692,100221,1790774108.817873,1790774108.969963
10005693,100221,1790774108.837264,1790774108.969970
10005694,100221,1790774108.856981,1790774108.969977
10005695,100221,1790774108.895977,1790774108.969983
10005696,100221,1790774108.901389,1790774108.969989
10005697,100221,1790774108.917235,1790774108.969995
10005698,100221,1790774108.936761,1790774108.970001
10005699,100221,1790774108.956479,1790774108.970007
10005700,100221,1790774108.977664,1790774109.186478
10005701,100221,1790774108.997011,1790774109.186527
10005702,100221,1790774109.022583,1790774109.186544
10005703,100221,1790774109.046794,1790774109.186557
10005704,100221,1790774109.069675,1790774109.186569
10005705,100221,1790774109.090133,1790774109.186581
10005706,100221,1790774109.107098,1790774109.186593
10005707,100221,1790774109.122313,1790774109.186606
10005708,100221,1790774109.136289,1790774109.186619
10005709,100221,1790774109.157689,1790774109.186630
10005710,100221,1790774109.183427,1790774109.398768
10005711,100221,1790774109.196458,1790774109.398801
10005712,100221,1790774109.216872,1790774109.398810
10005713,100221,1790774109.238600,1790774109.398819
10005714,100221,1790774109.257114,1790774109.398826
10005715,100221,1790774109.276775,1790774109.398833
10005716,100221,1790774109.297048,1790774109.398840
10005717,100221,1790774109.316174,1790774109.398846
10005718,100221,1790774109.337811,1790774109.398852
10005719,100221,1790774109.356434,1790774109.398858
10005720,100221,1790774109.376718,1790774109.398864
10005721,100221,1790774109.397266,1790774109.608124
10005722,100221,1790774109.415979,1790774109.608158
10005723,100221,1790774109.436576,1790774109.608179
10005724,100221,1790774109.456590,1790774109.608189
10005725,100221,1790774109.476253,1790774109.608196
10005726,100221,1790774109.498306,1790774109.608203
10005727,100221,1790774109.516388,1790774109.608210
10005728,100221,1790774109.537071,1790774109.608218
10005729,100221,1790774109.557647,1790774109.608225
10005730,100221,1790774109.578189,1790774109.608232
10005731,100221,1790774109.597563,1790774109.608238
10005732,100221,1790774109.616072,1790774109.818167
10005733,100221,1790774109.636235,1790774109.818387
10005734,100221,1790774109.655992,1790774109.818406
10005735,100221,1790774109.676272,1790774109.818415
10005736,100221,1790774109.696906,1790774109.818434
10005737,100221,1790774109.716120,1790774109.818441
10005738,100221,1790774109.736676,1790774109.818447
10005739,100221,1790774109.756840,1790774109.818454
10005740,100221,1790774109.777077,1790774109.818460
10005741,100221,1790774109.797248,1790774109.818466
10005742,100221,1790774109.817090,1790774110.029879
10005743,100221,1790774109.837005,1790774110.029928
10005744,100221,1790774109.856707,1790774110.029941
10005745,100221,1790774109.876658,1790774110.029953
10005746,100221,1790774109.896766,1790774110.029963
10005747,100221,1790774109.916343,1790774110.029974
10005748,100221,1790774109.936381,1790774110.029985
10005749,100221,1790774109.956727,1790774110.029996
10005750,100221,1790774109.978333,1790774110.030009
10005751,100221,1790774109.996980,1790774110.030020
10005752,100221,1790774110.018214,1790774110.030031
10005753,100221,1790774110.040386,1790774110.244076
10005754,100221,1790774110.056846,1790774110.244125
10005755,100221,1790774110.076857,1790774110.244138
10005756,100221,1790774110.098148,1790774110.244152
10005757,100221,1790774110.119258,1790774110.244163
10005758,100221,1790774110.137988,1790774110.244173
10005759,100221,1790774110.157438,1790774110.244183
10005760,100221,1790774110.176738,1790774110.244193
10005761,100221,1790774110.197964,1790774110.244203
10005762,100221,1790774110.217570,1790774110.244214
10005763,100221,1790774110.236595,1790774110.452005
10005764,100221,1790774110.257133,1790774110.452051
10005765,100221,1790774110.277191,1790774110.452064
10005766,100221,1790774110.297721,1790774110.452076
10005767,100221,1790774110.316945,1790774110.452089
10005768,100221,1790774110.337940,1790774110.452099
10005769,100221,1790774110.356945,1790774110.452111
10005770,100221,1790774110.389925,1790774110.452123
10005771,100221,1790774110.402879,1790774110.452135
10005772,100221,1790774110.423742,1790774110.452147
10005773,100221,1790774110.439245,1790774110.452158
10005774,100221,1790774110.456432,1790774110.667669
10005775,100221,1790774110.476080,1790774110.667882
10005776,100221,1790774110.496400,1790774110.667892
10005777,100221,1790774110.517186,1790774110.667901
10005778,100221,1790774110.537130,1790774110.667907
10005779,100221,1790774110.557183,1790774110.667914
10005780,100221,1790774110.576725,1790774110.667920
10005781,100221,1790774110.596438,1790774110.667926
10005782,100221,1790774110.616032,1790774110.667932
10005783,100221,1790774110.638996,1790774110.667938
10005784,100221,1790774110.658493,1790774110.883696
10005785,100221,1790774110.677025,1790774110.883754
10005786,100221,1790774110.696774,1790774110.883768
10005787,100221,1790774110.717895,1790774110.883780
10005788,100221,1790774110.737279,1790774110.883793
10005789,100221,1790774110.757719,1790774110.883803
10005790,100221,1790774110.777921,1790774110.883814
10005791,100221,1790774110.798503,1790774110.884040
10005792,100221,1790774110.828792,1790774110.884052
10005793,100221,1790774110.836846,1790774110.884064
10005794,100221,1790774110.857084,1790774110.884077
10005795,100221,1790774110.885770,1790774111.099908
10005796,100221,1790774110.896745,1790774111.099945
10005797,100221,1790774110.916839,1790774111.099955
10005798,100221,1790774110.936720,1790774111.099966
10005799,100221,1790774110.956121,1790774111.099973
10005800,100221,1790774110.977088,1790774111.099980
10005801,100221,1790774110.997535,1790774111.099987
10005802,100221,1790774111.019850,1790774111.099994
10005803,100221,1790774111.043569,1790774111.100001
10005804,100221,1790774111.059880,1790774111.100007
10005805,100221,1790774111.076459,1790774111.100014
10005806,100221,1790774111.098861,1790774111.310928
10005807,100221,1790774111.118976,1790774111.310975
10005808,100221,1790774111.136811,1790774111.310987
10005809,100221,1790774111.158576,1790774111.310998
10005810,100221,1790774111.176187,1790774111.311012
10005811,100221,1790774111.196013,1790774111.311023
10005812,100221,1790774111.216615,1790774111.311033
10005813,100221,1790774111.236672,1790774111.311043
10005814,100221,1790774111.256725,1790774111.311054
10005815,100221,1790774111.277883,1790774111.311066
10005816,100221,1790774111.297494,1790774111.311077
10005817,100221,1790774111.316544,1790774111.520802
10005818,100221,1790774111.338025,1790774111.520836
10005819,100221,1790774111.359092,1790774111.520845
10005820,100221,1790774111.380320,1790774111.520854
10005821,100221,1790774111.396723,1790774111.520860
10005822,100221,1790774111.416634,1790774111.520866
10005823,100221,1790774111.436756,1790774111.520872
10005824,100221,1790774111.456796,1790774111.520878
10005825,100221,1790774111.475863,1790774111.520884
10005826,100221,1790774111.496558,1790774111.520890
10005827,100221,1790774111.516303,1790774111.730395
10005828,100221,1790774111.536268,1790774111.730430
10005829,100221,1790774111.556924,1790774111.730439
10005830,100221,1790774111.575778,1790774111.730447
10005831,100221,1790774111.596681,1790774111.730455
10005832,100221,1790774111.616174,1790774111.730460
10005833,100221,1790774111.636594,1790774111.730467
10005834,100221,1790774111.656430,1790774111.730473
10005835,100221,1790774111.680050,1790774111.730480
10005836,100221,1790774111.696740,1790774111.730488
10005837,100221,1790774111.724472,1790774111.942437
10005838,100221,1790774111.736194,1790774111.942469
10005839,100221,1790774111.756266,1790774111.942478
10005840,100221,1790774111.776216,1790774111.942486
10005841,100221,1790774111.796984,1790774111.942495
10005842,100221,1790774111.816091,1790774111.942502
10005843,100221,1790774111.837119,1790774111.942508
10005844,100221,1790774111.856803,1790774111.942514
10005845,100221,1790774111.876707,1790774111.942520
10005846,100221,1790774111.896378,1790774111.942527
10005847,100221,1790774111.915969,1790774111.942533
10005848,100221,1790774111.939242,1790774112.151105
10005849,100221,1790774111.956605,1790774112.151139
10005850,100221,1790774111.975772,1790774112.151148
10005851,100221,1790774111.997652,1790774112.151155
10005852,100221,1790774112.017116,1790774112.151161
10005853,100221,1790774112.039170,1790774112.151170
10005854,100221,1790774112.057640,1790774112.151177
10005855,100221,1790774112.076821,1790774112.151184
10005856,100221,1790774112.096461,1790774112.151191
10005857,100221,1790774112.117098,1790774112.151198
10005858,100221,1790774112.136778,1790774112.151205
10005859,100221,1790774112.157193,1790774112.360899
10005860,100221,1790774112.175977,1790774112.360937
10005861,100221,1790774112.196246,1790774112.360946
10005862,100221,1790774112.215738,1790774112.360955
10005863,100221,1790774112.235930,1790774112.360963
10005864,100221,1790774112.256951,1790774112.360969
10005865,100221,1790774112.277061,1790774112.360975
10005866,100221,1790774112.296442,1790774112.360982
10005867,100221,1790774112.316204,1790774112.360988
10005868,100221,1790774112.337025,1790774112.360995
10005869,100221,1790774112.356681,1790774112.570981
10005870,100221,1790774112.376686,1790774112.571012
10005871,100221,1790774112.398633,1790774112.571021
10005872,100221,1790774112.417165,1790774112.571028
10005873,100221,1790774112.437238,1790774112.571035
10005874,100221,1790774112.456516,1790774112.571043
10005875,100221,1790774112.476129,1790774112.571049
10005876,100221,1790774112.497442,1790774112.571055
10005877,100221,1790774112.516172,1790774112.571062
10005878,100221,1790774112.536402,1790774112.571070
10005879,100221,1790774112.557842,1790774112.571078
10005880,100221,1790774112.576817,1790774112.780771
10005881,100221,1790774112.596649,1790774112.780803
10005882,100221,1790774112.616702,1790774112.780813
10005883,100221,1790774112.636633,1790774112.780820
10005884,100221,1790774112.656800,1790774112.780830
10005885,100221,1790774112.676551,1790774112.780836
10005886,100221,1790774112.696534,1790774112.780843
10005887,100221,1790774112.716695,1790774112.780849
10005888,100221,1790774112.737900,1790774112.780855
10005889,100221,1790774112.756868,1790774112.780861
10005890,100221,1790774112.777031,1790774112.987729
10005891,100221,1790774112.796708,1790774112.987786
10005892,100221,1790774112.816531,1790774112.987796
10005893,100221,1790774112.837117,1790774112.987804
10005894,100221,1790774112.859628,1790774112.987811
10005895,100221,1790774112.876310,1790774112.987817
10005896,100221,1790774112.896398,1790774112.987824
10005897,100221,1790774112.916829,1790774112.987832
10005898,100221,1790774112.936018,1790774112.987838
10005899,100221,1790774112.956408,1790774112.987845
10005900,100221,1790774112.976027,1790774112.987851
10005901,100221,1790774112.996227,1790774113.197108
10005902,100221,1790774113.016026,1790774113.197171
10005903,100221,1790774113.036245,1790774113.197187
10005904,100221,1790774113.056255,1790774113.197199
10005905,100221,1790774113.076838,1790774113.197211
10005906,100221,1790774113.102468,1790774113.197224
10005907,100221,1790774113.116295,1790774113.197235
10005908,100221,1790774113.136472,1790774113.197246
10005909,100221,1790774113.157773,1790774113.197257
10005910,100221,1790774113.176780,1790774113.197269
10005911,100221,1790774113.196346,1790774113.411150
10005912,100221,1790774113.219477,1790774113.411207
10005913,100221,1790774113.236621,1790774113.411224
10005914,100221,1790774113.256923,1790774113.411238
10005915,100221,1790774113.279949,1790774113.411246
10005916,100221,1790774113.299010,1790774113.411255
10005917,100221,1790774113.316270,1790774113.411265
10005918,100221,1790774113.337127,1790774113.411272
10005919,100221,1790774113.357249,1790774113.411280
10005920,100221,1790774113.377892,1790774113.411287
10005921,100221,1790774113.397690,1790774113.411296
10005922,100221,1790774113.415803,1790774113.619870
10005923,100221,1790774113.436659,1790774113.619905
10005924,100221,1790774113.458262,1790774113.619914
10005925,100221,1790774113.475906,1790774113.619921
10005926,100221,1790774113.499778,1790774113.619928
10005927,100221,1790774113.522260,1790774113.619936
10005928,100221,1790774113.539266,1790774113.619942
10005929,100221,1790774113.556848,1790774113.619948
10005930,100221,1790774113.576111,1790774113.619954
10005931,100221,1790774113.596206,1790774113.619960
10005932,100221,1790774113.617010,1790774113.827053
10005933,100221,1790774113.636545,1790774113.827085
10005934,100221,1790774113.656422,1790774113.827094
10005935,100221,1790774113.676618,1790774113.827107
10005936,100221,1790774113.696210,1790774113.827114
10005937,100221,1790774113.715218,1790774113.827121
10005938,100221,1790774113.736825,1790774113.827128
10005939,100221,1790774113.756424,1790774113.827136
10005940,100221,1790774113.776348,1790774113.827142
10005941,100221,1790774113.796044,1790774113.827149
10005942,100221,1790774113.815999,1790774113.827156
10005943,100221,1790774113.840434,1790774114.036499
10005944,100221,1790774113.855882,1790774114.036548
10005945,100221,1790774113.875940,1790774114.036563
10005946,100221,1790774113.896405,1790774114.036576
10005947,100221,1790774113.916426,1790774114.036587
10005948,100221,1790774113.936760,1790774114.036600
10005949,100221,1790774113.956742,1790774114.036613
10005950,100221,1790774113.976213,1790774114.036625
10005951,100221,1790774113.995852,1790774114.036636
10005952,100221,1790774114.017058,1790774114.036647
10005953,100221,1790774114.040698,1790774114.248990
10005954,100221,1790774114.056921,1790774114.249092
10005955,100221,1790774114.077293,1790774114.249111
10005956,100221,1790774114.097409,1790774114.249122
10005957,100221,1790774114.118306,1790774114.249132
10005958,100221,1790774114.137258,1790774114.249142
10005959,100221,1790774114.156951,1790774114.249151
10005960,100221,1790774114.177541,1790774114.249162
10005961,100221,1790774114.197463,1790774114.249172
10005962,100221,1790774114.218012,1790774114.249183
10005963,100221,1790774114.241127,1790774114.463074
10005964,100221,1790774114.258245,1790774114.463127
10005965,100221,1790774114.277264,1790774114.463146
10005966,100221,1790774114.308588,1790774114.463161
10005967,100221,1790774114.327829,1790774114.463174
10005968,100221,1790774114.355231,1790774114.463187
10005969,100221,1790774114.370660,1790774114.463200
10005970,100221,1790774114.388558,1790774114.463213
10005971,100221,1790774114.397135,1790774114.463227
10005972,100221,1790774114.424370,1790774114.463239
10005973,100221,1790774114.436597,1790774114.463252
10005974,100221,1790774114.458008,1790774114.677862
10005975,100221,1790774114.478183,1790774114.677915
10005976,100221,1790774114.498837,1790774114.677929
10005977,100221,1790774114.520275,1790774114.677940
10005978,100221,1790774114.544015,1790774114.677951
10005979,100221,1790774114.557626,1790774114.677962
10005980,100221,1790774114.575783,1790774114.677983
10005981,100221,1790774114.596681,1790774114.677994
10005982,100221,1790774114.617891,1790774114.678007
10005983,100221,1790774114.638284,1790774114.678018
10005984,100221,1790774114.658010,1790774114.678028
10005985,100221,1790774114.679786,1790774114.887487
10005986,100221,1790774114.696828,1790774114.887526
10005987,100221,1790774114.717202,1790774114.887542
10005988,100221,1790774114.738849,1790774114.887550
10005989,100221,1790774114.757640,1790774114.887557
10005990,100221,1790774114.780213,1790774114.887565
10005991,100221,1790774114.796659,1790774114.887573
10005992,100221,1790774114.816625,1790774114.887580
10005993,100221,1790774114.836999,1790774114.887586
10005994,100221,1790774114.856107,1790774114.887592
10005995,100221,1790774114.876800,1790774114.887606
10005996,100221,1790774114.896887,1790774115.097981
10005997,100221,1790774114.916755,1790774115.098022
10005998,100221,1790774114.936166,1790774115.098035
10005999,100221,1790774114.956618,1790774115.098047
10006000,100221,1790774114.976291,1790774115.098059
10006001,100221,1790774114.996147,1790774115.098069
10006002,100221,1790774115.029137,1790774115.098079
10006003,100221,1790774115.050366,1790774115.098242
10006004,100221,1790774115.056977,1790774115.098260
10006005,100221,1790774115.082152,1790774115.098274
10006006,100221,1790774115.098275,1790774115.309605
10006007,100221,1790774115.120147,1790774115.309654
10006008,100221,1790774115.136808,1790774115.309671
10006009,100221,1790774115.156559,1790774115.309683
10006010,100221,1790774115.176672,1790774115.309696
10006011,100221,1790774115.197027,1790774115.309707
10006012,100221,1790774115.216036,1790774115.309718
10006013,100221,1790774115.236402,1790774115.309730
10006014,100221,1790774115.256095,1790774115.309743
10006015,100221,1790774115.276620,1790774115.309757
10006016,100221,1790774115.296613,1790774115.309782
10006017,100221,1790774115.324292,1790774115.519315
10006018,100221,1790774115.336424,1790774115.519348
10006019,100221,1790774115.357035,1790774115.519357
10006020,100221,1790774115.376209,1790774115.519364
10006021,100221,1790774115.401900,1790774115.519371
10006022,100221,1790774115.424133,1790774115.519377
10006023,100221,1790774115.442093,1790774115.519384
10006024,100221,1790774115.458320,1790774115.519393
10006025,100221,1790774115.477439,1790774115.519400
10006026,100221,1790774115.496261,1790774115.519406
10006027,100221,1790774115.515673,1790774115.738479
10006028,100221,1790774115.536887,1790774115.738526
10006029,100221,1790774115.556895,1790774115.738539
10006030,100221,1790774115.576142,1790774115.738548
10006031,100221,1790774115.596355,1790774115.738556
10006032,100221,1790774115.619160,1790774115.738564
10006033,100221,1790774115.636102,1790774115.738572
10006034,100221,1790774115.662174,1790774115.738580
10006035,100221,1790774115.677063,1790774115.738587
10006036,100221,1790774115.700130,1790774115.738594
10006037,100221,1790774115.717909,1790774115.738600
10006038,100221,1790774115.741487,1790774115.947507
10006039,100221,1790774115.756145,1790774115.947541
10006040,100221,1790774115.776172,1790774115.947551
10006041,100221,1790774115.797047,1790774115.947558
10006042,100221,1790774115.817823,1790774115.947565
10006043,100221,1790774115.841969,1790774115.947572
10006044,100221,1790774115.856456,1790774115.947579
10006045,100221,1790774115.882783,1790774115.947585
10006046,100221,1790774115.898477,1790774115.947591
10006047,100221,1790774115.917100,1790774115.947597
10006048,100221,1790774115.936034,1790774115.947603
10006049,100221,1790774115.955997,1790774116.157859
10006050,100221,1790774115.976727,1790774116.157898
10006051,100221,1790774115.996871,1790774116.157912
10006052,100221,1790774116.017268,1790774116.157928
10006053,100221,1790774116.036967,1790774116.157939
10006054,100221,1790774116.058611,1790774116.157949
10006055,100221,1790774116.076464,1790774116.157959
10006056,100221,1790774116.097270,1790774116.157972
10006057,100221,1790774116.118464,1790774116.157984
10006058,100221,1790774116.140166,1790774116.157994
10006059,100221,1790774116.156826,1790774116.370865
10006060,100221,1790774116.177817,1790774116.370900
10006061,100221,1790774116.197798,1790774116.370910
10006062,100221,1790774116.216514,1790774116.370917
10006063,100221,1790774116.236685,1790774116.370924
10006064,100221,1790774116.259303,1790774116.370932
10006065,100221,1790774116.277828,1790774116.370939
10006066,100221,1790774116.297300,1790774116.370947
10006067,100221,1790774116.316581,1790774116.370953
10006068,100221,1790774116.337108,1790774116.370960
10006069,100221,1790774116.357130,1790774116.370966
10006070,100221,1790774116.379783,1790774116.578103
10006071,100221,1790774116.396689,1790774116.578139
10006072,100221,1790774116.416320,1790774116.578151
10006073,100221,1790774116.437125,1790774116.578160
10006074,100221,1790774116.458211,1790774116.578168
10006075,100221,1790774116.476200,1790774116.578177
10006076,100221,1790774116.498308,1790774116.578185
10006077,100221,1790774116.523502,1790774116.578192
10006078,100221,1790774116.539984,1790774116.578199
10006079,100221,1790774116.557302,1790774116.578211
10006080,100221,1790774116.576224,1790774116.789984
10006081,100221,1790774116.596129,1790774116.790020
10006082,100221,1790774116.615995,1790774116.790030
10006083,100221,1790774116.635380,1790774116.790038
10006084,100221,1790774116.655376,1790774116.790045
10006085,100221,1790774116.681024,1790774116.790053
10006086,100221,1790774116.698293,1790774116.790060
10006087,100221,1790774116.714049,1790774116.790068
10006088,100221,1790774116.734220,1790774116.790075
10006089,100221,1790774116.751179,1790774116.790093
10006090,100221,1790774116.770359,1790774116.790100
10006091,100221,1790774116.789478,1790774117.009001
10006092,100221,1790774116.816612,1790774117.009052
10006093,100221,1790774116.826667,1790774117.009065
10006094,100221,1790774116.846363,1790774117.009077
10006095,100221,1790774116.870570,1790774117.009090
10006096,100221,1790774116.886568,1790774117.009101
10006097,100221,1790774116.902465,1790774117.009112
10006098,100221,1790774116.920678,1790774117.009124
10006099,100221,1790774116.950154,1790774117.009135
10006100,100221,1790774116.972127,1790774117.009145
10006101,100221,1790774116.993245,1790774117.220450
10006102,100221,1790774116.998105,1790774117.220485
10006103,100221,1790774117.016067,1790774117.220495
10006104,100221,1790774117.029906,1790774117.220504
10006105,100221,1790774117.047912,1790774117.220515
10006106,100221,1790774117.066402,1790774117.220524
10006107,100221,1790774117.084698,1790774117.220534
10006108,100221,1790774117.102049,1790774117.220541
10006109,100221,1790774117.119697,1790774117.220549
10006110,100221,1790774117.137980,1790774117.220555
10006111,100221,1790774117.156668,1790774117.220562
10006112,100221,1790774117.173210,1790774117.220569
10006113,100221,1790774117.190643,1790774117.220586
10006114,100221,1790774117.208432,1790774117.220593
10006115,100221,1790774117.229719,1790774117.433156
10006116,100221,1790774117.243884,1790774117.433206
10006117,100221,1790774117.264425,1790774117.433223
10006118,100221,1790774117.278794,1790774117.433245
10006119,100221,1790774117.295819,1790774117.433253
10006120,100221,1790774117.313218,1790774117.433261
10006121,100221,1790774117.329780,1790774117.433268
10006122,100221,1790774117.348850,1790774117.433274
10006123,100221,1790774117.377807,1790774117.433280
10006124,100221,1790774117.382155,1790774117.433286
10006125,100221,1790774117.398601,1790774117.433292
10006126,100221,1790774117.415982,1790774117.433298
10006127,100221,1790774117.434612,1790774117.643553
10006128,100221,1790774117.450430,1790774117.643586
10006129,100221,1790774117.468043,1790774117.643595
10006130,100221,1790774117.486256,1790774117.643603
10006131,100221,1790774117.499743,1790774117.643611
10006132,100221,1790774117.516412,1790774117.643619
10006133,100221,1790774117.533626,1790774117.643633
10006134,100221,1790774117.549676,1790774117.643640
10006135,100221,1790774117.566177,1790774117.643646
10006136,100221,1790774117.582876,1790774117.643652
10006137,100221,1790774117.599501,1790774117.643659
10006138,100221,1790774117.615568,1790774117.643667
10006139,100221,1790774117.632707,1790774117.643675
10006140,100221,1790774117.650111,1790774117.852996
10006141,100221,1790774117.666460,1790774117.853035
10006142,100221,1790774117.682904,1790774117.853048
10006143,100221,1790774117.699298,1790774117.853057
10006144,100221,1790774117.715607,1790774117.853065
10006145,100221,1790774117.733488,1790774117.853072
10006146,100221,1790774117.750098,1790774117.853079
10006147,100221,1790774117.766025,1790774117.853086
10006148,100221,1790774117.783198,1790774117.853093
10006149,100221,1790774117.799890,1790774117.853101
10006150,100221,1790774117.816299,1790774117.853108
10006151,100221,1790774117.833516,1790774117.853115
10006152,100221,1790774117.849977,1790774118.068427
10006153,100221,1790774117.866264,1790774118.068478
10006154,100221,1790774117.883291,1790774118.068494
10006155,100221,1790774117.899902,1790774118.068505
10006156,100221,1790774117.916351,1790774118.068519
10006157,100221,1790774117.935170,1790774118.068583
10006158,100221,1790774117.951067,1790774118.068719
10006159,100221,1790774117.967371,1790774118.068743
10006160,100221,1790774117.983533,1790774118.068756
10006161,100221,1790774117.999856,1790774118.068767
10006162,100221,1790774118.020153,1790774118.068779
10006163,100221,1790774118.034612,1790774118.068790
10006164,100221,1790774118.051081,1790774118.068801
10006165,100221,1790774118.068189,1790774118.278848
10006166,100221,1790774118.083339,1790774118.278880
10006167,100221,1790774118.102089,1790774118.278889
10006168,100221,1790774118.117306,1790774118.278895
10006169,100221,1790774118.133572,1790774118.278901
10006170,100221,1790774118.150187,1790774118.278908
10006171,100221,1790774118.167295,1790774118.278914
10006172,100221,1790774118.184083,1790774118.278920
10006173,100221,1790774118.202950,1790774118.278926
10006174,100221,1790774118.219932,1790774118.278933
10006175,100221,1790774118.234903,1790774118.278939
10006176,100221,1790774118.250651,1790774118.278946
10006177,100221,1790774118.267779,1790774118.278953
10006178,100221,1790774118.283342,1790774118.486267
10006179,100221,1790774118.299684,1790774118.486311
10006180,100221,1790774118.316703,1790774118.486325
10006181,100221,1790774118.333595,1790774118.486335
10006182,100221,1790774118.353825,1790774118.486344
10006183,100221,1790774118.366120,1790774118.486355
10006184,100221,1790774118.383490,1790774118.486365
10006185,100221,1790774118.399984,1790774118.486374
10006186,100221,1790774118.416975,1790774118.486385
10006187,100221,1790774118.433607,1790774118.486396
10006188,100221,1790774118.450588,1790774118.486408
10006189,100221,1790774118.473345,1790774118.486417
10006190,100221,1790774118.495312,1790774118.703004
10006191,100221,1790774118.500542,1790774118.703036
10006192,100221,1790774118.516625,1790774118.703045
10006193,100221,1790774118.534163,1790774118.703053
10006194,100221,1790774118.555696,1790774118.703060
10006195,100221,1790774118.567457,1790774118.703066
10006196,100221,1790774118.583165,1790774118.703073
10006197,100221,1790774118.600132,1790774118.703079
10006198,100221,1790774118.616681,1790774118.703086
10006199,100221,1790774118.634662,1790774118.703093
10006200,100221,1790774118.649635,1790774118.703098
10006201,100221,1790774118.666039,1790774118.703105
10006202,100221,1790774118.682875,1790774118.703111
10006203,100221,1790774118.700574,1790774118.925125
10006204,100221,1790774118.721530,1790774118.925159
10006205,100221,1790774118.735259,1790774118.925169
10006206,100221,1790774118.750078,1790774118.925177
10006207,100221,1790774118.766600,1790774118.925185
10006208,100221,1790774118.783142,1790774118.925192
10006209,100221,1790774118.802288,1790774118.925199
10006210,100221,1790774118.816368,1790774118.925206
10006211,100221,1790774118.834345,1790774118.925212
10006212,100221,1790774118.851603,1790774118.925219
10006213,100221,1790774118.870265,1790774118.925226
10006214,100221,1790774118.896134,1790774118.925232
10006215,100221,1790774118.904371,1790774118.925239
10006216,100221,1790774118.920326,1790774119.134403
10006217,100221,1790774118.934366,1790774119.134436
10006218,100221,1790774118.950294,1790774119.134445
10006219,100221,1790774118.967137,1790774119.134453
10006220,100221,1790774118.982895,1790774119.134460
10006221,100221,1790774118.999862,1790774119.134467
10006222,100221,1790774119.017295,1790774119.134473
10006223,100221,1790774119.033216,1790774119.134480
10006224,100221,1790774119.050237,1790774119.134487
10006225,100221,1790774119.081559,1790774119.134494
10006226,100221,1790774119.086187,1790774119.134500
10006227,100221,1790774119.105564,1790774119.134507
10006228,100221,1790774119.115968,1790774119.134514
10006229,100221,1790774119.132620,1790774119.347122
10006230,100221,1790774119.150011,1790774119.347179
10006231,100221,1790774119.166804,1790774119.347196
10006232,100221,1790774119.183869,1790774119.347309
10006233,100221,1790774119.199932,1790774119.347355
10006234,100221,1790774119.217701,1790774119.347366
10006235,100221,1790774119.233278,1790774119.347384
10006236,100221,1790774119.251926,1790774119.347399
10006237,100221,1790774119.266668,1790774119.347412
10006238,100221,1790774119.283977,1790774119.347420
10006239,100221,1790774119.299894,1790774119.347427
10006240,100221,1790774119.316772,1790774119.347434
10006241,100221,1790774119.335337,1790774119.347441
10006242,100221,1790774119.351380,1790774119.558788
10006243,100221,1790774119.365920,1790774119.558834
10006244,100221,1790774119.382805,1790774119.558849
10006245,100221,1790774119.400286,1790774119.558861
10006246,100221,1790774119.416961,1790774119.558873
10006247,100221,1790774119.436675,1790774119.558884
10006248,100221,1790774119.455426,1790774119.558896
10006249,100221,1790774119.466862,1790774119.558911
10006250,100221,1790774119.484328,1790774119.558925
10006251,100221,1790774119.504937,1790774119.558936
10006252,100221,1790774119.518267,1790774119.558948
10006253,100221,1790774119.542887,1790774119.558960
10006254,100221,1790774119.550587,1790774119.769056
10006255,100221,1790774119.568253,1790774119.769087
10006256,100221,1790774119.584335,1790774119.769098
10006257,100221,1790774119.600282,1790774119.769106
10006258,100221,1790774119.616343,1790774119.769113
10006259,100221,1790774119.632974,1790774119.769120
10006260,100221,1790774119.649789,1790774119.769126
10006261,100221,1790774119.665876,1790774119.769133
10006262,100221,1790774119.683363,1790774119.769138
10006263,100221,1790774119.700018,1790774119.769144
10006264,100221,1790774119.715779,1790774119.769152
10006265,100221,1790774119.733177,1790774119.769158
10006266,100221,1790774119.749888,1790774119.769165
10006267,100221,1790774119.767074,1790774119.978717
10006268,100221,1790774119.783489,1790774119.978762
10006269,100221,1790774119.799682,1790774119.978772
10006270,100221,1790774119.816135,1790774119.978780
10006271,100221,1790774119.833127,1790774119.978786
10006272,100221,1790774119.849947,1790774119.978794
10006273,100221,1790774119.866296,1790774119.978801
10006274,100221,1790774119.882647,1790774119.978808
10006275,100221,1790774119.899885,1790774119.978814
10006276,100221,1790774119.916476,1790774119.978820
10006277,100221,1790774119.933048,1790774119.978826
10006278,100221,1790774119.950039,1790774119.978832
10006279,100221,1790774119.966271,1790774119.978838
10006280,100221,1790774119.982423,1790774120.188589
10006281,100221,1790774119.999963,1790774120.188621
10006282,100221,1790774120.016806,1790774120.188629
10006283,100221,1790774120.033968,1790774120.188635
10006284,100221,1790774120.051236,1790774120.188641
10006285,100221,1790774120.068796,1790774120.188646
10006286,100221,1790774120.083956,1790774120.188652
10006287,100221,1790774120.100475,1790774120.188659
10006288,100221,1790774120.116260,1790774120.188665
10006289,100221,1790774120.133312,1790774120.188671
10006290,100221,1790774120.150354,1790774120.188677
10006291,100221,1790774120.166818,1790774120.188682
10006292,100221,1790774120.183042,1790774120.402050
10006293,100221,1790774120.199656,1790774120.402093
10006294,100221,1790774120.216254,1790774120.402107
10006295,100221,1790774120.232999,1790774120.402135
10006296,100221,1790774120.250355,1790774120.402148
10006297,100221,1790774120.266830,1790774120.402159
10006298,100221,1790774120.282866,1790774120.402171
10006299,100221,1790774120.299217,1790774120.402182
10006300,100221,1790774120.316422,1790774120.402194
10006301,100221,1790774120.332798,1790774120.402206
10006302,100221,1790774120.350165,1790774120.402217
10006303,100221,1790774120.365872,1790774120.402228
10006304,100221,1790774120.384268,1790774120.402238
10006305,100221,1790774120.405816,1790774120.617297
10006306,100221,1790774120.417272,1790774120.617458
10006307,100221,1790774120.432841,1790774120.617467
10006308,100221,1790774120.449604,1790774120.617474
10006309,100221,1790774120.466085,1790774120.617481
10006310,100221,1790774120.482743,1790774120.617496
10006311,100221,1790774120.499871,1790774120.617502
10006312,100221,1790774120.515920,1790774120.617508
10006313,100221,1790774120.532540,1790774120.617514
10006314,100221,1790774120.549923,1790774120.617519
10006315,100221,1790774120.566405,1790774120.617525
10006316,100221,1790774120.583253,1790774120.617531
10006317,100221,1790774120.600062,1790774120.617538
10006318,100221,1790774120.618028,1790774120.825766
10006319,100221,1790774120.633257,1790774120.825797
10006320,100221,1790774120.649881,1790774120.825804
10006321,100221,1790774120.666314,1790774120.825811
10006322,100221,1790774120.683465,1790774120.825817
10006323,100221,1790774120.699768,1790774120.825824
10006324,100221,1790774120.716011,1790774120.825832
10006325,100221,1790774120.733038,1790774120.825838
10006326,100221,1790774120.749982,1790774120.825844
10006327,100221,1790774120.765774,1790774120.825910
10006328,100221,1790774120.782852,1790774120.825917
10006329,100221,1790774120.799458,1790774120.825924
10006330,100221,1790774120.815575,1790774120.825930
10006331,100221,1790774120.832487,1790774121.034948
10006332,100221,1790774120.850021,1790774121.034978
10006333,100221,1790774120.866345,1790774121.034989
10006334,100221,1790774120.882462,1790774121.034996
10006335,100221,1790774120.899815,1790774121.035002
10006336,100221,1790774120.916944,1790774121.035009
10006337,100221,1790774120.932577,1790774121.035015
10006338,100221,1790774120.950124,1790774121.035022
10006339,100221,1790774120.966283,1790774121.035029
10006340,100221,1790774120.986671,1790774121.035036
10006341,100221,1790774121.000104,1790774121.035043
10006342,100221,1790774121.017148,1790774121.035049
10006343,100221,1790774121.033489,1790774121.252937
10006344,100221,1790774121.049644,1790774121.252981
10006345,100221,1790774121.065833,1790774121.252998
10006346,100221,1790774121.083183,1790774121.253011
10006347,100221,1790774121.100066,1790774121.253023
10006348,100221,1790774121.116141,1790774121.253034
10006349,100221,1790774121.132630,1790774121.253045
10006350,100221,1790774121.150014,1790774121.253056
10006351,100221,1790774121.180542,1790774121.253066
10006352,100221,1790774121.205845,1790774121.253077
10006353,100221,1790774121.207364,1790774121.253087
10006354,100221,1790774121.218535,1790774121.253098
10006355,100221,1790774121.232815,1790774121.253108
10006356,100221,1790774121.258902,1790774121.466300
10006357,100221,1790774121.279552,1790774121.466351
10006358,100221,1790774121.285063,1790774121.466368
10006359,100221,1790774121.310205,1790774121.466381
10006360,100221,1790774121.321162,1790774121.466394
10006361,100221,1790774121.340282,1790774121.466407
10006362,100221,1790774121.349529,1790774121.466420
10006363,100221,1790774121.368041,1790774121.466433
10006364,100221,1790774121.417276,1790774121.466449
10006365,100221,1790774121.418565,1790774121.466713
10006366,100221,1790774121.422236,1790774121.466726
10006367,100221,1790774121.433412,1790774121.466738
10006368,100221,1790774121.449451,1790774121.466749
10006369,100221,1790774121.468621,1790774121.685732
10006370,100221,1790774121.482935,1790774121.685780
10006371,100221,1790774121.499894,1790774121.685795
10006372,100221,1790774121.515683,1790774121.685808
10006373,100221,1790774121.533083,1790774121.685993
10006374,100221,1790774121.550017,1790774121.686010
10006375,100221,1790774121.566326,1790774121.686021
10006376,100221,1790774121.582929,1790774121.686032
10006377,100221,1790774121.599309,1790774121.686043
10006378,100221,1790774121.616306,1790774121.686054
10006379,100221,1790774121.633280,1790774121.686065
10006380,100221,1790774121.650321,1790774121.686076
10006381,100221,1790774121.666553,1790774121.686087
10006382,100221,1790774121.684564,1790774121.894889
10006383,100221,1790774121.699944,1790774121.894923
10006384,100221,1790774121.715653,1790774121.894933
10006385,100221,1790774121.733065,1790774121.894941
10006386,100221,1790774121.749233,1790774121.894948
10006387,100221,1790774121.765917,1790774121.894955
10006388,100221,1790774121.783188,1790774121.894962
10006389,100221,1790774121.799588,1790774121.894968
10006390,100221,1790774121.815735,1790774121.894975
10006391,100221,1790774121.832990,1790774121.894981
10006392,100221,1790774121.849875,1790774121.894988
10006393,100221,1790774121.866341,1790774121.894995
10006394,100221,1790774121.883326,1790774121.895001
10006395,100221,1790774121.909701,1790774122.107792
10006396,100221,1790774121.919759,1790774122.107839
10006397,100221,1790774121.933395,1790774122.107851
10006398,100221,1790774121.950137,1790774122.107863
10006399,100221,1790774121.966293,1790774122.107872
10006400,100221,1790774121.982786,1790774122.107882
10006401,100221,1790774121.999333,1790774122.107892
10006402,100221,1790774122.015874,1790774122.107902
10006403,100221,1790774122.033565,1790774122.107912
10006404,100221,1790774122.049900,1790774122.107922
10006405,100221,1790774122.070468,1790774122.107931
10006406,100221,1790774122.083869,1790774122.107942
10006407,100221,1790774122.101112,1790774122.320321
10006408,100221,1790774122.116775,1790774122.320354
10006409,100221,1790774122.133290,1790774122.320362
10006410,100221,1790774122.150263,1790774122.320373
10006411,100221,1790774122.166282,1790774122.320380
10006412,100221,1790774122.182746,1790774122.320388
10006413,100221,1790774122.199410,1790774122.320395
10006414,100221,1790774122.215803,1790774122.320402
10006415,100221,1790774122.233452,1790774122.320408
10006416,100221,1790774122.249966,1790774122.320414
10006417,100221,1790774122.266463,1790774122.320420
10006418,100221,1790774122.282444,1790774122.320426
10006419,100221,1790774122.300191,1790774122.320433
10006420,100221,1790774122.316488,1790774122.530123
10006421,100221,1790774122.333976,1790774122.530159
10006422,100221,1790774122.349607,1790774122.530169
10006423,100221,1790774122.367124,1790774122.530177
10006424,100221,1790774122.382988,1790774122.530185
10006425,100221,1790774122.399501,1790774122.530192
10006426,100221,1790774122.415498,1790774122.530198
10006427,100221,1790774122.433259,1790774122.530206
10006428,100221,1790774122.449754,1790774122.530213
10006429,100221,1790774122.466488,1790774122.530219
10006430,100221,1790774122.483135,1790774122.530227
10006431,100221,1790774122.500297,1790774122.530236
10006432,100221,1790774122.515932,1790774122.530243
10006433,100221,1790774122.533100,1790774122.739904
10006434,100221,1790774122.549929,1790774122.739934
10006435,100221,1790774122.566777,1790774122.739944
10006436,100221,1790774122.584113,1790774122.739950
10006437,100221,1790774122.599907,1790774122.739957
10006438,100221,1790774122.615846,1790774122.739965
10006439,100221,1790774122.635843,1790774122.739972
10006440,100221,1790774122.650312,1790774122.739978
10006441,100221,1790774122.665839,1790774122.739984
10006442,100221,1790774122.683228,1790774122.739990
10006443,100221,1790774122.699714,1790774122.739996
10006444,100221,1790774122.716250,1790774122.740003
10006445,100221,1790774122.733248,1790774122.950777
10006446,100221,1790774122.748929,1790774122.950828
10006447,100221,1790774122.766207,1790774122.950888
10006448,100221,1790774122.782601,1790774122.950908
10006449,100221,1790774122.800041,1790774122.951075
10006450,100221,1790774122.816212,1790774122.951090
10006451,100221,1790774122.832951,1790774122.951100
10006452,100221,1790774122.850025,1790774122.951111
10006453,100221,1790774122.866520,1790774122.951121
10006454,100221,1790774122.883593,1790774122.951133
10006455,100221,1790774122.900074,1790774122.951169
10006456,100221,1790774122.916401,1790774122.951185
10006457,100221,1790774122.933069,1790774122.951193
10006458,100221,1790774122.951307,1790774123.160078
10006459,100221,1790774122.965967,1790774123.160112
10006460,100221,1790774122.983435,1790774123.160123
10006461,100221,1790774122.999980,1790774123.160140
10006462,100221,1790774123.015938,1790774123.160146
10006463,100221,1790774123.033594,1790774123.160153
10006464,100221,1790774123.049812,1790774123.160159
10006465,100221,1790774123.066074,1790774123.160165
10006466,100221,1790774123.083688,1790774123.160171
10006467,100221,1790774123.099978,1790774123.160177
10006468,100221,1790774123.116204,1790774123.160183
10006469,100221,1790774123.133458,1790774123.160190
10006470,100221,1790774123.149669,1790774123.160196
10006471,100221,1790774123.166087,1790774123.371354
10006472,100221,1790774123.182822,1790774123.371388
10006473,100221,1790774123.199630,1790774123.371398
10006474,100221,1790774123.215777,1790774123.371405
10006475,100221,1790774123.233773,1790774123.371412
10006476,100221,1790774123.249923,1790774123.371419
10006477,100221,1790774123.265545,1790774123.371426
10006478,100221,1790774123.282954,1790774123.371433
10006479,100221,1790774123.299436,1790774123.371439
10006480,100221,1790774123.316233,1790774123.371446
10006481,100221,1790774123.333614,1790774123.371452
10006482,100221,1790774123.349000,1790774123.371459
10006483,100221,1790774123.367561,1790774123.578859
10006484,100221,1790774123.384038,1790774123.578894
10006485,100221,1790774123.399990,1790774123.578903
10006486,100221,1790774123.416642,1790774123.578910
10006487,100221,1790774123.433845,1790774123.578916
10006488,100221,1790774123.449985,1790774123.578922
10006489,100221,1790774123.471933,1790774123.578928
10006490,100221,1790774123.499518,1790774123.578934
10006491,100221,1790774123.500158,1790774123.578941
10006492,100221,1790774123.515838,1790774123.578947
10006493,100221,1790774123.533056,1790774123.578953
10006494,100221,1790774123.549684,1790774123.578959
10006495,100221,1790774123.566070,1790774123.578966
10006496,100221,1790774123.582779,1790774123.787270
10006497,100221,1790774123.599998,1790774123.787302
10006498,100221,1790774123.616023,1790774123.787311
10006499,100221,1790774123.633645,1790774123.787328
10006500,100221,1790774123.649684,1790774123.787335
10006501,100221,1790774123.666751,1790774123.787341
10006502,100221,1790774123.683576,1790774123.787348
10006503,100221,1790774123.700176,1790774123.787355
10006504,100221,1790774123.716097,1790774123.787361
10006505,100221,1790774123.733604,1790774123.787368
10006506,100221,1790774123.750044,1790774123.787374
10006507,100221,1790774123.765921,1790774123.787381
10006508,100221,1790774123.783393,1790774123.995653
10006509,100221,1790774123.799743,1790774123.995686
10006510,100221,1790774123.815588,1790774123.995694
10006511,100221,1790774123.832825,1790774123.995701
10006512,100221,1790774123.849782,1790774123.995709
10006513,100221,1790774123.865936,1790774123.995722
10006514,100221,1790774123.882885,1790774123.995736
10006515,100221,1790774123.899545,1790774123.995743
10006516,100221,1790774123.916078,1790774123.995750
10006517,100221,1790774123.933270,1790774123.995757
10006518,100221,1790774123.950071,1790774123.995762
10006519,100221,1790774123.966049,1790774123.995768
10006520,100221,1790774123.983172,1790774123.995774
10006521,100221,1790774123.999861,1790774124.205762
10006522,100221,1790774124.016369,1790774124.205795
10006523,100221,1790774124.032827,1790774124.205804
10006524,100221,1790774124.049294,1790774124.205812
10006525,100221,1790774124.065819,1790774124.205821
10006526,100221,1790774124.083006,1790774124.205828
10006527,100221,1790774124.099385,1790774124.205834
10006528,100221,1790774124.115666,1790774124.205841
10006529,100221,1790774124.133259,1790774124.205848
10006530,100221,1790774124.149520,1790774124.205855
10006531,100221,1790774124.165633,1790774124.205861
10006532,100221,1790774124.182496,1790774124.205867
10006533,100221,1790774124.200038,1790774124.418919
10006534,100221,1790774124.215947,1790774124.418951
10006535,100221,1790774124.232964,1790774124.418960
10006536,100221,1790774124.249525,1790774124.418967
10006537,100221,1790774124.265674,1790774124.418973
10006538,100221,1790774124.282401,1790774124.418980
10006539,100221,1790774124.299448,1790774124.418987
10006540,100221,1790774124.316247,1790774124.418993
10006541,100221,1790774124.333634,1790774124.418999
10006542,100221,1790774124.350093,1790774124.419007
10006543,100221,1790774124.366250,1790774124.419012
10006544,100221,1790774124.382631,1790774124.419019
10006545,100221,1790774124.399700,1790774124.419026
10006546,100221,1790774124.416972,1790774124.632270
10006547,100221,1790774124.432581,1790774124.632717
10006548,100221,1790774124.450061,1790774124.632729
10006549,100221,1790774124.465979,1790774124.633153
10006550,100221,1790774124.483371,1790774124.633164
10006551,100221,1790774124.499920,1790774124.633172
10006552,100221,1790774124.515762,1790774124.633180
10006553,100221,1790774124.532602,1790774124.633189
10006554,100221,1790774124.550178,1790774124.633416
10006555,100221,1790774124.565188,1790774124.633429
10006556,100221,1790774124.583286,1790774124.633435
10006557,100221,1790774124.599130,1790774124.633442
10006558,100221,1790774124.615308,1790774124.633449
10006559,100221,1790774124.635657,1790774124.843704
10006560,100221,1790774124.652305,1790774124.843738
10006561,100221,1790774124.668347,1790774124.843747
10006562,100221,1790774124.690298,1790774124.843755
10006563,100221,1790774124.701747,1790774124.843761
10006564,100221,1790774124.717732,1790774124.843768
10006565,100221,1790774124.733482,1790774124.843774
10006566,100221,1790774124.749945,1790774124.843779
10006567,100221,1790774124.766091,1790774124.843786
10006568,100221,1790774124.784168,1790774124.843794
10006569,100221,1790774124.799861,1790774124.843801
10006570,100221,1790774124.816577,1790774124.843808
10006571,100221,1790774124.833009,1790774124.843814
10006572,100221,1790774124.849267,1790774125.074691
10006573,100221,1790774124.871703,1790774125.074739
10006574,100221,1790774124.883298,1790774125.074754
10006575,100221,1790774124.899674,1790774125.074913
10006576,100221,1790774124.916279,1790774125.074927
10006577,100221,1790774124.933791,1790774125.074938
10006578,100221,1790774124.949894,1790774125.074948
10006579,100221,1790774124.966116,1790774125.074959
10006580,100221,1790774124.982960,1790774125.074970
10006581,100221,1790774124.999041,1790774125.074980
10006582,100221,1790774125.041280,1790774125.075269
10006583,100221,1790774125.057818,1790774125.296347
10006584,100221,1790774125.065504,1790774125.296401
10006585,100221,1790774125.073024,1790774125.296438
10006586,100221,1790774125.089961,1790774125.296451
10006587,100221,1790774125.101768,1790774125.296466
10006588,100221,1790774125.119847,1790774125.296478
10006589,100221,1790774125.135098,1790774125.296510
10006590,100221,1790774125.151126,1790774125.296524
10006591,100221,1790774125.168028,1790774125.296547
10006592,100221,1790774125.184749,1790774125.296558
10006593,100221,1790774125.201560,1790774125.296568
10006594,100221,1790774125.217216,1790774125.296576
10006595,100221,1790774125.235197,1790774125.296586
10006596,100221,1790774125.253252,1790774125.296595
10006597,100221,1790774125.269230,1790774125.296614
10006598,100221,1790774125.289885,1790774125.506843
10006599,100221,1790774125.301100,1790774125.506875
10006600,100221,1790774125.319838,1790774125.506883
10006601,100221,1790774125.338245,1790774125.506890
10006602,100221,1790774125.356395,1790774125.506897
10006603,100221,1790774125.368943,1790774125.506904
10006604,100221,1790774125.386486,1790774125.506909
10006605,100221,1790774125.400747,1790774125.506915
10006606,100221,1790774125.423930,1790774125.506922
10006607,100221,1790774125.433721,1790774125.506929
10006608,100221,1790774125.450016,1790774125.506935
10006609,100221,1790774125.466419,1790774125.506942
10006610,100221,1790774125.483008,1790774125.506948
10006611,100221,1790774125.499576,1790774125.717042
10006612,100221,1790774125.515882,1790774125.717091
10006613,100221,1790774125.532970,1790774125.717110
10006614,100221,1790774125.549841,1790774125.717125
10006615,100221,1790774125.565978,1790774125.717138
10006616,100221,1790774125.583170,1790774125.717150
10006617,100221,1790774125.600123,1790774125.717163
10006618,100221,1790774125.616759,1790774125.717176
10006619,100221,1790774125.632824,1790774125.717189
10006620,100221,1790774125.649929,1790774125.717202
10006621,100221,1790774125.665527,1790774125.717213
10006622,100221,1790774125.682730,1790774125.717224
10006623,100221,1790774125.699391,1790774125.717237
10006624,100221,1790774125.716315,1790774125.928314
10006625,100221,1790774125.733690,1790774125.928350
10006626,100221,1790774125.750029,1790774125.928360
10006627,100221,1790774125.766322,1790774125.928367
10006628,100221,1790774125.783431,1790774125.928373
10006629,100221,1790774125.799745,1790774125.928380
10006630,100221,1790774125.815581,1790774125.928387
10006631,100221,1790774125.832645,1790774125.928393
10006632,100221,1790774125.849200,1790774125.928577
10006633,100221,1790774125.866496,1790774125.928588
10006634,100221,1790774125.882375,1790774125.928595
10006635,100221,1790774125.900108,1790774125.928601
10006636,100221,1790774125.917173,1790774125.928608
10006637,100221,1790774125.935229,1790774126.140994
10006638,100221,1790774125.949975,1790774126.141054
10006639,100221,1790774125.968611,1790774126.141071
10006640,100221,1790774125.982938,1790774126.141085
10006641,100221,1790774126.001635,1790774126.141097
10006642,100221,1790774126.021614,1790774126.141109
10006643,100221,1790774126.032819,1790774126.141120
10006644,100221,1790774126.058256,1790774126.141132
10006645,100221,1790774126.070313,1790774126.141144
10006646,100221,1790774126.083691,1790774126.141156
10006647,100221,1790774126.100143,1790774126.141167
10006648,100221,1790774126.128046,1790774126.141178
10006649,100221,1790774126.133861,1790774126.351421
10006650,100221,1790774126.150250,1790774126.351548
10006651,100221,1790774126.166360,1790774126.351566
10006652,100221,1790774126.182725,1790774126.351575
10006653,100221,1790774126.199468,1790774126.351583
10006654,100221,1790774126.215825,1790774126.351591
10006655,100221,1790774126.234287,1790774126.351598
10006656,100221,1790774126.250150,1790774126.351606
10006657,100221,1790774126.265915,1790774126.351613
10006658,100221,1790774126.283587,1790774126.351620
10006659,100221,1790774126.299413,1790774126.351628
10006660,100221,1790774126.315974,1790774126.351635
10006661,100221,1790774126.333659,1790774126.351642
10006662,100221,1790774126.350246,1790774126.566318
10006663,100221,1790774126.365952,1790774126.566372
10006664,100221,1790774126.383612,1790774126.566386
10006665,100221,1790774126.400722,1790774126.566401
10006666,100221,1790774126.416199,1790774126.566411
10006667,100221,1790774126.432860,1790774126.566423
10006668,100221,1790774126.449549,1790774126.566433
10006669,100221,1790774126.465939,1790774126.566443
10006670,100221,1790774126.482958,1790774126.566453
10006671,100221,1790774126.500096,1790774126.566462
10006672,100221,1790774126.517601,1790774126.566470
10006673,100221,1790774126.533759,1790774126.566479
10006674,100221,1790774126.550142,1790774126.566489
10006675,100221,1790774126.568086,1790774126.776019
10006676,100221,1790774126.583719,1790774126.776051
10006677,100221,1790774126.599969,1790774126.776061
10006678,100221,1790774126.616422,1790774126.776070
10006679,100221,1790774126.632447,1790774126.776077
10006680,100221,1790774126.650359,1790774126.776083
10006681,100221,1790774126.665872,1790774126.776090
10006682,100221,1790774126.683432,1790774126.776097
10006683,100221,1790774126.700136,1790774126.776104
10006684,100221,1790774126.717548,1790774126.776110
10006685,100221,1790774126.733386,1790774126.776126
10006686,100221,1790774126.749400,1790774126.776132
10006687,100221,1790774126.765676,1790774126.776140
10006688,100221,1790774126.782560,1790774126.985667
10006689,100221,1790774126.799852,1790774126.985698
10006690,100221,1790774126.816237,1790774126.985707
10006691,100221,1790774126.832953,1790774126.985713
10006692,100221,1790774126.849872,1790774126.985720
10006693,100221,1790774126.866458,1790774126.985726
10006694,100221,1790774126.883753,1790774126.985733
10006695,100221,1790774126.899177,1790774126.985739
10006696,100221,1790774126.916447,1790774126.985745
10006697,100221,1790774126.933043,1790774126.985751
10006698,100221,1790774126.950218,1790774126.985774
10006699,100221,1790774126.965833,1790774126.985783
10006700,100221,1790774126.983590,1790774127.194970
10006701,100221,1790774127.001226,1790774127.195018
10006702,100221,1790774127.020139,1790774127.195032
10006703,100221,1790774127.032957,1790774127.195044
10006704,100221,1790774127.051173,1790774127.195054
10006705,100221,1790774127.070640,1790774127.195067
10006706,100221,1790774127.082894,1790774127.195078
10006707,100221,1790774127.100102,1790774127.195089
10006708,100221,1790774127.118205,1790774127.195100
10006709,100221,1790774127.133944,1790774127.195111
10006710,100221,1790774127.151390,1790774127.195122
10006711,100221,1790774127.171969,1790774127.195134
10006712,100221,1790774127.182986,1790774127.195144
10006713,100221,1790774127.201284,1790774127.406096
10006714,100221,1790774127.218056,1790774127.406138
10006715,100221,1790774127.234142,1790774127.406150
10006716,100221,1790774127.252133,1790774127.406161
10006717,100221,1790774127.266555,1790774127.406172
10006718,100221,1790774127.283646,1790774127.406184
10006719,100221,1790774127.301156,1790774127.406195
10006720,100221,1790774127.319287,1790774127.406207
10006721,100221,1790774127.334161,1790774127.406218
10006722,100221,1790774127.349834,1790774127.406228
10006723,100221,1790774127.368171,1790774127.406239
10006724,100221,1790774127.383338,1790774127.406249
10006725,100221,1790774127.403598,1790774127.621087
10006726,100221,1790774127.416923,1790774127.621133
10006727,100221,1790774127.433384,1790774127.621150
10006728,100221,1790774127.450486,1790774127.621163
10006729,100221,1790774127.467506,1790774127.621174
10006730,100221,1790774127.484206,1790774127.621186
10006731,100221,1790774127.500214,1790774127.621197
10006732,100221,1790774127.517115,1790774127.621208
10006733,100221,1790774127.534090,1790774127.621220
10006734,100221,1790774127.550234,1790774127.621231
10006735,100221,1790774127.566875,1790774127.621241
10006736,100221,1790774127.584087,1790774127.621253
10006737,100221,1790774127.601196,1790774127.621264
10006738,100221,1790774127.621856,1790774127.834369
10006739,100221,1790774127.633693,1790774127.834399
10006740,100221,1790774127.650191,1790774127.834408
10006741,100221,1790774127.666098,1790774127.834416
10006742,100221,1790774127.683763,1790774127.834423
10006743,100221,1790774127.701049,1790774127.834429
10006744,100221,1790774127.716824,1790774127.834435
10006745,100221,1790774127.747258,1790774127.834442
10006746,100221,1790774127.758970,1790774127.834450
10006747,100221,1790774127.777153,1790774127.834456
10006748,100221,1790774127.784423,1790774127.834462
10006749,100221,1790774127.805671,1790774127.834469
10006750,100221,1790774127.816058,1790774127.834477
10006751,100221,1790774127.835292,1790774128.043819
10006752,100221,1790774127.849495,1790774128.043851
10006753,100221,1790774127.865635,1790774128.043859
10006754,100221,1790774127.883416,1790774128.043867
10006755,100221,1790774127.899719,1790774128.043874
10006756,100221,1790774127.915831,1790774128.043882
10006757,100221,1790774127.932841,1790774128.043889
10006758,100221,1790774127.949673,1790774128.043895
10006759,100221,1790774127.965602,1790774128.043901
10006760,100221,1790774127.982971,1790774128.043907
10006761,100221,1790774127.999491,1790774128.043914
10006762,100221,1790774128.017189,1790774128.043920
10006763,100221,1790774128.033708,1790774128.043926
10006764,100221,1790774128.049917,1790774128.253158
10006765,100221,1790774128.066045,1790774128.253193
10006766,100221,1790774128.083511,1790774128.253203
10006767,100221,1790774128.100658,1790774128.253210
10006768,100221,1790774128.116806,1790774128.253217
10006769,100221,1790774128.133000,1790774128.253226
10006770,100221,1790774128.149948,1790774128.253232
10006771,100221,1790774128.166506,1790774128.253239
10006772,100221,1790774128.184701,1790774128.253245
10006773,100221,1790774128.199877,1790774128.253252
10006774,100221,1790774128.216506,1790774128.253258
10006775,100221,1790774128.233853,1790774128.253264
10006776,100221,1790774128.250128,1790774128.462982
10006777,100221,1790774128.265729,1790774128.463027
10006778,100221,1790774128.283316,1790774128.463041
10006779,100221,1790774128.299918,1790774128.463055
10006780,100221,1790774128.315800,1790774128.463066
10006781,100221,1790774128.333015,1790774128.463077
10006782,100221,1790774128.349309,1790774128.463088
10006783,100221,1790774128.365814,1790774128.463099
10006784,100221,1790774128.383091,1790774128.463108
10006785,100221,1790774128.399859,1790774128.463118
10006786,100221,1790774128.433235,1790774128.463127
10006787,100221,1790774128.438397,1790774128.463148
10006788,100221,1790774128.450086,1790774128.463158
10006789,100221,1790774128.472161,1790774128.678523
10006790,100221,1790774128.484073,1790774128.678554
10006791,100221,1790774128.500150,1790774128.678564
10006792,100221,1790774128.517151,1790774128.678573
10006793,100221,1790774128.533669,1790774128.678580
10006794,100221,1790774128.550362,1790774128.678587
10006795,100221,1790774128.566171,1790774128.678593
10006796,100221,1790774128.583382,1790774128.678600
10006797,100221,1790774128.600271,1790774128.678607
10006798,100221,1790774128.616292,1790774128.678614
10006799,100221,1790774128.632856,1790774128.678620
10006800,100221,1790774128.649531,1790774128.678626
10006801,100221,1790774128.665891,1790774128.678632
10006802,100221,1790774128.683431,1790774128.889116
10006803,100221,1790774128.699502,1790774128.889148
10006804,100221,1790774128.716666,1790774128.889158
10006805,100221,1790774128.733822,1790774128.889165
10006806,100221,1790774128.750130,1790774128.889172
10006807,100221,1790774128.765951,1790774128.889178
10006808,100221,1790774128.783448,1790774128.889183
10006809,100221,1790774128.799733,1790774128.889190
10006810,100221,1790774128.816630,1790774128.889196
10006811,100221,1790774128.833952,1790774128.889203
10006812,100221,1790774128.849415,1790774128.889210
10006813,100221,1790774128.865907,1790774128.889216
10006814,100221,1790774128.883879,1790774129.099882
10006815,100221,1790774128.899905,1790774129.099915
10006816,100221,1790774128.916127,1790774129.099927
10006817,100221,1790774128.933755,1790774129.099935
10006818,100221,1790774128.950244,1790774129.099943
10006819,100221,1790774128.965781,1790774129.099951
10006820,100221,1790774128.983602,1790774129.100017
10006821,100221,1790774128.999943,1790774129.100024
10006822,100221,1790774129.016238,1790774129.100031
10006823,100221,1790774129.033098,1790774129.100039
10006824,100221,1790774129.049642,1790774129.100046
10006825,100221,1790774129.065783,1790774129.100052
10006826,100221,1790774129.083260,1790774129.100058
10006827,100221,1790774129.100804,1790774129.308916
10006828,100221,1790774129.115839,1790774129.308949
10006829,100221,1790774129.133529,1790774129.308958
10006830,100221,1790774129.150192,1790774129.308965
10006831,100221,1790774129.165873,1790774129.308971
10006832,100221,1790774129.182870,1790774129.309115
10006833,100221,1790774129.199932,1790774129.309122
10006834,100221,1790774129.216278,1790774129.309129
10006835,100221,1790774129.233938,1790774129.309136
10006836,100221,1790774129.249416,1790774129.309142
10006837,100221,1790774129.265279,1790774129.309156
10006838,100221,1790774129.282454,1790774129.309162
10006839,100221,1790774129.300123,1790774129.309168
10006840,100221,1790774129.315911,1790774129.518925
10006841,100221,1790774129.333025,1790774129.518958
10006842,100221,1790774129.349162,1790774129.518968
10006843,100221,1790774129.366377,1790774129.518977
10006844,100221,1790774129.382834,1790774129.518984
10006845,100221,1790774129.399589,1790774129.518990
10006846,100221,1790774129.417150,1790774129.518997
10006847,100221,1790774129.432585,1790774129.519004
10006848,100221,1790774129.449252,1790774129.519011
10006849,100221,1790774129.466135,1790774129.519017
10006850,100221,1790774129.482574,1790774129.519023
10006851,100221,1790774129.500314,1790774129.519029
10006852,100221,1790774129.515887,1790774129.736091
10006853,100221,1790774129.532531,1790774129.736158
10006854,100221,1790774129.549045,1790774129.736169
10006855,100221,1790774129.566316,1790774129.736181
10006856,100221,1790774129.588239,1790774129.736213
10006857,100221,1790774129.611895,1790774129.736224
10006858,100221,1790774129.617251,1790774129.736235
10006859,100221,1790774129.633133,1790774129.736246
10006860,100221,1790774129.650524,1790774129.736256
10006861,100221,1790774129.666948,1790774129.736464
10006862,100221,1790774129.682519,1790774129.736477
10006863,100221,1790774129.700083,1790774129.736487
10006864,100221,1790774129.716034,1790774129.736499
10006865,100221,1790774129.738943,1790774129.946530
10006866,100221,1790774129.751729,1790774129.946577
10006867,100221,1790774129.765986,1790774129.946589
10006868,100221,1790774129.782776,1790774129.946600
10006869,100221,1790774129.800104,1790774129.946625
10006870,100221,1790774129.819820,1790774129.946638
10006871,100221,1790774129.836388,1790774129.946649
10006872,100221,1790774129.850916,1790774129.946659
10006873,100221,1790774129.867647,1790774129.946668
10006874,100221,1790774129.883527,1790774129.946678
10006875,100221,1790774129.899901,1790774129.946703
10006876,100221,1790774129.915861,1790774129.946723
10006877,100221,1790774129.933013,1790774129.946732
10006878,100221,1790774129.949960,1790774130.158788
10006879,100221,1790774129.966249,1790774130.158820
10006880,100221,1790774129.982650,1790774130.158830
10006881,100221,1790774130.000007,1790774130.158837
10006882,100221,1790774130.025362,1790774130.158845
10006883,100221,1790774130.047830,1790774130.158852
10006884,100221,1790774130.054322,1790774130.158858
10006885,100221,1790774130.073181,1790774130.158865
10006886,100221,1790774130.086852,1790774130.158874
10006887,100221,1790774130.101888,1790774130.158881
10006888,100221,1790774130.117386,1790774130.158888
10006889,100221,1790774130.141152,1790774130.158894
10006890,100221,1790774130.154147,1790774130.378883
10006891,100221,1790774130.179215,1790774130.378926
10006892,100221,1790774130.191346,1790774130.378943
10006893,100221,1790774130.202205,1790774130.378955
10006894,100221,1790774130.218525,1790774130.378967
10006895,100221,1790774130.234246,1790774130.378980
10006896,100221,1790774130.251386,1790774130.378991
10006897,100221,1790774130.267132,1790774130.379003
10006898,100221,1790774130.283426,1790774130.379015
10006899,100221,1790774130.300452,1790774130.379026
10006900,100221,1790774130.319993,1790774130.379037
10006901,100221,1790774130.334791,1790774130.379049
10006902,100221,1790774130.350621,1790774130.379061
10006903,100221,1790774130.366538,1790774130.379072
10006904,100221,1790774130.388679,1790774130.590430
10006905,100221,1790774130.403343,1790774130.590461
10006906,100221,1790774130.421628,1790774130.590472
10006907,100221,1790774130.432363,1790774130.590479
10006908,100221,1790774130.450522,1790774130.590487
10006909,100221,1790774130.467240,1790774130.590495
10006910,100221,1790774130.483634,1790774130.590502
10006911,100221,1790774130.500398,1790774130.590509
10006912,100221,1790774130.515890,1790774130.590515
10006913,100221,1790774130.533902,1790774130.590522
10006914,100221,1790774130.549114,1790774130.590529
10006915,100221,1790774130.565687,1790774130.590536
10006916,100221,1790774130.583992,1790774130.801563
10006917,100221,1790774130.600022,1790774130.801601
10006918,100221,1790774130.616645,1790774130.801609
10006919,100221,1790774130.633768,1790774130.801616
10006920,100221,1790774130.650239,1790774130.801623
10006921,100221,1790774130.667171,1790774130.801630
10006922,100221,1790774130.682592,1790774130.801636
10006923,100221,1790774130.699589,1790774130.801642
10006924,100221,1790774130.716520,1790774130.801649
10006925,100221,1790774130.733041,1790774130.801655
10006926,100221,1790774130.749818,1790774130.801662
10006927,100221,1790774130.765926,1790774130.801668
10006928,100221,1790774130.783706,1790774130.801674
10006929,100221,1790774130.800056,1790774131.011890
10006930,100221,1790774130.817030,1790774131.011948
10006931,100221,1790774130.832604,1790774131.011968
10006932,100221,1790774130.851078,1790774131.011983
10006933,100221,1790774130.866578,1790774131.011994
10006934,100221,1790774130.882861,1790774131.012002
10006935,100221,1790774130.899686,1790774131.012019
10006936,100221,1790774130.919656,1790774131.012027
10006937,100221,1790774130.940191,1790774131.012034
10006938,100221,1790774130.950477,1790774131.012040
10006939,100221,1790774130.966316,1790774131.012046
10006940,100221,1790774130.983100,1790774131.012052
10006941,100221,1790774130.999989,1790774131.012059
10006942,100221,1790774131.016683,1790774131.222490
10006943,100221,1790774131.032607,1790774131.222533
10006944,100221,1790774131.059834,1790774131.222547
10006945,100221,1790774131.066428,1790774131.222559
10006946,100221,1790774131.082684,1790774131.222571
10006947,100221,1790774131.100391,1790774131.222582
10006948,100221,1790774131.116005,1790774131.222594
10006949,100221,1790774131.135570,1790774131.222605
10006950,100221,1790774131.152775,1790774131.222617
10006951,100221,1790774131.166491,1790774131.222628
10006952,100221,1790774131.183684,1790774131.222639
10006953,100221,1790774131.200096,1790774131.222651
10006954,100221,1790774131.217700,1790774131.431901
10006955,100221,1790774131.232502,1790774131.431942
10006956,100221,1790774131.249556,1790774131.431953
10006957,100221,1790774131.265575,1790774131.431961
10006958,100221,1790774131.282713,1790774131.431970
10006959,100221,1790774131.299277,1790774131.431978
10006960,100221,1790774131.316377,1790774131.431988
10006961,100221,1790774131.332676,1790774131.431998
10006962,100221,1790774131.349199,1790774131.432005
10006963,100221,1790774131.365636,1790774131.432012
10006964,100221,1790774131.382599,1790774131.432019
10006965,100221,1790774131.399760,1790774131.432026
10006966,100221,1790774131.415737,1790774131.432033
10006967,100221,1790774131.433279,1790774131.642940
10006968,100221,1790774131.450360,1790774131.642976
10006969,100221,1790774131.465919,1790774131.642984
10006970,100221,1790774131.483436,1790774131.642992
10006971,100221,1790774131.499921,1790774131.643000
10006972,100221,1790774131.516435,1790774131.643007
10006973,100221,1790774131.535404,1790774131.643014
10006974,100221,1790774131.549547,1790774131.643021
10006975,100221,1790774131.566429,1790774131.643027
10006976,100221,1790774131.583084,1790774131.643034
10006977,100221,1790774131.599644,1790774131.643041
10006978,100221,1790774131.616104,1790774131.643049
10006979,100221,1790774131.633948,1790774131.643055
10006980,100221,1790774131.650272,1790774131.852315
10006981,100221,1790774131.666587,1790774131.852346
10006982,100221,1790774131.692092,1790774131.852355
10006983,100221,1790774131.699896,1790774131.852364
10006984,100221,1790774131.715974,1790774131.852371
10006985,100221,1790774131.733680,1790774131.852378
10006986,100221,1790774131.749201,1790774131.852384
10006987,100221,1790774131.765809,1790774131.852390
10006988,100221,1790774131.783322,1790774131.852396
10006989,100221,1790774131.800207,1790774131.852402
10006990,100221,1790774131.815810,1790774131.852409
10006991,100221,1790774131.833748,1790774131.852415
10006992,100221,1790774131.849494,1790774132.059661
10006993,100221,1790774131.865874,1790774132.059693
10006994,100221,1790774131.882774,1790774132.059703
10006995,100221,1790774131.899302,1790774132.059710
10006996,100221,1790774131.916350,1790774132.059717
10006997,100221,1790774131.932849,1790774132.059724
10006998,100221,1790774131.950321,1790774132.059730
10006999,100221,1790774131.965789,1790774132.059736
10007000,100221,1790774131.983123,1790774132.059745
10007001,100221,1790774131.999721,1790774132.059752
10007002,100221,1790774132.016078,1790774132.059759
10007003,100221,1790774132.034395,1790774132.059765
10007004,100221,1790774132.049759,1790774132.059771
10007005,100221,1790774132.065566,1790774132.269739
10007006,100221,1790774132.082942,1790774132.269772
10007007,100221,1790774132.099316,1790774132.269789
10007008,100221,1790774132.116117,1790774132.269797
10007009,100221,1790774132.133039,1790774132.269804
10007010,100221,1790774132.149910,1790774132.269811
10007011,100221,1790774132.166086,1790774132.269817
10007012,100221,1790774132.183401,1790774132.269823
10007013,100221,1790774132.199679,1790774132.269829
10007014,100221,1790774132.216210,1790774132.269835
10007015,100221,1790774132.232436,1790774132.269842
10007016,100221,1790774132.250108,1790774132.269849
10007017,100221,1790774132.265508,1790774132.478997
10007018,100221,1790774132.282697,1790774132.479046
10007019,100221,1790774132.308377,1790774132.479059
10007020,100221,1790774132.322325,1790774132.479072
10007021,100221,1790774132.334758,1790774132.479083
10007022,100221,1790774132.349651,1790774132.479095
10007023,100221,1790774132.365927,1790774132.479108
10007024,100221,1790774132.382686,1790774132.479119
10007025,100221,1790774132.400289,1790774132.479132
10007026,100221,1790774132.417491,1790774132.479143
10007027,100221,1790774132.434141,1790774132.479155
10007028,100221,1790774132.460119,1790774132.479168
10007029,100221,1790774132.468936,1790774132.479178
10007030,100221,1790774132.482968,1790774132.688884
10007031,100221,1790774132.510173,1790774132.689060
10007032,100221,1790774132.517289,1790774132.689069
10007033,100221,1790774132.534248,1790774132.689076
10007034,100221,1790774132.550895,1790774132.689082
10007035,100221,1790774132.566825,1790774132.689088
10007036,100221,1790774132.584031,1790774132.689095
10007037,100221,1790774132.600199,1790774132.689100
10007038,100221,1790774132.616168,1790774132.689107
10007039,100221,1790774132.632923,1790774132.689123
10007040,100221,1790774132.649559,1790774132.689130
10007041,100221,1790774132.666974,1790774132.689136
10007042,100221,1790774132.682475,1790774132.899531
10007043,100221,1790774132.700232,1790774132.899579
10007044,100221,1790774132.715986,1790774132.899594
10007045,100221,1790774132.732666,1790774132.899611
10007046,100221,1790774132.749251,1790774132.899625
10007047,100221,1790774132.765701,1790774132.899638
10007048,100221,1790774132.782699,1790774132.899651
10007049,100221,1790774132.800094,1790774132.899664
10007050,100221,1790774132.816683,1790774132.899677
10007051,100221,1790774132.833274,1790774132.899688
10007052,100221,1790774132.850240,1790774132.899699
10007053,100221,1790774132.866322,1790774132.899709
10007054,100221,1790774132.882964,1790774132.899719
10007055,100221,1790774132.899547,1790774133.108787
10007056,100221,1790774132.916227,1790774133.108822
10007057,100221,1790774132.932959,1790774133.108830
10007058,100221,1790774132.949073,1790774133.108837
10007059,100221,1790774132.967162,1790774133.108852
10007060,100221,1790774132.982576,1790774133.108859
10007061,100221,1790774132.999162,1790774133.108866
10007062,100221,1790774133.016007,1790774133.108873
10007063,100221,1790774133.033161,1790774133.108879
10007064,100221,1790774133.049876,1790774133.108886
10007065,100221,1790774133.065877,1790774133.108892
10007066,100221,1790774133.082657,1790774133.108899
10007067,100221,1790774133.099744,1790774133.108906
10007068,100221,1790774133.115967,1790774133.320743
10007069,100221,1790774133.132633,1790774133.320776
10007070,100221,1790774133.149984,1790774133.320786
10007071,100221,1790774133.165701,1790774133.320793
10007072,100221,1790774133.183222,1790774133.320801
10007073,100221,1790774133.199467,1790774133.320809
10007074,100221,1790774133.216078,1790774133.320814
10007075,100221,1790774133.233126,1790774133.320820
10007076,100221,1790774133.249252,1790774133.320826
10007077,100221,1790774133.266568,1790774133.320832
10007078,100221,1790774133.283496,1790774133.320838
10007079,100221,1790774133.300194,1790774133.320844
10007080,100221,1790774133.317658,1790774133.539596
10007081,100221,1790774133.332588,1790774133.539647
10007082,100221,1790774133.349318,1790774133.539663
10007083,100221,1790774133.366013,1790774133.539676
10007084,100221,1790774133.383117,1790774133.539688
10007085,100221,1790774133.400390,1790774133.539700
10007086,100221,1790774133.416043,1790774133.539712
10007087,100221,1790774133.432803,1790774133.539723
10007088,100221,1790774133.449942,1790774133.539751
10007089,100221,1790774133.475683,1790774133.539764
10007090,100221,1790774133.484943,1790774133.539778
10007091,100221,1790774133.502231,1790774133.539790
10007092,100221,1790774133.529126,1790774133.756126
10007093,100221,1790774133.537002,1790774133.756159
10007094,100221,1790774133.550633,1790774133.756170
10007095,100221,1790774133.566650,1790774133.756178
10007096,100221,1790774133.583198,1790774133.756184
10007097,100221,1790774133.600088,1790774133.756191
10007098,100221,1790774133.616531,1790774133.756197
10007099,100221,1790774133.633617,1790774133.756212
10007100,100221,1790774133.649585,1790774133.756218
10007101,100221,1790774133.666073,1790774133.756226
10007102,100221,1790774133.683310,1790774133.756231
10007103,100221,1790774133.701090,1790774133.756238
10007104,100221,1790774133.717997,1790774133.756244
10007105,100221,1790774133.734577,1790774133.756249
10007106,100221,1790774133.750770,1790774133.968026
10007107,100221,1790774133.767031,1790774133.968073
10007108,100221,1790774133.783672,1790774133.968088
10007109,100221,1790774133.800046,1790774133.968100
10007110,100221,1790774133.817199,1790774133.968108
10007111,100221,1790774133.832529,1790774133.968116
10007112,100221,1790774133.850173,1790774133.968123
10007113,100221,1790774133.866464,1790774133.968131
10007114,100221,1790774133.882822,1790774133.968138
10007115,100221,1790774133.904405,1790774133.968145
10007116,100221,1790774133.915800,1790774133.968151
10007117,100221,1790774133.932683,1790774133.968159
10007118,100221,1790774133.949953,1790774133.968165
10007119,100221,1790774133.968243,1790774134.177108
10007120,100221,1790774133.983628,1790774134.177141
10007121,100221,1790774133.999967,1790774134.177149
10007122,100221,1790774134.016184,1790774134.177156
10007123,100221,1790774134.034234,1790774134.177163
10007124,100221,1790774134.051414,1790774134.177169
10007125,100221,1790774134.066401,1790774134.177175
10007126,100221,1790774134.082781,1790774134.177181
10007127,100221,1790774134.099719,1790774134.177187
10007128,100221,1790774134.115797,1790774134.177194
10007129,100221,1790774134.132730,1790774134.177200
10007130,100221,1790774134.149105,1790774134.177207
10007131,100221,1790774134.165676,1790774134.177213
10007132,100221,1790774134.182716,1790774134.386820
10007133,100221,1790774134.199209,1790774134.386863
10007134,100221,1790774134.216288,1790774134.386874
10007135,100221,1790774134.233276,1790774134.386885
10007136,100221,1790774134.249592,1790774134.386893
10007137,100221,1790774134.265798,1790774134.386900
10007138,100221,1790774134.282663,1790774134.386907
10007139,100221,1790774134.300198,1790774134.386915
10007140,100221,1790774134.316583,1790774134.386922
10007141,100221,1790774134.333625,1790774134.386929
10007142,100221,1790774134.350022,1790774134.386936
10007143,100221,1790774134.366238,1790774134.386943
10007144,100221,1790774134.382968,1790774134.595657
10007145,100221,1790774134.399281,1790774134.595696
10007146,100221,1790774134.416432,1790774134.595705
10007147,100221,1790774134.433007,1790774134.595713
10007148,100221,1790774134.449454,1790774134.595721
10007149,100221,1790774134.465874,1790774134.595728
10007150,100221,1790774134.483002,1790774134.595736
10007151,100221,1790774134.499240,1790774134.595744
10007152,100221,1790774134.516612,1790774134.595752
10007153,100221,1790774134.533065,1790774134.595769
10007154,100221,1790774134.549494,1790774134.595776
10007155,100221,1790774134.565913,1790774134.595783
10007156,100221,1790774134.582743,1790774134.595790
10007157,100221,1790774134.599955,1790774134.805553
10007158,100221,1790774134.616245,1790774134.805587
10007159,100221,1790774134.633219,1790774134.805597
10007160,100221,1790774134.650009,1790774134.805604
10007161,100221,1790774134.666073,1790774134.805611
10007162,100221,1790774134.683194,1790774134.805618
10007163,100221,1790774134.699587,1790774134.805625
10007164,100221,1790774134.715552,1790774134.805631
10007165,100221,1790774134.732316,1790774134.805637
10007166,100221,1790774134.749737,1790774134.805643
10007167,100221,1790774134.765610,1790774134.805649
10007168,100221,1790774134.782759,1790774134.805655
10007169,100221,1790774134.800399,1790774135.027725
10007170,100221,1790774134.815977,1790774135.027914
10007171,100221,1790774134.833064,1790774135.027927
10007172,100221,1790774134.850358,1790774135.027938
10007173,100221,1790774134.865649,1790774135.027949
10007174,100221,1790774134.883568,1790774135.027960
10007175,100221,1790774134.900226,1790774135.027971
10007176,100221,1790774134.915966,1790774135.028084
10007177,100221,1790774134.933309,1790774135.028097
10007178,100221,1790774134.953965,1790774135.028117
10007179,100221,1790774134.969738,1790774135.028127
10007180,100221,1790774134.983390,1790774135.028139
10007181,100221,1790774134.999666,1790774135.028149
10007182,100221,1790774135.023854,1790774135.236725
10007183,100221,1790774135.033549,1790774135.236780
10007184,100221,1790774135.050387,1790774135.236795
10007185,100221,1790774135.066334,1790774135.236809
10007186,100221,1790774135.085076,1790774135.236821
10007187,100221,1790774135.100216,1790774135.236834
10007188,100221,1790774135.117806,1790774135.236845
10007189,100221,1790774135.133918,1790774135.236857
10007190,100221,1790774135.150076,1790774135.236868
10007191,100221,1790774135.169867,1790774135.236879
10007192,100221,1790774135.183097,1790774135.236890
10007193,100221,1790774135.199165,1790774135.236901
10007194,100221,1790774135.216431,1790774135.236913
10007195,100221,1790774135.232517,1790774135.444507
10007196,100221,1790774135.250288,1790774135.444541
10007197,100221,1790774135.266012,1790774135.444550
10007198,100221,1790774135.283282,1790774135.444557
10007199,100221,1790774135.300130,1790774135.444565
10007200,100221,1790774135.316599,1790774135.444573
10007201,100221,1790774135.332435,1790774135.444579
10007202,100221,1790774135.350332,1790774135.444586
10007203,100221,1790774135.365724,1790774135.444593
10007204,100221,1790774135.387318,1790774135.444601
10007205,100221,1790774135.401772,1790774135.444607
10007206,100221,1790774135.420670,1790774135.444613
10007207,100221,1790774135.433549,1790774135.444620
10007208,100221,1790774135.449566,1790774135.656337
10007209,100221,1790774135.465949,1790774135.656376
10007210,100221,1790774135.483017,1790774135.656386
10007211,100221,1790774135.500334,1790774135.656395
10007212,100221,1790774135.516176,1790774135.656402
10007213,100221,1790774135.533668,1790774135.656409
10007214,100221,1790774135.549993,1790774135.656416
10007215,100221,1790774135.566043,1790774135.656423
10007216,100221,1790774135.583226,1790774135.656490
10007217,100221,1790774135.599630,1790774135.656498
10007218,100221,1790774135.616342,1790774135.656507
10007219,100221,1790774135.634585,1790774135.656515
10007220,100221,1790774135.650149,1790774135.868669
10007221,100221,1790774135.666002,1790774135.868715
10007222,100221,1790774135.683426,1790774135.868728
10007223,100221,1790774135.700184,1790774135.868740
10007224,100221,1790774135.716349,1790774135.868748
10007225,100221,1790774135.734061,1790774135.868759
10007226,100221,1790774135.750403,1790774135.868768
10007227,100221,1790774135.766809,1790774135.868777
10007228,100221,1790774135.783845,1790774135.868783
10007229,100221,1790774135.801254,1790774135.868790
10007230,100221,1790774135.815771,1790774135.868796
10007231,100221,1790774135.834265,1790774135.868802
10007232,100221,1790774135.850263,1790774135.868808
10007233,100221,1790774135.867364,1790774136.078998
10007234,100221,1790774135.883152,1790774136.079033
10007235,100221,1790774135.899678,1790774136.079236
10007236,100221,1790774135.916620,1790774136.079248
10007237,100221,1790774135.932787,1790774136.079285
10007238,100221,1790774135.950300,1790774136.079296
10007239,100221,1790774135.966193,1790774136.079314
10007240,100221,1790774135.983475,1790774136.079324
10007241,100221,1790774135.999929,1790774136.079358
10007242,100221,1790774136.018126,1790774136.079622
10007243,100221,1790774136.034103,1790774136.079636
10007244,100221,1790774136.052222,1790774136.079645
10007245,100221,1790774136.067163,1790774136.081499
10007246,100221,1790774136.084412,1790774136.296691
10007247,100221,1790774136.100636,1790774136.296743
10007248,100221,1790774136.116276,1790774136.296759
10007249,100221,1790774136.133297,1790774136.296772
10007250,100221,1790774136.150323,1790774136.296783
10007251,100221,1790774136.166916,1790774136.296794
10007252,100221,1790774136.190145,1790774136.296822
10007253,100221,1790774136.200251,1790774136.296834
10007254,100221,1790774136.216142,1790774136.296847
10007255,100221,1790774136.233153,1790774136.296860
10007256,100221,1790774136.250936,1790774136.296873
10007257,100221,1790774136.266526,1790774136.296885
10007258,100221,1790774136.285046,1790774136.518649
10007259,100221,1790774136.301606,1790774136.518678
10007260,100221,1790774136.316092,1790774136.518687
10007261,100221,1790774136.332765,1790774136.518694
10007262,100221,1790774136.350857,1790774136.518701
10007263,100221,1790774136.366210,1790774136.518707
10007264,100221,1790774136.391765,1790774136.518714
10007265,100221,1790774136.402519,1790774136.518721
10007266,100221,1790774136.417345,1790774136.518727
10007267,100221,1790774136.433702,1790774136.518732
10007268,100221,1790774136.450330,1790774136.518739
10007269,100221,1790774136.466157,1790774136.518745
10007270,100221,1790774136.483352,1790774136.518754
10007271,100221,1790774136.499945,1790774136.518761
10007272,100221,1790774136.516835,1790774136.728520
10007273,100221,1790774136.532573,1790774136.728554
10007274,100221,1790774136.549143,1790774136.728563
10007275,100221,1790774136.565915,1790774136.728571
10007276,100221,1790774136.583924,1790774136.728578
10007277,100221,1790774136.599994,1790774136.728592
10007278,100221,1790774136.615843,1790774136.728599
10007279,100221,1790774136.633088,1790774136.728606
10007280,100221,1790774136.649494,1790774136.728612
10007281,100221,1790774136.665060,1790774136.728618
10007282,100221,1790774136.682476,1790774136.728624
10007283,100221,1790774136.699668,1790774136.728632
10007284,100221,1790774136.715781,1790774136.728640
10007285,100221,1790774136.732911,1790774136.940311
10007286,100221,1790774136.749483,1790774136.940345
10007287,100221,1790774136.765697,1790774136.940355
10007288,100221,1790774136.782679,1790774136.940363
10007289,100221,1790774136.799717,1790774136.940516
10007290,100221,1790774136.815412,1790774136.940522
10007291,100221,1790774136.832589,1790774136.940530
10007292,100221,1790774136.849018,1790774136.940536
10007293,100221,1790774136.866188,1790774136.940544
10007294,100221,1790774136.882220,1790774136.940550
10007295,100221,1790774136.899265,1790774136.940557
10007296,100221,1790774136.916561,1790774136.940563
10007297,100221,1790774136.934222,1790774137.158123
10007298,100221,1790774136.950128,1790774137.158169
10007299,100221,1790774136.965914,1790774137.158182
10007300,100221,1790774136.983486,1790774137.158193
10007301,100221,1790774136.999657,1790774137.158203
10007302,100221,1790774137.017123,1790774137.158213
10007303,100221,1790774137.032482,1790774137.158222
10007304,100221,1790774137.049810,1790774137.158232
10007305,100221,1790774137.065959,1790774137.158242
10007306,100221,1790774137.086648,1790774137.158252
10007307,100221,1790774137.099482,1790774137.158261
10007308,100221,1790774137.115402,1790774137.158272
10007309,100221,1790774137.132882,1790774137.158283
10007310,100221,1790774137.151601,1790774137.370985
10007311,100221,1790774137.169661,1790774137.371018
10007312,100221,1790774137.188384,1790774137.371027
10007313,100221,1790774137.199699,1790774137.371035
10007314,100221,1790774137.216257,1790774137.371043
10007315,100221,1790774137.233255,1790774137.371051
10007316,100221,1790774137.249739,1790774137.371058
10007317,100221,1790774137.266756,1790774137.371065
10007318,100221,1790774137.283213,1790774137.371071
10007319,100221,1790774137.299872,1790774137.371078
10007320,100221,1790774137.316254,1790774137.371084
10007321,100221,1790774137.333772,1790774137.371090
10007322,100221,1790774137.350085,1790774137.371096
10007323,100221,1790774137.367452,1790774137.579184
10007324,100221,1790774137.382297,1790774137.579234
10007325,100221,1790774137.399845,1790774137.579246
10007326,100221,1790774137.418858,1790774137.579256
10007327,100221,1790774137.434059,1790774137.579267
10007328,100221,1790774137.449856,1790774137.579277
10007329,100221,1790774137.466315,1790774137.579286
10007330,100221,1790774137.482864,1790774137.579296
10007331,100221,1790774137.499797,1790774137.579306
10007332,100221,1790774137.516070,1790774137.579316
10007333,100221,1790774137.533072,1790774137.579325
10007334,100221,1790774137.549978,1790774137.579335
10007335,100221,1790774137.566084,1790774137.579345
10007336,100221,1790774137.588345,1790774137.789297
10007337,100221,1790774137.599985,1790774137.789394
10007338,100221,1790774137.615895,1790774137.789411
10007339,100221,1790774137.634335,1790774137.789422
10007340,100221,1790774137.649700,1790774137.789433
10007341,100221,1790774137.666750,1790774137.789441
10007342,100221,1790774137.682566,1790774137.789448
10007343,100221,1790774137.699889,1790774137.789455
10007344,100221,1790774137.717298,1790774137.789461
10007345,100221,1790774137.733533,1790774137.789467
10007346,100221,1790774137.750604,1790774137.789474
10007347,100221,1790774137.765794,1790774137.789479
10007348,100221,1790774137.783488,1790774137.996648
10007349,100221,1790774137.799835,1790774137.996778
10007350,100221,1790774137.816182,1790774137.996788
10007351,100221,1790774137.832589,1790774137.996795
10007352,100221,1790774137.850106,1790774137.996801
10007353,100221,1790774137.866775,1790774137.996808
10007354,100221,1790774137.882413,1790774137.996825
10007355,100221,1790774137.899442,1790774137.996836
10007356,100221,1790774137.916075,1790774137.996842
10007357,100221,1790774137.932891,1790774137.996848
10007358,100221,1790774137.949277,1790774137.996854
10007359,100221,1790774137.966126,1790774137.996861
10007360,100221,1790774137.982509,1790774137.996870
10007361,100221,1790774137.999985,1790774138.209247
10007362,100221,1790774138.016921,1790774138.209300
10007363,100221,1790774138.033217,1790774138.209402
10007364,100221,1790774138.050026,1790774138.209417
10007365,100221,1790774138.066427,1790774138.209427
10007366,100221,1790774138.082912,1790774138.209437
10007367,100221,1790774138.099996,1790774138.209448
10007368,100221,1790774138.115812,1790774138.209458
10007369,100221,1790774138.133150,1790774138.209467
10007370,100221,1790774138.149601,1790774138.209477
10007371,100221,1790774138.166112,1790774138.209487
10007372,100221,1790774138.183348,1790774138.209497
10007373,100221,1790774138.206318,1790774138.419651
10007374,100221,1790774138.215329,1790774138.419686
10007375,100221,1790774138.232438,1790774138.419695
10007376,100221,1790774138.249972,1790774138.419702
10007377,100221,1790774138.265893,1790774138.419710
10007378,100221,1790774138.283166,1790774138.419716
10007379,100221,1790774138.299975,1790774138.419723
10007380,100221,1790774138.317704,1790774138.419729
10007381,100221,1790774138.332477,1790774138.419736
10007382,100221,1790774138.349646,1790774138.419743
10007383,100221,1790774138.366147,1790774138.419751
10007384,100221,1790774138.382884,1790774138.419756
10007385,100221,1790774138.399323,1790774138.419762
10007386,100221,1790774138.416093,1790774138.628396
10007387,100221,1790774138.433208,1790774138.628430
10007388,100221,1790774138.449775,1790774138.628441
10007389,100221,1790774138.477184,1790774138.628449
10007390,100221,1790774138.491633,1790774138.628456
10007391,100221,1790774138.499590,1790774138.628462
10007392,100221,1790774138.518236,1790774138.628468
10007393,100221,1790774138.533079,1790774138.628474
10007394,100221,1790774138.549588,1790774138.628480
10007395,100221,1790774138.566518,1790774138.628486
10007396,100221,1790774138.595698,1790774138.628492
10007397,100221,1790774138.603008,1790774138.628497
10007398,100221,1790774138.616772,1790774138.628504
10007399,100221,1790774138.633070,1790774138.838060
10007400,100221,1790774138.649720,1790774138.838101
10007401,100221,1790774138.665962,1790774138.838112
10007402,100221,1790774138.683208,1790774138.838120
10007403,100221,1790774138.699909,1790774138.838170
10007404,100221,1790774138.715963,1790774138.838181
10007405,100221,1790774138.732493,1790774138.838189
10007406,100221,1790774138.750599,1790774138.838198
10007407,100221,1790774138.766819,1790774138.838206
10007408,100221,1790774138.783997,1790774138.838212
10007409,100221,1790774138.800089,1790774138.838218
10007410,100221,1790774138.816092,1790774138.838225
10007411,100221,1790774138.833142,1790774139.052307
10007412,100221,1790774138.852149,1790774139.052340
10007413,100221,1790774138.866185,1790774139.052349
10007414,100221,1790774138.882667,1790774139.052356
10007415,100221,1790774138.899890,1790774139.052363
10007416,100221,1790774138.916873,1790774139.052370
10007417,100221,1790774138.934225,1790774139.052375
10007418,100221,1790774138.950731,1790774139.052381
10007419,100221,1790774138.967187,1790774139.052387
10007420,100221,1790774138.984825,1790774139.052393
10007421,100221,1790774139.003014,1790774139.052400
10007422,100221,1790774139.027158,1790774139.052406
10007423,100221,1790774139.036247,1790774139.052413
10007424,100221,1790774139.050479,1790774139.266336
10007425,100221,1790774139.067313,1790774139.266383
10007426,100221,1790774139.083083,1790774139.266398
10007427,100221,1790774139.100710,1790774139.266409
10007428,100221,1790774139.116729,1790774139.266421
10007429,100221,1790774139.133071,1790774139.266434
10007430,100221,1790774139.149698,1790774139.266443
10007431,100221,1790774139.166221,1790774139.266455
10007432,100221,1790774139.183335,1790774139.266466
10007433,100221,1790774139.200500,1790774139.266477
10007434,100221,1790774139.215815,1790774139.266487
10007435,100221,1790774139.233211,1790774139.266496
10007436,100221,1790774139.249562,1790774139.266505
10007437,100221,1790774139.267068,1790774139.475216
10007438,100221,1790774139.283619,1790774139.475249
10007439,100221,1790774139.299736,1790774139.475258
10007440,100221,1790774139.316703,1790774139.475265
10007441,100221,1790774139.333221,1790774139.475271
10007442,100221,1790774139.352796,1790774139.475277
10007443,100221,1790774139.367066,1790774139.475284
10007444,100221,1790774139.383085,1790774139.475291
10007445,100221,1790774139.400310,1790774139.475297
10007446,100221,1790774139.418380,1790774139.475303
10007447,100221,1790774139.433422,1790774139.475309
10007448,100221,1790774139.451031,1790774139.475315
10007449,100221,1790774139.465655,1790774139.475322
10007450,100221,1790774139.482751,1790774139.689734
10007451,100221,1790774139.500218,1790774139.689775
10007452,100221,1790774139.516438,1790774139.689785
10007453,100221,1790774139.533292,1790774139.689794
10007454,100221,1790774139.550416,1790774139.689801
10007455,100221,1790774139.566127,1790774139.689808
10007456,100221,1790774139.583880,1790774139.689814
10007457,100221,1790774139.600222,1790774139.689820
10007458,100221,1790774139.616629,1790774139.689826
10007459,100221,1790774139.634413,1790774139.689833
10007460,100221,1790774139.651940,1790774139.689839
10007461,100221,1790774139.667475,1790774139.689845
10007462,100221,1790774139.685195,1790774139.923538
10007463,100221,1790774139.703155,1790774139.923588
10007464,100221,1790774139.718537,1790774139.923599
10007465,100221,1790774139.736918,1790774139.923609
10007466,100221,1790774139.751976,1790774139.923620
10007467,100221,1790774139.768245,1790774139.923630
10007468,100221,1790774139.784805,1790774139.923639
10007469,100221,1790774139.802817,1790774139.923648
10007470,100221,1790774139.815793,1790774139.923657
10007471,100221,1790774139.832723,1790774139.923666
10007472,100221,1790774139.850810,1790774139.923677
10007473,100221,1790774139.870953,1790774139.923687
10007474,100221,1790774139.883178,1790774139.923699
10007475,100221,1790774139.899597,1790774140.135394
10007476,100221,1790774139.925947,1790774140.135441
10007477,100221,1790774139.935091,1790774140.135455
10007478,100221,1790774139.951162,1790774140.135469
10007479,100221,1790774139.965558,1790774140.135481
10007480,100221,1790774139.983413,1790774140.135492
10007481,100221,1790774139.999699,1790774140.135504
10007482,100221,1790774140.032197,1790774140.135516
10007483,100221,1790774140.038318,1790774140.135527
10007484,100221,1790774140.053708,1790774140.135538
10007485,100221,1790774140.067167,1790774140.135549
10007486,100221,1790774140.089870,1790774140.135561
10007487,100221,1790774140.099158,1790774140.135572
10007488,100221,1790774140.120042,1790774140.346085
10007489,100221,1790774140.138818,1790774140.346127
10007490,100221,1790774140.151955,1790774140.346139
10007491,100221,1790774140.167666,1790774140.346149
10007492,100221,1790774140.183412,1790774140.346158
10007493,100221,1790774140.200555,1790774140.346167
10007494,100221,1790774140.217704,1790774140.346177
10007495,100221,1790774140.233304,1790774140.346188
10007496,100221,1790774140.251015,1790774140.346200
10007497,100221,1790774140.266742,1790774140.346210
10007498,100221,1790774140.283023,1790774140.346219
10007499,100221,1790774140.300772,1790774140.346228
10007500,100221,1790774140.316025,1790774140.346238
10007501,100221,1790774140.335411,1790774140.346248
10007502,100221,1790774140.350291,1790774140.556077
10007503,100221,1790774140.368034,1790774140.556110
10007504,100221,1790774140.386413,1790774140.556119
10007505,100221,1790774140.399860,1790774140.556126
10007506,100221,1790774140.418038,1790774140.556133
10007507,100221,1790774140.432613,1790774140.556139
10007508,100221,1790774140.449106,1790774140.556145
10007509,100221,1790774140.466152,1790774140.556151
10007510,100221,1790774140.482579,1790774140.556157
10007511,100221,1790774140.500146,1790774140.556164
10007512,100221,1790774140.516079,1790774140.556170
10007513,100221,1790774140.532351,1790774140.556176
10007514,100221,1790774140.550329,1790774140.765555
10007515,100221,1790774140.565594,1790774140.765614
10007516,100221,1790774140.583830,1790774140.765629
10007517,100221,1790774140.599254,1790774140.765639
10007518,100221,1790774140.616343,1790774140.765646
10007519,100221,1790774140.632699,1790774140.765655
10007520,100221,1790774140.649152,1790774140.765661
10007521,100221,1790774140.666123,1790774140.765667
10007522,100221,1790774140.682742,1790774140.765674
10007523,100221,1790774140.699176,1790774140.765681
10007524,100221,1790774140.715559,1790774140.765688
10007525,100221,1790774140.732983,1790774140.765698
10007526,100221,1790774140.749604,1790774140.765709
10007527,100221,1790774140.767940,1790774140.974928
10007528,100221,1790774140.782350,1790774140.974962
10007529,100221,1790774140.799677,1790774140.974972
10007530,100221,1790774140.815446,1790774140.974979
10007531,100221,1790774140.832582,1790774140.974985
10007532,100221,1790774140.849128,1790774140.974991
10007533,100221,1790774140.866486,1790774140.974998
10007534,100221,1790774140.882847,1790774140.975005
10007535,100221,1790774140.899892,1790774140.975011
10007536,100221,1790774140.915960,1790774140.975017
10007537,100221,1790774140.932820,1790774140.975023
10007538,100221,1790774140.950215,1790774140.975029
10007539,100221,1790774140.966207,1790774140.975037
10007540,100221,1790774140.982533,1790774141.185410
10007541,100221,1790774140.999978,1790774141.185448
10007542,100221,1790774141.017467,1790774141.185460
10007543,100221,1790774141.032909,1790774141.185469
10007544,100221,1790774141.050016,1790774141.185476
10007545,100221,1790774141.066519,1790774141.185484
10007546,100221,1790774141.083006,1790774141.185492
10007547,100221,1790774141.099579,1790774141.185499
10007548,100221,1790774141.115879,1790774141.185506
10007549,100221,1790774141.132938,1790774141.185513
10007550,100221,1790774141.150419,1790774141.185520
10007551,100221,1790774141.166243,1790774141.185537
10007552,100221,1790774141.183546,1790774141.394008
10007553,100221,1790774141.200019,1790774141.394041
10007554,100221,1790774141.215906,1790774141.394049
10007555,100221,1790774141.233140,1790774141.394056
10007556,100221,1790774141.250265,1790774141.394064
10007557,100221,1790774141.265705,1790774141.394071
10007558,100221,1790774141.283507,1790774141.394078
10007559,100221,1790774141.299692,1790774141.394084
10007560,100221,1790774141.316993,1790774141.394090
10007561,100221,1790774141.332669,1790774141.394096
10007562,100221,1790774141.350594,1790774141.394103
10007563,100221,1790774141.366244,1790774141.394109
10007564,100221,1790774141.382719,1790774141.394117
10007565,100221,1790774141.398983,1790774141.603623
10007566,100221,1790774141.416323,1790774141.603673
10007567,100221,1790774141.433540,1790774141.603690
10007568,100221,1790774141.450272,1790774141.603699
10007569,100221,1790774141.466012,1790774141.603707
10007570,100221,1790774141.483305,1790774141.603714
10007571,100221,1790774141.499469,1790774141.603721
10007572,100221,1790774141.515869,1790774141.603728
10007573,100221,1790774141.533479,1790774141.603736
10007574,100221,1790774141.550202,1790774141.603743
10007575,100221,1790774141.565920,1790774141.603755
10007576,100221,1790774141.583113,1790774141.603768
10007577,100221,1790774141.599478,1790774141.811550
10007578,100221,1790774141.615889,1790774141.811605
10007579,100221,1790774141.632990,1790774141.811619
10007580,100221,1790774141.649873,1790774141.811631
10007581,100221,1790774141.666405,1790774141.811641
10007582,100221,1790774141.682713,1790774141.811652
10007583,100221,1790774141.700301,1790774141.811663
10007584,100221,1790774141.715978,1790774141.811685
10007585,100221,1790774141.735269,1790774141.811697
10007586,100221,1790774141.753710,1790774141.811709
10007587,100221,1790774141.765651,1790774141.811720
10007588,100221,1790774141.783064,1790774141.811730
10007589,100221,1790774141.799924,1790774141.811740
10007590,100221,1790774141.816330,1790774142.022497
10007591,100221,1790774141.833732,1790774142.022536
10007592,100221,1790774141.850141,1790774142.022546
10007593,100221,1790774141.865645,1790774142.022555
10007594,100221,1790774141.884100,1790774142.022561
10007595,100221,1790774141.900675,1790774142.022568
10007596,100221,1790774141.920922,1790774142.022574
10007597,100221,1790774141.932994,1790774142.022581
10007598,100221,1790774141.949442,1790774142.022587
10007599,100221,1790774141.967068,1790774142.022593
10007600,100221,1790774141.984366,1790774142.022599
10007601,100221,1790774142.000119,1790774142.022605
10007602,100221,1790774142.016848,1790774142.234491
10007603,100221,1790774142.035233,1790774142.234533
10007604,100221,1790774142.053811,1790774142.234546
10007605,100221,1790774142.070560,1790774142.234557
10007606,100221,1790774142.083948,1790774142.234567
10007607,100221,1790774142.100768,1790774142.234576
10007608,100221,1790774142.116345,1790774142.234586
10007609,100221,1790774142.134639,1790774142.234598
10007610,100221,1790774142.150494,1790774142.234610
10007611,100221,1790774142.167234,1790774142.234621
10007612,100221,1790774142.182676,1790774142.234631
10007613,100221,1790774142.199790,1790774142.234640
10007614,100221,1790774142.217113,1790774142.234646
10007615,100221,1790774142.233117,1790774142.446327
10007616,100221,1790774142.249219,1790774142.446368
10007617,100221,1790774142.266304,1790774142.446382
10007618,100221,1790774142.282906,1790774142.446394
10007619,100221,1790774142.299717,1790774142.446402
10007620,100221,1790774142.316163,1790774142.446409
10007621,100221,1790774142.333566,1790774142.446414
10007622,100221,1790774142.349626,1790774142.446420
10007623,100221,1790774142.365657,1790774142.446426
10007624,100221,1790774142.383230,1790774142.446433
10007625,100221,1790774142.399802,1790774142.446440
10007626,100221,1790774142.417267,1790774142.446447
10007627,100221,1790774142.432900,1790774142.446456
10007628,100221,1790774142.449860,1790774142.657109
10007629,100221,1790774142.466773,1790774142.657146
10007630,100221,1790774142.482560,1790774142.657157
10007631,100221,1790774142.500423,1790774142.657166
10007632,100221,1790774142.515458,1790774142.657174
10007633,100221,1790774142.532640,1790774142.657182
10007634,100221,1790774142.549930,1790774142.657189
10007635,100221,1790774142.566051,1790774142.657197
10007636,100221,1790774142.582841,1790774142.657205
10007637,100221,1790774142.599301,1790774142.657213
10007638,100221,1790774142.615649,1790774142.657220
10007639,100221,1790774142.632941,1790774142.657227
10007640,100221,1790774142.649312,1790774142.867905
10007641,100221,1790774142.666069,1790774142.867987
10007642,100221,1790774142.682922,1790774142.868009
10007643,100221,1790774142.699864,1790774142.868146
10007644,100221,1790774142.715832,1790774142.868159
10007645,100221,1790774142.732704,1790774142.868168
10007646,100221,1790774142.749486,1790774142.868177
10007647,100221,1790774142.765560,1790774142.868188
10007648,100221,1790774142.782513,1790774142.868198
10007649,100221,1790774142.799910,1790774142.868209
10007650,100221,1790774142.816000,1790774142.868219
10007651,100221,1790774142.832733,1790774142.868230
10007652,100221,1790774142.849940,1790774142.868240
10007653,100221,1790774142.867653,1790774143.076754
10007654,100221,1790774142.882686,1790774143.076790
10007655,100221,1790774142.899998,1790774143.076801
10007656,100221,1790774142.915892,1790774143.076809
10007657,100221,1790774142.933201,1790774143.076815
10007658,100221,1790774142.949750,1790774143.076822
10007659,100221,1790774142.965728,1790774143.076829
10007660,100221,1790774142.982308,1790774143.076835
10007661,100221,1790774142.999660,1790774143.076841
10007662,100221,1790774143.015683,1790774143.076847
10007663,100221,1790774143.032650,1790774143.076854
10007664,100221,1790774143.049184,1790774143.076860
10007665,100221,1790774143.066290,1790774143.076866
10007666,100221,1790774143.082534,1790774143.286112
10007667,100221,1790774143.099134,1790774143.286170
10007668,100221,1790774143.115709,1790774143.286181
10007669,100221,1790774143.132784,1790774143.286191
10007670,100221,1790774143.149876,1790774143.286198
10007671,100221,1790774143.165663,1790774143.286205
10007672,100221,1790774143.182986,1790774143.286211
10007673,100221,1790774143.199656,1790774143.286218
10007674,100221,1790774143.215717,1790774143.286224
10007675,100221,1790774143.233051,1790774143.286232
10007676,100221,1790774143.249590,1790774143.286238
10007677,100221,1790774143.265615,1790774143.286394
10007678,100221,1790774143.283156,1790774143.497958
10007679,100221,1790774143.299535,1790774143.498010
10007680,100221,1790774143.316317,1790774143.498024
10007681,100221,1790774143.332798,1790774143.498037
10007682,100221,1790774143.349963,1790774143.498048
10007683,100221,1790774143.366185,1790774143.498058
10007684,100221,1790774143.382384,1790774143.498069
10007685,100221,1790774143.399748,1790774143.498079
10007686,100221,1790774143.415856,1790774143.498089
10007687,100221,1790774143.433300,1790774143.498100
10007688,100221,1790774143.450479,1790774143.498111
10007689,100221,1790774143.467520,1790774143.498121
10007690,100221,1790774143.483551,1790774143.709751
10007691,100221,1790774143.507273,1790774143.709796
10007692,100221,1790774143.515553,1790774143.709811
10007693,100221,1790774143.533207,1790774143.709823
10007694,100221,1790774143.550013,1790774143.709835
10007695,100221,1790774143.566276,1790774143.709845
10007696,100221,1790774143.582731,1790774143.709856
10007697,100221,1790774143.599374,1790774143.709866
10007698,100221,1790774143.615778,1790774143.709876
10007699,100221,1790774143.632684,1790774143.709887
10007700,100221,1790774143.650041,1790774143.709898
10007701,100221,1790774143.666002,1790774143.709911
10007702,100221,1790774143.690789,1790774143.709931
10007703,100221,1790774143.702088,1790774143.921916
10007704,100221,1790774143.720820,1790774143.922103
10007705,100221,1790774143.733273,1790774143.922123
10007706,100221,1790774143.750486,1790774143.922130
10007707,100221,1790774143.766267,1790774143.922136
10007708,100221,1790774143.783374,1790774143.922143
10007709,100221,1790774143.800323,1790774143.922150
10007710,100221,1790774143.815722,1790774143.922157
10007711,100221,1790774143.843968,1790774143.922163
10007712,100221,1790774143.849080,1790774143.922169
10007713,100221,1790774143.866967,1790774143.922176
10007714,100221,1790774143.883526,1790774143.922181
10007715,100221,1790774143.900224,1790774143.922188
10007716,100221,1790774143.915643,1790774144.130453
10007717,100221,1790774143.933111,1790774144.130501
10007718,100221,1790774143.950058,1790774144.130515
10007719,100221,1790774143.966170,1790774144.130527
10007720,100221,1790774143.983249,1790774144.130537
10007721,100221,1790774143.999810,1790774144.130549
10007722,100221,1790774144.017300,1790774144.130559
10007723,100221,1790774144.034024,1790774144.130572
10007724,100221,1790774144.050648,1790774144.130583
10007725,100221,1790774144.066611,1790774144.130593
10007726,100221,1790774144.083261,1790774144.130604
10007727,100221,1790774144.100527,1790774144.130816
10007728,100221,1790774144.116761,1790774144.130830
10007729,100221,1790774144.132833,1790774144.338840
10007730,100221,1790774144.149706,1790774144.338874
10007731,100221,1790774144.165723,1790774144.338883
10007732,100221,1790774144.182851,1790774144.338890
10007733,100221,1790774144.199100,1790774144.338897
10007734,100221,1790774144.216311,1790774144.338904
10007735,100221,1790774144.232890,1790774144.338910
10007736,100221,1790774144.249715,1790774144.338916
10007737,100221,1790774144.265955,1790774144.338924
10007738,100221,1790774144.283007,1790774144.338931
10007739,100221,1790774144.299370,1790774144.338937
10007740,100221,1790774144.315893,1790774144.338943
10007741,100221,1790774144.332716,1790774144.550209
10007742,100221,1790774144.349961,1790774144.550261
10007743,100221,1790774144.366147,1790774144.550275
10007744,100221,1790774144.382975,1790774144.550288
10007745,100221,1790774144.400081,1790774144.550300
10007746,100221,1790774144.415703,1790774144.550314
10007747,100221,1790774144.433130,1790774144.550326
10007748,100221,1790774144.450091,1790774144.550338
10007749,100221,1790774144.466038,1790774144.550350
10007750,100221,1790774144.482446,1790774144.550361
10007751,100221,1790774144.500490,1790774144.550373
10007752,100221,1790774144.518285,1790774144.550384
10007753,100221,1790774144.532945,1790774144.550395
10007754,100221,1790774144.552763,1790774144.759678
10007755,100221,1790774144.566440,1790774144.759710
10007756,100221,1790774144.583922,1790774144.759719
10007757,100221,1790774144.599832,1790774144.759726
10007758,100221,1790774144.615922,1790774144.759743
10007759,100221,1790774144.633198,1790774144.759749
10007760,100221,1790774144.650366,1790774144.759756
10007761,100221,1790774144.665673,1790774144.759762
10007762,100221,1790774144.683102,1790774144.759768
10007763,100221,1790774144.699633,1790774144.759774
10007764,100221,1790774144.719188,1790774144.759780
10007765,100221,1790774144.734474,1790774144.759786
10007766,100221,1790774144.749424,1790774144.759793
10007767,100221,1790774144.766025,1790774144.969877
10007768,100221,1790774144.782568,1790774144.969915
10007769,100221,1790774144.799988,1790774144.969924
10007770,100221,1790774144.815960,1790774144.969932
10007771,100221,1790774144.832598,1790774144.969940
10007772,100221,1790774144.850804,1790774144.969947
10007773,100221,1790774144.866483,1790774144.969953
10007774,100221,1790774144.883630,1790774144.969959
10007775,100221,1790774144.899709,1790774144.969965
10007776,100221,1790774144.916574,1790774144.969971
10007777,100221,1790774144.934940,1790774144.969977
10007778,100221,1790774144.950029,1790774144.969983
10007779,100221,1790774144.966545,1790774145.183142
10007780,100221,1790774144.982848,1790774145.183188
10007781,100221,1790774144.999861,1790774145.183202
10007782,100221,1790774145.028239,1790774145.183214
10007783,100221,1790774145.035612,1790774145.183224
10007784,100221,1790774145.052549,1790774145.183234
10007785,100221,1790774145.069078,1790774145.183245
10007786,100221,1790774145.089009,1790774145.183253
10007787,100221,1790774145.111006,1790774145.183262
10007788,100221,1790774145.131691,1790774145.183272
10007789,100221,1790774145.142835,1790774145.183282
10007790,100221,1790774145.158917,1790774145.183294
10007791,100221,1790774145.166886,1790774145.183305
10007792,100221,1790774145.187695,1790774145.401692
10007793,100221,1790774145.205278,1790774145.401745
10007794,100221,1790774145.217163,1790774145.401761
10007795,100221,1790774145.232427,1790774145.401775
10007796,100221,1790774145.267336,1790774145.401787
10007797,100221,1790774145.269569,1790774145.401801
10007798,100221,1790774145.290160,1790774145.401814
10007799,100221,1790774145.300430,1790774145.401827
10007800,100221,1790774145.317295,1790774145.401839
10007801,100221,1790774145.334038,1790774145.401852
10007802,100221,1790774145.349836,1790774145.401864
10007803,100221,1790774145.366353,1790774145.401876
10007804,100221,1790774145.386933,1790774145.611957
10007805,100221,1790774145.402536,1790774145.611991
10007806,100221,1790774145.417396,1790774145.612000
10007807,100221,1790774145.433404,1790774145.612007
10007808,100221,1790774145.449806,1790774145.612022
10007809,100221,1790774145.466121,1790774145.612028
10007810,100221,1790774145.482596,1790774145.612035
10007811,100221,1790774145.499748,1790774145.612042
10007812,100221,1790774145.515809,1790774145.612049
10007813,100221,1790774145.532809,1790774145.612056
10007814,100221,1790774145.549118,1790774145.612063
10007815,100221,1790774145.566674,1790774145.612069
10007816,100221,1790774145.583022,1790774145.612075
10007817,100221,1790774145.599586,1790774145.612082
10007818,100221,1790774145.616243,1790774145.821755
10007819,100221,1790774145.633181,1790774145.821788
10007820,100221,1790774145.649568,1790774145.821797
10007821,100221,1790774145.665869,1790774145.821805
10007822,100221,1790774145.683013,1790774145.821811
10007823,100221,1790774145.699661,1790774145.821818
10007824,100221,1790774145.715786,1790774145.821824
10007825,100221,1790774145.732952,1790774145.821830
10007826,100221,1790774145.749277,1790774145.821836
10007827,100221,1790774145.766491,1790774145.821843
10007828,100221,1790774145.786994,1790774145.821850
10007829,100221,1790774145.799580,1790774145.821864
10007830,100221,1790774145.815399,1790774146.031706
10007831,100221,1790774145.832475,1790774146.031756
10007832,100221,1790774145.849876,1790774146.031770
10007833,100221,1790774145.865315,1790774146.031781
10007834,100221,1790774145.882687,1790774146.031793
10007835,100221,1790774145.899297,1790774146.031806
10007836,100221,1790774145.915932,1790774146.031821
10007837,100221,1790774145.932881,1790774146.031835
10007838,100221,1790774145.949316,1790774146.031845
10007839,100221,1790774145.966029,1790774146.031852
10007840,100221,1790774145.984383,1790774146.031860
10007841,100221,1790774146.000242,1790774146.031867
10007842,100221,1790774146.018232,1790774146.031883
10007843,100221,1790774146.033282,1790774146.240928
10007844,100221,1790774146.050256,1790774146.240962
10007845,100221,1790774146.066376,1790774146.240971
10007846,100221,1790774146.082656,1790774146.240978
10007847,100221,1790774146.099780,1790774146.240984
10007848,100221,1790774146.115925,1790774146.240991
10007849,100221,1790774146.133314,1790774146.240997
10007850,100221,1790774146.149903,1790774146.241004
10007851,100221,1790774146.165953,1790774146.241010
10007852,100221,1790774146.183224,1790774146.241016
10007853,100221,1790774146.199708,1790774146.241023
10007854,100221,1790774146.216090,1790774146.241029
10007855,100221,1790774146.233326,1790774146.463791
10007856,100221,1790774146.248771,1790774146.463837
10007857,100221,1790774146.265790,1790774146.463850
10007858,100221,1790774146.282683,1790774146.463872
10007859,100221,1790774146.299789,1790774146.463884
10007860,100221,1790774146.321188,1790774146.463897
10007861,100221,1790774146.332928,1790774146.463908
10007862,100221,1790774146.349810,1790774146.463919
10007863,100221,1790774146.367205,1790774146.463931
10007864,100221,1790774146.383659,1790774146.463940
10007865,100221,1790774146.399251,1790774146.463951
10007866,100221,1790774146.416491,1790774146.463962
10007867,100221,1790774146.433111,1790774146.463973
10007868,100221,1790774146.460726,1790774146.692281
10007869,100221,1790774146.468763,1790774146.692328
10007870,100221,1790774146.484895,1790774146.692343
10007871,100221,1790774146.499670,1790774146.692354
10007872,100221,1790774146.519199,1790774146.692366
10007873,100221,1790774146.537094,1790774146.692377
10007874,100221,1790774146.549661,1790774146.692389
10007875,100221,1790774146.569204,1790774146.692399
10007876,100221,1790774146.584669,1790774146.692408
10007877,100221,1790774146.599208,1790774146.692418
10007878,100221,1790774146.615681,1790774146.692428
10007879,100221,1790774146.634209,1790774146.692439
10007880,100221,1790774146.649998,1790774146.692450
10007881,100221,1790774146.672553,1790774146.901511
10007882,100221,1790774146.707495,1790774146.901554
10007883,100221,1790774146.709709,1790774146.901569
10007884,100221,1790774146.731856,1790774146.901580
10007885,100221,1790774146.736896,1790774146.901589
10007886,100221,1790774146.750332,1790774146.901598
10007887,100221,1790774146.771623,1790774146.901608
10007888,100221,1790774146.783415,1790774146.901618
10007889,100221,1790774146.799898,1790774146.901628
10007890,100221,1790774146.815976,1790774146.901637
10007891,100221,1790774146.832923,1790774146.901646
10007892,100221,1790774146.849135,1790774146.901655
10007893,100221,1790774146.866160,1790774146.901664
10007894,100221,1790774146.882752,1790774146.901673
10007895,100221,1790774146.904830,1790774147.110529
10007896,100221,1790774146.915754,1790774147.110575
10007897,100221,1790774146.932776,1790774147.110585
10007898,100221,1790774146.949788,1790774147.110592
10007899,100221,1790774146.966075,1790774147.110599
10007900,100221,1790774146.983283,1790774147.110606
10007901,100221,1790774146.999571,1790774147.110612
10007902,100221,1790774147.016097,1790774147.110618
10007903,100221,1790774147.033473,1790774147.110624
10007904,100221,1790774147.051293,1790774147.110630
10007905,100221,1790774147.066333,1790774147.110637
10007906,100221,1790774147.082670,1790774147.110643
10007907,100221,1790774147.099567,1790774147.110649
10007908,100221,1790774147.117101,1790774147.320676
10007909,100221,1790774147.133579,1790774147.320729
10007910,100221,1790774147.150145,1790774147.320763
10007911,100221,1790774147.166396,1790774147.320776
10007912,100221,1790774147.183037,1790774147.320790
10007913,100221,1790774147.200960,1790774147.320803
10007914,100221,1790774147.216319,1790774147.320814
10007915,100221,1790774147.233758,1790774147.320826
10007916,100221,1790774147.249938,1790774147.320838
10007917,100221,1790774147.271388,1790774147.320851
10007918,100221,1790774147.286967,1790774147.320864
10007919,100221,1790774147.299659,1790774147.320877
10007920,100221,1790774147.316538,1790774147.528329
10007921,100221,1790774147.333158,1790774147.528363
10007922,100221,1790774147.350043,1790774147.528372
10007923,100221,1790774147.366329,1790774147.528381
10007924,100221,1790774147.383738,1790774147.528389
10007925,100221,1790774147.399098,1790774147.528395
10007926,100221,1790774147.416083,1790774147.528401
10007927,100221,1790774147.433855,1790774147.528408
10007928,100221,1790774147.454636,1790774147.528415
10007929,100221,1790774147.466540,1790774147.528421
10007930,100221,1790774147.483026,1790774147.528428
10007931,100221,1790774147.499293,1790774147.528434
10007932,100221,1790774147.516490,1790774147.528439
10007933,100221,1790774147.533192,1790774147.736860
10007934,100221,1790774147.550598,1790774147.736894
10007935,100221,1790774147.566519,1790774147.736904
10007936,100221,1790774147.583491,1790774147.736926
10007937,100221,1790774147.600120,1790774147.736934
10007938,100221,1790774147.616395,1790774147.736952
10007939,100221,1790774147.632733,1790774147.736958
10007940,100221,1790774147.649291,1790774147.736965
10007941,100221,1790774147.666035,1790774147.736971
10007942,100221,1790774147.682830,1790774147.736978
10007943,100221,1790774147.699621,1790774147.736985
10007944,100221,1790774147.716097,1790774147.736991
10007945,100221,1790774147.733547,1790774147.945164
10007946,100221,1790774147.750420,1790774147.945198
10007947,100221,1790774147.765965,1790774147.945207
10007948,100221,1790774147.784272,1790774147.945215
10007949,100221,1790774147.800161,1790774147.945221
10007950,100221,1790774147.815477,1790774147.945228
10007951,100221,1790774147.832589,1790774147.945234
10007952,100221,1790774147.850425,1790774147.945240
10007953,100221,1790774147.865821,1790774147.945247
10007954,100221,1790774147.883039,1790774147.945253
10007955,100221,1790774147.899107,1790774147.945258
10007956,100221,1790774147.915867,1790774147.945265
10007957,100221,1790774147.932940,1790774147.945271
10007958,100221,1790774147.950006,1790774148.153691
10007959,100221,1790774147.965868,1790774148.153733
10007960,100221,1790774147.983084,1790774148.153745
10007961,100221,1790774147.999595,1790774148.153756
10007962,100221,1790774148.022699,1790774148.153775
10007963,100221,1790774148.034645,1790774148.153786
10007964,100221,1790774148.051043,1790774148.153798
10007965,100221,1790774148.065966,1790774148.153809
10007966,100221,1790774148.083584,1790774148.153820
10007967,100221,1790774148.100016,1790774148.153830
10007968,100221,1790774148.116469,1790774148.153841
10007969,100221,1790774148.132485,1790774148.153850
10007970,100221,1790774148.149685,1790774148.361121
10007971,100221,1790774148.165762,1790774148.361201
10007972,100221,1790774148.183450,1790774148.361216
10007973,100221,1790774148.199964,1790774148.361227
10007974,100221,1790774148.215702,1790774148.361238
10007975,100221,1790774148.232656,1790774148.361249
10007976,100221,1790774148.249236,1790774148.361259
10007977,100221,1790774148.265966,1790774148.361270
10007978,100221,1790774148.283116,1790774148.361280
10007979,100221,1790774148.299529,1790774148.361290
10007980,100221,1790774148.315897,1790774148.361301
10007981,100221,1790774148.332849,1790774148.361310
10007982,100221,1790774148.349906,1790774148.361321
10007983,100221,1790774148.366240,1790774148.570826
10007984,100221,1790774148.383374,1790774148.570860
10007985,100221,1790774148.399726,1790774148.570869
10007986,100221,1790774148.416033,1790774148.570877
10007987,100221,1790774148.433242,1790774148.570884
10007988,100221,1790774148.449693,1790774148.570891
10007989,100221,1790774148.471873,1790774148.570897
10007990,100221,1790774148.483287,1790774148.570903
10007991,100221,1790774148.506420,1790774148.570910
10007992,100221,1790774148.516304,1790774148.570917
10007993,100221,1790774148.533587,1790774148.570924
10007994,100221,1790774148.550182,1790774148.570930
10007995,100221,1790774148.566196,1790774148.777805
10007996,100221,1790774148.583126,1790774148.777840
10007997,100221,1790774148.600358,1790774148.777850
10007998,100221,1790774148.616304,1790774148.777857
10007999,100221,1790774148.633108,1790774148.777864
10008000,100221,1790774148.650214,1790774148.777870
10008001,100221,1790774148.666163,1790774148.777876
10008002,100221,1790774148.682397,1790774148.777882
10008003,100221,1790774148.699509,1790774148.777889
10008004,100221,1790774148.716070,1790774148.777895
10008005,100221,1790774148.732687,1790774148.777901
10008006,100221,1790774148.750408,1790774148.777907
10008007,100221,1790774148.766074,1790774148.777914
10008008,100221,1790774148.783153,1790774148.987490
10008009,100221,1790774148.799545,1790774148.987544
10008010,100221,1790774148.815830,1790774148.987559
10008011,100221,1790774148.832643,1790774148.987570
10008012,100221,1790774148.850674,1790774148.987582
10008013,100221,1790774148.865790,1790774148.987594
10008014,100221,1790774148.882568,1790774148.987606
10008015,100221,1790774148.899414,1790774148.987618
10008016,100221,1790774148.916953,1790774148.987630
10008017,100221,1790774148.933026,1790774148.987642
10008018,100221,1790774148.949160,1790774148.987650
10008019,100221,1790774148.965888,1790774148.987658
10008020,100221,1790774148.983082,1790774149.195539
10008021,100221,1790774148.999063,1790774149.195594
10008022,100221,1790774149.016904,1790774149.195606
10008023,100221,1790774149.032530,1790774149.195617
10008024,100221,1790774149.049931,1790774149.195628
10008025,100221,1790774149.066088,1790774149.195639
10008026,100221,1790774149.083171,1790774149.195648
10008027,100221,1790774149.099647,1790774149.195660
10008028,100221,1790774149.116024,1790774149.195669
10008029,100221,1790774149.132521,1790774149.195678
10008030,100221,1790774149.149521,1790774149.195687
10008031,100221,1790774149.165612,1790774149.195697
10008032,100221,1790774149.183453,1790774149.195706
10008033,100221,1790774149.199280,1790774149.405699
10008034,100221,1790774149.216237,1790774149.405742
10008035,100221,1790774149.233246,1790774149.405751
10008036,100221,1790774149.249742,1790774149.405758
10008037,100221,1790774149.265553,1790774149.405765
10008038,100221,1790774149.283026,1790774149.405772
10008039,100221,1790774149.299373,1790774149.405780
10008040,100221,1790774149.315722,1790774149.405786
10008041,100221,1790774149.332302,1790774149.405792
10008042,100221,1790774149.349536,1790774149.405799
10008043,100221,1790774149.366072,1790774149.405808
10008044,100221,1790774149.383276,1790774149.405817
10008045,100221,1790774149.399857,1790774149.617154
10008046,100221,1790774149.415924,1790774149.617189
10008047,100221,1790774149.432564,1790774149.617197
10008048,100221,1790774149.450128,1790774149.617205
10008049,100221,1790774149.466343,1790774149.617212
10008050,100221,1790774149.482919,1790774149.617218
10008051,100221,1790774149.499722,1790774149.617224
10008052,100221,1790774149.515683,1790774149.617230
10008053,100221,1790774149.533026,1790774149.617236
10008054,100221,1790774149.550057,1790774149.617243
10008055,100221,1790774149.565846,1790774149.617249
10008056,100221,1790774149.582871,1790774149.617255
10008057,100221,1790774149.600185,1790774149.617261
10008058,100221,1790774149.617942,1790774149.826243
10008059,100221,1790774149.632676,1790774149.826275
10008060,100221,1790774149.650583,1790774149.826285
10008061,100221,1790774149.666594,1790774149.826302
10008062,100221,1790774149.683644,1790774149.826310
10008063,100221,1790774149.699462,1790774149.826316
10008064,100221,1790774149.716012,1790774149.826323
10008065,100221,1790774149.733294,1790774149.826330
10008066,100221,1790774149.749714,1790774149.826336
10008067,100221,1790774149.765805,1790774149.826343
10008068,100221,1790774149.782759,1790774149.826350
10008069,100221,1790774149.799641,1790774149.826356
10008070,100221,1790774149.816166,1790774149.826363
10008071,100221,1790774149.832735,1790774150.036178
10008072,100221,1790774149.849630,1790774150.036221
10008073,100221,1790774149.865746,1790774150.036233
10008074,100221,1790774149.883447,1790774150.036243
10008075,100221,1790774149.900279,1790774150.036253
10008076,100221,1790774149.916500,1790774150.036263
10008077,100221,1790774149.933142,1790774150.036272
10008078,100221,1790774149.949550,1790774150.036281
10008079,100221,1790774149.965919,1790774150.036289
10008080,100221,1790774149.984053,1790774150.036300
10008081,100221,1790774150.000854,1790774150.036309
10008082,100221,1790774150.022522,1790774150.036319
10008083,100221,1790774150.033914,1790774150.247816
10008084,100221,1790774150.051757,1790774150.247872
10008085,100221,1790774150.077238,1790774150.247888
10008086,100221,1790774150.083963,1790774150.247902
10008087,100221,1790774150.105679,1790774150.247911
10008088,100221,1790774150.116158,1790774150.247919
10008089,100221,1790774150.137270,1790774150.247927
10008090,100221,1790774150.150321,1790774150.247934
10008091,100221,1790774150.166240,1790774150.247941
10008092,100221,1790774150.183614,1790774150.247948
10008093,100221,1790774150.199877,1790774150.247956
10008094,100221,1790774150.216204,1790774150.247962
10008095,100221,1790774150.233239,1790774150.247969
10008096,100221,1790774150.250092,1790774150.457279
10008097,100221,1790774150.266041,1790774150.457351
10008098,100221,1790774150.283127,1790774150.457369
10008099,100221,1790774150.299800,1790774150.457384
10008100,100221,1790774150.315811,1790774150.457412
10008101,100221,1790774150.338709,1790774150.457427
10008102,100221,1790774150.350304,1790774150.457439
10008103,100221,1790774150.365758,1790774150.457449
10008104,100221,1790774150.392079,1790774150.457461
10008105,100221,1790774150.405737,1790774150.457473
10008106,100221,1790774150.420661,1790774150.457486
10008107,100221,1790774150.438551,1790774150.457498
10008108,100221,1790774150.449853,1790774150.667412
10008109,100221,1790774150.466646,1790774150.667448
10008110,100221,1790774150.483656,1790774150.667458
10008111,100221,1790774150.499338,1790774150.667467
10008112,100221,1790774150.515643,1790774150.667475
10008113,100221,1790774150.532864,1790774150.667482
10008114,100221,1790774150.549131,1790774150.667489
10008115,100221,1790774150.566163,1790774150.667496
10008116,100221,1790774150.582502,1790774150.667503
10008117,100221,1790774150.600134,1790774150.667509
10008118,100221,1790774150.615722,1790774150.667516
10008119,100221,1790774150.632581,1790774150.667524
10008120,100221,1790774150.649275,1790774150.667530
10008121,100221,1790774150.665559,1790774150.875508
10008122,100221,1790774150.683163,1790774150.875541
10008123,100221,1790774150.699262,1790774150.875550
10008124,100221,1790774150.715907,1790774150.875557
10008125,100221,1790774150.732891,1790774150.875565
10008126,100221,1790774150.749593,1790774150.875571
10008127,100221,1790774150.766384,1790774150.875578
10008128,100221,1790774150.782430,1790774150.875584
10008129,100221,1790774150.799776,1790774150.875591
10008130,100221,1790774150.815969,1790774150.875597
10008131,100221,1790774150.832911,1790774150.875603
10008132,100221,1790774150.849399,1790774150.875609
10008133,100221,1790774150.865752,1790774150.875616
10008134,100221,1790774150.882994,1790774151.085574
10008135,100221,1790774150.899216,1790774151.085614
10008136,100221,1790774150.916150,1790774151.085623
10008137,100221,1790774150.933549,1790774151.085630
10008138,100221,1790774150.949018,1790774151.085637
10008139,100221,1790774150.966681,1790774151.085643
10008140,100221,1790774150.982700,1790774151.085649
10008141,100221,1790774150.999822,1790774151.085655
10008142,100221,1790774151.015672,1790774151.085661
10008143,100221,1790774151.032724,1790774151.085667
10008144,100221,1790774151.049136,1790774151.085673
10008145,100221,1790774151.066340,1790774151.085679
10008146,100221,1790774151.083146,1790774151.293773
10008147,100221,1790774151.105151,1790774151.293810
10008148,100221,1790774151.116068,1790774151.293820
10008149,100221,1790774151.133681,1790774151.293828
10008150,100221,1790774151.150217,1790774151.293836
10008151,100221,1790774151.166465,1790774151.293844
10008152,100221,1790774151.182268,1790774151.293852
10008153,100221,1790774151.199590,1790774151.293859
10008154,100221,1790774151.216519,1790774151.293867
10008155,100221,1790774151.233218,1790774151.293882
10008156,100221,1790774151.250120,1790774151.293890
10008157,100221,1790774151.266858,1790774151.293898
10008158,100221,1790774151.282890,1790774151.293905
10008159,100221,1790774151.308472,1790774151.511265
10008160,100221,1790774151.315130,1790774151.511313
10008161,100221,1790774151.332483,1790774151.511326
10008162,100221,1790774151.350024,1790774151.511338
10008163,100221,1790774151.365920,1790774151.511349
10008164,100221,1790774151.383261,1790774151.511360
10008165,100221,1790774151.399313,1790774151.511371
10008166,100221,1790774151.416503,1790774151.511382
10008167,100221,1790774151.432929,1790774151.511393
10008168,100221,1790774151.450067,1790774151.511404
10008169,100221,1790774151.466230,1790774151.511414
10008170,100221,1790774151.483866,1790774151.511424
10008171,100221,1790774151.499618,1790774151.511434
10008172,100221,1790774151.516761,1790774151.721809
10008173,100221,1790774151.533178,1790774151.721863
10008174,100221,1790774151.549612,1790774151.721889
10008175,100221,1790774151.566032,1790774151.721901
10008176,100221,1790774151.582771,1790774151.721912
10008177,100221,1790774151.599845,1790774151.721922
10008178,100221,1790774151.615920,1790774151.721932
10008179,100221,1790774151.632315,1790774151.721943
10008180,100221,1790774151.649292,1790774151.721953
10008181,100221,1790774151.665738,1790774151.721964
10008182,100221,1790774151.682708,1790774151.721974
10008183,100221,1790774151.699576,1790774151.722019
10008184,100221,1790774151.716994,1790774151.930213
10008185,100221,1790774151.733289,1790774151.930250
10008186,100221,1790774151.749719,1790774151.930258
10008187,100221,1790774151.765497,1790774151.930265
10008188,100221,1790774151.782143,1790774151.930272
10008189,100221,1790774151.799593,1790774151.930279
10008190,100221,1790774151.815189,1790774151.930286
10008191,100221,1790774151.832947,1790774151.930293
10008192,100221,1790774151.849456,1790774151.930299
10008193,100221,1790774151.865696,1790774151.930306
10008194,100221,1790774151.882756,1790774151.930311
10008195,100221,1790774151.900001,1790774151.930319
10008196,100221,1790774151.915983,1790774151.930326
10008197,100221,1790774151.933008,1790774152.140469
10008198,100221,1790774151.949719,1790774152.140503
10008199,100221,1790774151.966642,1790774152.140513
10008200,100221,1790774151.982860,1790774152.140520
10008201,100221,1790774151.999132,1790774152.140528
10008202,100221,1790774152.020193,1790774152.140535
10008203,100221,1790774152.032769,1790774152.140542
10008204,100221,1790774152.049267,1790774152.140607
10008205,100221,1790774152.065675,1790774152.140614
10008206,100221,1790774152.083034,1790774152.140620
10008207,100221,1790774152.099419,1790774152.140627
10008208,100221,1790774152.115473,1790774152.140633
10008209,100221,1790774152.133714,1790774152.352594
10008210,100221,1790774152.149018,1790774152.352626
10008211,100221,1790774152.166127,1790774152.352635
10008212,100221,1790774152.182749,1790774152.352642
10008213,100221,1790774152.199778,1790774152.352649
10008214,100221,1790774152.215935,1790774152.352656
10008215,100221,1790774152.232790,1790774152.352663
10008216,100221,1790774152.249035,1790774152.352671
10008217,100221,1790774152.266509,1790774152.352678
10008218,100221,1790774152.282995,1790774152.352684
10008219,100221,1790774152.299563,1790774152.352692
10008220,100221,1790774152.315858,1790774152.352698
10008221,100221,1790774152.333277,1790774152.352705
10008222,100221,1790774152.350800,1790774152.564369
10008223,100221,1790774152.365843,1790774152.564416
10008224,100221,1790774152.382714,1790774152.564429
10008225,100221,1790774152.399782,1790774152.564440
10008226,100221,1790774152.415666,1790774152.564449
10008227,100221,1790774152.432756,1790774152.564459
10008228,100221,1790774152.449295,1790774152.564469
10008229,100221,1790774152.465198,1790774152.564479
10008230,100221,1790774152.483458,1790774152.564488
10008231,100221,1790774152.499788,1790774152.564497
10008232,100221,1790774152.515924,1790774152.564507
10008233,100221,1790774152.533043,1790774152.564517
10008234,100221,1790774152.549284,1790774152.564527
10008235,100221,1790774152.565744,1790774152.771513
10008236,100221,1790774152.582818,1790774152.771547
10008237,100221,1790774152.599291,1790774152.771557
10008238,100221,1790774152.616116,1790774152.771563
10008239,100221,1790774152.633598,1790774152.771570
10008240,100221,1790774152.649267,1790774152.771578
10008241,100221,1790774152.665540,1790774152.771585
10008242,100221,1790774152.682958,1790774152.771592
10008243,100221,1790774152.700262,1790774152.771598
10008244,100221,1790774152.715538,1790774152.771605
10008245,100221,1790774152.732760,1790774152.771611
10008246,100221,1790774152.749151,1790774152.771618
10008247,100221,1790774152.765229,1790774152.981755
10008248,100221,1790774152.782800,1790774152.981805
10008249,100221,1790774152.799752,1790774152.981819
10008250,100221,1790774152.815572,1790774152.981830
10008251,100221,1790774152.833098,1790774152.981841
10008252,100221,1790774152.849269,1790774152.981853
10008253,100221,1790774152.865605,1790774152.981863
10008254,100221,1790774152.883016,1790774152.981884
10008255,100221,1790774152.899456,1790774152.981895
10008256,100221,1790774152.915938,1790774152.981907
10008257,100221,1790774152.933106,1790774152.981917
10008258,100221,1790774152.949418,1790774152.981927
10008259,100221,1790774152.965523,1790774152.981939
10008260,100221,1790774152.982967,1790774153.191073
10008261,100221,1790774152.999488,1790774153.191107
10008262,100221,1790774153.015822,1790774153.191116
10008263,100221,1790774153.032976,1790774153.191124
10008264,100221,1790774153.049659,1790774153.191131
10008265,100221,1790774153.065766,1790774153.191139
10008266,100221,1790774153.083038,1790774153.191145
10008267,100221,1790774153.099281,1790774153.191151
10008268,100221,1790774153.116305,1790774153.191158
10008269,100221,1790774153.132842,1790774153.191165
10008270,100221,1790774153.150139,1790774153.191172
10008271,100221,1790774153.166306,1790774153.191178
10008272,100221,1790774153.183173,1790774153.191184
10008273,100221,1790774153.198904,1790774153.400171
10008274,100221,1790774153.216027,1790774153.400214
10008275,100221,1790774153.234513,1790774153.400227
10008276,100221,1790774153.250344,1790774153.400237
10008277,100221,1790774153.265869,1790774153.400247
10008278,100221,1790774153.283588,1790774153.400256
10008279,100221,1790774153.299655,1790774153.400266
10008280,100221,1790774153.315935,1790774153.400276
10008281,100221,1790774153.332869,1790774153.400286
10008282,100221,1790774153.349878,1790774153.400297
10008283,100221,1790774153.365971,1790774153.400307
10008284,100221,1790774153.382706,1790774153.400317
10008285,100221,1790774153.399823,1790774153.616989
10008286,100221,1790774153.418575,1790774153.617041
10008287,100221,1790774153.433442,1790774153.617058
10008288,100221,1790774153.449760,1790774153.617071
10008289,100221,1790774153.473258,1790774153.617085
10008290,100221,1790774153.501447,1790774153.617109
10008291,100221,1790774153.499869,1790774153.617097
10008292,100221,1790774153.516619,1790774153.617121
10008293,100221,1790774153.532442,1790774153.617133
10008294,100221,1790774153.550184,1790774153.617144
10008295,100221,1790774153.567082,1790774153.617156
10008296,100221,1790774153.582888,1790774153.617167
10008297,100221,1790774153.599513,1790774153.617179
10008298,100221,1790774153.616429,1790774153.825462
10008299,100221,1790774153.632938,1790774153.825497
10008300,100221,1790774153.649931,1790774153.825507
10008301,100221,1790774153.666011,1790774153.825513
10008302,100221,1790774153.683260,1790774153.825521
10008303,100221,1790774153.699689,1790774153.825527
10008304,100221,1790774153.715876,1790774153.825534
10008305,100221,1790774153.734398,1790774153.825540
10008306,100221,1790774153.750248,1790774153.825546
10008307,100221,1790774153.766490,1790774153.825552
10008308,100221,1790774153.782555,1790774153.825558
10008309,100221,1790774153.799897,1790774153.825565
10008310,100221,1790774153.815809,1790774153.825571
10008311,100221,1790774153.833147,1790774154.034254
10008312,100221,1790774153.849675,1790774154.034291
10008313,100221,1790774153.865549,1790774154.034301
10008314,100221,1790774153.882607,1790774154.034310
10008315,100221,1790774153.899998,1790774154.034317
10008316,100221,1790774153.915956,1790774154.034326
10008317,100221,1790774153.932991,1790774154.034332
10008318,100221,1790774153.949842,1790774154.034349
10008319,100221,1790774153.966165,1790774154.034356
10008320,100221,1790774153.983407,1790774154.034363
10008321,100221,1790774153.999626,1790774154.034370
10008322,100221,1790774154.016775,1790774154.034377
10008323,100221,1790774154.033913,1790774154.241805
10008324,100221,1790774154.049198,1790774154.241838
10008325,100221,1790774154.065912,1790774154.241847
10008326,100221,1790774154.083358,1790774154.241854
10008327,100221,1790774154.099530,1790774154.241862
10008328,100221,1790774154.115817,1790774154.241868
10008329,100221,1790774154.132862,1790774154.241875
10008330,100221,1790774154.149681,1790774154.241881
10008331,100221,1790774154.165781,1790774154.241888
10008332,100221,1790774154.183281,1790774154.241894
10008333,100221,1790774154.199983,1790774154.241901
10008334,100221,1790774154.216620,1790774154.241907
10008335,100221,1790774154.232888,1790774154.241913
10008336,100221,1790774154.249728,1790774154.450810
10008337,100221,1790774154.265949,1790774154.450842
10008338,100221,1790774154.282771,1790774154.450851
10008339,100221,1790774154.299252,1790774154.450859
10008340,100221,1790774154.316728,1790774154.450866
10008341,100221,1790774154.332877,1790774154.450872
10008342,100221,1790774154.349904,1790774154.450878
10008343,100221,1790774154.366174,1790774154.450884
10008344,100221,1790774154.382235,1790774154.450898
10008345,100221,1790774154.399849,1790774154.450904
10008346,100221,1790774154.415596,1790774154.450910
10008347,100221,1790774154.433229,1790774154.450916
10008348,100221,1790774154.449306,1790774154.659842
10008349,100221,1790774154.465870,1790774154.659875
10008350,100221,1790774154.482279,1790774154.659884
10008351,100221,1790774154.499278,1790774154.659892
10008352,100221,1790774154.516065,1790774154.659899
10008353,100221,1790774154.533314,1790774154.659906
10008354,100221,1790774154.550079,1790774154.659913
10008355,100221,1790774154.565847,1790774154.659919
10008356,100221,1790774154.583277,1790774154.659932
10008357,100221,1790774154.599729,1790774154.659938
10008358,100221,1790774154.616080,1790774154.659945
10008359,100221,1790774154.633130,1790774154.659951
10008360,100221,1790774154.649546,1790774154.659957
10008361,100221,1790774154.665629,1790774154.870641
10008362,100221,1790774154.682964,1790774154.870689
10008363,100221,1790774154.699164,1790774154.870703
10008364,100221,1790774154.715772,1790774154.870713
10008365,100221,1790774154.732988,1790774154.870723
10008366,100221,1790774154.749582,1790774154.870733
10008367,100221,1790774154.765750,1790774154.870744
10008368,100221,1790774154.782608,1790774154.870755
10008369,100221,1790774154.799249,1790774154.870766
10008370,100221,1790774154.816162,1790774154.870776
10008371,100221,1790774154.832536,1790774154.870786
10008372,100221,1790774154.850142,1790774154.870795
10008373,100221,1790774154.867077,1790774155.095950
10008374,100221,1790774154.883323,1790774155.095987
10008375,100221,1790774154.899490,1790774155.095996
10008376,100221,1790774154.916445,1790774155.096003
10008377,100221,1790774154.933290,1790774155.096010
10008378,100221,1790774154.949625,1790774155.096017
10008379,100221,1790774154.965476,1790774155.096022
10008380,100221,1790774154.982710,1790774155.096029
10008381,100221,1790774154.999197,1790774155.096036
10008382,100221,1790774155.017551,1790774155.096042
10008383,100221,1790774155.034520,1790774155.096048
10008384,100221,1790774155.050798,1790774155.096054
10008385,100221,1790774155.065707,1790774155.096060
10008386,100221,1790774155.095662,1790774155.308312
10008387,100221,1790774155.102055,1790774155.308360
10008388,100221,1790774155.117030,1790774155.308374
10008389,100221,1790774155.133222,1790774155.308386
10008390,100221,1790774155.150058,1790774155.308397
10008391,100221,1790774155.167457,1790774155.308409
10008392,100221,1790774155.183438,1790774155.308421
10008393,100221,1790774155.200064,1790774155.308499
10008394,100221,1790774155.215951,1790774155.308512
10008395,100221,1790774155.250359,1790774155.308524
10008396,100221,1790774155.258497,1790774155.308535
10008397,100221,1790774155.268693,1790774155.308545
10008398,100221,1790774155.282783,1790774155.308556
10008399,100221,1790774155.300018,1790774155.533634
10008400,100221,1790774155.317432,1790774155.533677
10008401,100221,1790774155.335762,1790774155.533691
10008402,100221,1790774155.349113,1790774155.533702
10008403,100221,1790774155.366260,1790774155.533713
10008404,100221,1790774155.400926,1790774155.533725
10008405,100221,1790774155.446701,1790774155.533746
10008406,100221,1790774155.434503,1790774155.533735
10008407,100221,1790774155.458395,1790774155.533757
10008408,100221,1790774155.467857,1790774155.533767
10008409,100221,1790774155.476706,1790774155.533777
10008410,100221,1790774155.492106,1790774155.533788
10008411,100221,1790774155.509301,1790774155.533799
10008412,100221,1790774155.517466,1790774155.533810
10008413,100221,1790774155.536326,1790774155.743106
10008414,100221,1790774155.556314,1790774155.743141
10008415,100221,1790774155.578259,1790774155.743150
10008416,100221,1790774155.599533,1790774155.743157
10008417,100221,1790774155.613658,1790774155.743165
10008418,100221,1790774155.624398,1790774155.743172
10008419,100221,1790774155.633268,1790774155.743179
10008420,100221,1790774155.649779,1790774155.743185
10008421,100221,1790774155.665498,1790774155.743191
10008422,100221,1790774155.682868,1790774155.743197
10008423,100221,1790774155.700015,1790774155.743204
10008424,100221,1790774155.716167,1790774155.743210
10008425,100221,1790774155.733264,1790774155.743217
10008426,100221,1790774155.749179,1790774155.952377
10008427,100221,1790774155.766062,1790774155.952428
10008428,100221,1790774155.783351,1790774155.952443
10008429,100221,1790774155.799475,1790774155.952455
10008430,100221,1790774155.816010,1790774155.952469
10008431,100221,1790774155.833065,1790774155.952482
10008432,100221,1790774155.849439,1790774155.952493
10008433,100221,1790774155.865565,1790774155.952504
10008434,100221,1790774155.883030,1790774155.952533
10008435,100221,1790774155.900031,1790774155.952547
10008436,100221,1790774155.916317,1790774155.952560
10008437,100221,1790774155.932808,1790774155.952572
10008438,100221,1790774155.949324,1790774156.161138
10008439,100221,1790774155.966022,1790774156.161194
10008440,100221,1790774155.983067,1790774156.161209
10008441,100221,1790774155.999174,1790774156.161220
10008442,100221,1790774156.016363,1790774156.161232
10008443,100221,1790774156.033149,1790774156.161244
10008444,100221,1790774156.049320,1790774156.161256
10008445,100221,1790774156.066184,1790774156.161267
10008446,100221,1790774156.082559,1790774156.161277
10008447,100221,1790774156.099230,1790774156.161301
10008448,100221,1790774156.116177,1790774156.161313
10008449,100221,1790774156.132980,1790774156.161324
10008450,100221,1790774156.149548,1790774156.161455
10008451,100221,1790774156.166479,1790774156.371470
10008452,100221,1790774156.182368,1790774156.371502
10008453,100221,1790774156.199635,1790774156.371510
10008454,100221,1790774156.215657,1790774156.371518
10008455,100221,1790774156.232702,1790774156.371525
10008456,100221,1790774156.250102,1790774156.371531
10008457,100221,1790774156.265804,1790774156.371537
10008458,100221,1790774156.282749,1790774156.371543
10008459,100221,1790774156.298910,1790774156.371550
10008460,100221,1790774156.316102,1790774156.371557
10008461,100221,1790774156.333071,1790774156.371563
10008462,100221,1790774156.349131,1790774156.371569
10008463,100221,1790774156.366386,1790774156.581108
10008464,100221,1790774156.382565,1790774156.581162
10008465,100221,1790774156.399599,1790774156.581176
10008466,100221,1790774156.415961,1790774156.581187
10008467,100221,1790774156.432245,1790774156.581197
10008468,100221,1790774156.449853,1790774156.581208
10008469,100221,1790774156.465518,1790774156.581218
10008470,100221,1790774156.482766,1790774156.581229
10008471,100221,1790774156.498964,1790774156.581240
10008472,100221,1790774156.515801,1790774156.581248
10008473,100221,1790774156.532977,1790774156.581255
10008474,100221,1790774156.549860,1790774156.581479
10008475,100221,1790774156.566058,1790774156.581486
10008476,100221,1790774156.583365,1790774156.793639
10008477,100221,1790774156.599316,1790774156.793685
10008478,100221,1790774156.615407,1790774156.793697
10008479,100221,1790774156.632543,1790774156.793709
10008480,100221,1790774156.649770,1790774156.793719
10008481,100221,1790774156.665740,1790774156.793730
10008482,100221,1790774156.682406,1790774156.793739
10008483,100221,1790774156.699741,1790774156.793750
10008484,100221,1790774156.715621,1790774156.793760
10008485,100221,1790774156.733047,1790774156.793771
10008486,100221,1790774156.749729,1790774156.793781
10008487,100221,1790774156.766648,1790774156.793791
10008488,100221,1790774156.785701,1790774157.006089
10008489,100221,1790774156.802033,1790774157.006134
10008490,100221,1790774156.817671,1790774157.006147
10008491,100221,1790774156.835931,1790774157.006159
10008492,100221,1790774156.850245,1790774157.006169
10008493,100221,1790774156.870287,1790774157.006180
10008494,100221,1790774156.884713,1790774157.006192
10008495,100221,1790774156.900352,1790774157.006202
10008496,100221,1790774156.916034,1790774157.006213
10008497,100221,1790774156.939349,1790774157.006223
10008498,100221,1790774156.950016,1790774157.006233
10008499,100221,1790774156.968990,1790774157.006244
10008500,100221,1790774156.990069,1790774157.006254
10008501,100221,1790774157.000668,1790774157.216247
10008502,100221,1790774157.017897,1790774157.216297
10008503,100221,1790774157.032579,1790774157.216311
10008504,100221,1790774157.050033,1790774157.216322
10008505,100221,1790774157.065605,1790774157.216334
10008506,100221,1790774157.082575,1790774157.216344
10008507,100221,1790774157.099773,1790774157.216354
10008508,100221,1790774157.116005,1790774157.216363
10008509,100221,1790774157.133009,1790774157.216372
10008510,100221,1790774157.149671,1790774157.216381
10008511,100221,1790774157.165485,1790774157.216389
10008512,100221,1790774157.183766,1790774157.216399
10008513,100221,1790774157.200286,1790774157.216408
10008514,100221,1790774157.216181,1790774157.426054
10008515,100221,1790774157.232806,1790774157.426091
10008516,100221,1790774157.248760,1790774157.426101
10008517,100221,1790774157.266090,1790774157.426109
10008518,100221,1790774157.283286,1790774157.426116
10008519,100221,1790774157.302433,1790774157.426124
10008520,100221,1790774157.316899,1790774157.426131
10008521,100221,1790774157.333191,1790774157.426138
10008522,100221,1790774157.359535,1790774157.426147
10008523,100221,1790774157.368618,1790774157.426154
10008524,100221,1790774157.383391,1790774157.426162
10008525,100221,1790774157.399888,1790774157.426169
10008526,100221,1790774157.416057,1790774157.426186
10008527,100221,1790774157.432577,1790774157.634776
10008528,100221,1790774157.449121,1790774157.634822
10008529,100221,1790774157.465802,1790774157.634835
10008530,100221,1790774157.482958,1790774157.634842
10008531,100221,1790774157.499402,1790774157.634848
10008532,100221,1790774157.516413,1790774157.634855
10008533,100221,1790774157.532876,1790774157.634864
10008534,100221,1790774157.550243,1790774157.634870
10008535,100221,1790774157.566022,1790774157.634877
10008536,100221,1790774157.583396,1790774157.634883
10008537,100221,1790774157.600138,1790774157.634889
10008538,100221,1790774157.615660,1790774157.634897
10008539,100221,1790774157.633598,1790774157.847722
10008540,100221,1790774157.650035,1790774157.847784
10008541,100221,1790774157.665916,1790774157.847800
10008542,100221,1790774157.683028,1790774157.847811
10008543,100221,1790774157.699637,1790774157.847822
10008544,100221,1790774157.715405,1790774157.847832
10008545,100221,1790774157.732627,1790774157.847842
10008546,100221,1790774157.749981,1790774157.847852
10008547,100221,1790774157.766015,1790774157.847863
10008548,100221,1790774157.783082,1790774157.847874
10008549,100221,1790774157.799297,1790774157.847885
10008550,100221,1790774157.815774,1790774157.847895
10008551,100221,1790774157.834930,1790774157.847904
10008552,100221,1790774157.850662,1790774158.059052
10008553,100221,1790774157.865801,1790774158.059085
10008554,100221,1790774157.883295,1790774158.059094
10008555,100221,1790774157.900557,1790774158.059101
10008556,100221,1790774157.917518,1790774158.059107
10008557,100221,1790774157.933532,1790774158.059114
10008558,100221,1790774157.950850,1790774158.059121
10008559,100221,1790774157.965609,1790774158.059128
10008560,100221,1790774157.982764,1790774158.059134
10008561,100221,1790774157.999871,1790774158.059141
10008562,100221,1790774158.017048,1790774158.059148
10008563,100221,1790774158.032846,1790774158.059154
10008564,100221,1790774158.050115,1790774158.059160
10008565,100221,1790774158.067405,1790774158.269536
10008566,100221,1790774158.083604,1790774158.269583
10008567,100221,1790774158.100149,1790774158.269617
10008568,100221,1790774158.115972,1790774158.269628
10008569,100221,1790774158.133867,1790774158.269640
10008570,100221,1790774158.150353,1790774158.269650
10008571,100221,1790774158.165858,1790774158.269663
10008572,100221,1790774158.183641,1790774158.269674
10008573,100221,1790774158.200078,1790774158.269684
10008574,100221,1790774158.216228,1790774158.269695
10008575,100221,1790774158.232849,1790774158.269750
10008576,100221,1790774158.249087,1790774158.269761
10008577,100221,1790774158.266795,1790774158.489098
10008578,100221,1790774158.282622,1790774158.489145
10008579,100221,1790774158.300200,1790774158.489158
10008580,100221,1790774158.316209,1790774158.489171
10008581,100221,1790774158.332665,1790774158.489183
10008582,100221,1790774158.350464,1790774158.489193
10008583,100221,1790774158.366751,1790774158.489204
10008584,100221,1790774158.382451,1790774158.489215
10008585,100221,1790774158.399993,1790774158.489224
10008586,100221,1790774158.416176,1790774158.489235
10008587,100221,1790774158.432647,1790774158.489245
10008588,100221,1790774158.449111,1790774158.489255
10008589,100221,1790774158.469941,1790774158.489265
10008590,100221,1790774158.488313,1790774158.698669
10008591,100221,1790774158.508387,1790774158.698711
10008592,100221,1790774158.516232,1790774158.698723
10008593,100221,1790774158.533159,1790774158.698733
10008594,100221,1790774158.549923,1790774158.698743
10008595,100221,1790774158.566232,1790774158.698752
10008596,100221,1790774158.582694,1790774158.698761
10008597,100221,1790774158.600117,1790774158.698771
10008598,100221,1790774158.615689,1790774158.698779
10008599,100221,1790774158.632952,1790774158.698788
10008600,100221,1790774158.649682,1790774158.698797
10008601,100221,1790774158.666189,1790774158.698806
10008602,100221,1790774158.682591,1790774158.698816
10008603,100221,1790774158.700462,1790774158.907292
10008604,100221,1790774158.715458,1790774158.907330
10008605,100221,1790774158.732678,1790774158.907341
10008606,100221,1790774158.749908,1790774158.907349
10008607,100221,1790774158.766366,1790774158.907357
10008608,100221,1790774158.782861,1790774158.907365
10008609,100221,1790774158.799807,1790774158.907372
10008610,100221,1790774158.815987,1790774158.907380
10008611,100221,1790774158.838545,1790774158.907387
10008612,100221,1790774158.850447,1790774158.907393
10008613,100221,1790774158.865925,1790774158.907400
10008614,100221,1790774158.883355,1790774158.907407
10008615,100221,1790774158.900063,1790774159.116350
10008616,100221,1790774158.916050,1790774159.116398
10008617,100221,1790774158.933019,1790774159.116413
10008618,100221,1790774158.949620,1790774159.116425
10008619,100221,1790774158.966731,1790774159.116435
10008620,100221,1790774158.983428,1790774159.116446
10008621,100221,1790774159.000010,1790774159.116457
10008622,100221,1790774159.016389,1790774159.116468
10008623,100221,1790774159.033014,1790774159.116480
10008624,100221,1790774159.049889,1790774159.116491
10008625,100221,1790774159.065988,1790774159.116503
10008626,100221,1790774159.083280,1790774159.116514
10008627,100221,1790774159.100130,1790774159.116524
10008628,100221,1790774159.116668,1790774159.324690
10008629,100221,1790774159.132643,1790774159.324725
10008630,100221,1790774159.149970,1790774159.324734
10008631,100221,1790774159.166234,1790774159.324742
10008632,100221,1790774159.183319,1790774159.324749
10008633,100221,1790774159.199599,1790774159.324756
10008634,100221,1790774159.215901,1790774159.324762
10008635,100221,1790774159.233021,1790774159.324768
10008636,100221,1790774159.249526,1790774159.324775
10008637,100221,1790774159.266030,1790774159.324781
10008638,100221,1790774159.283376,1790774159.324787
10008639,100221,1790774159.299627,1790774159.324793
10008640,100221,1790774159.315583,1790774159.324799
10008641,100221,1790774159.332379,1790774159.535947
10008642,100221,1790774159.350007,1790774159.536057
10008643,100221,1790774159.366362,1790774159.536075
10008644,100221,1790774159.383496,1790774159.536087
10008645,100221,1790774159.400149,1790774159.536098
10008646,100221,1790774159.416103,1790774159.536109
10008647,100221,1790774159.433055,1790774159.536121
10008648,100221,1790774159.449537,1790774159.536133
10008649,100221,1790774159.466479,1790774159.536143
10008650,100221,1790774159.482737,1790774159.536154
10008651,100221,1790774159.500235,1790774159.536165
10008652,100221,1790774159.515839,1790774159.536176
10008653,100221,1790774159.538743,1790774159.746238
10008654,100221,1790774159.550298,1790774159.746285
10008655,100221,1790774159.566195,1790774159.746297
10008656,100221,1790774159.587257,1790774159.746307
10008657,100221,1790774159.600351,1790774159.746316
10008658,100221,1790774159.616469,1790774159.746335
10008659,100221,1790774159.633210,1790774159.746345
10008660,100221,1790774159.650443,1790774159.746355
10008661,100221,1790774159.666251,1790774159.746366
10008662,100221,1790774159.683006,1790774159.746377
10008663,100221,1790774159.699380,1790774159.746388
10008664,100221,1790774159.715895,1790774159.746398
10008665,100221,1790774159.732685,1790774159.746408
10008666,100221,1790774159.749671,1790774159.956468
10008667,100221,1790774159.765619,1790774159.956503
10008668,100221,1790774159.783074,1790774159.956513
10008669,100221,1790774159.800157,1790774159.956520
10008670,100221,1790774159.816269,1790774159.956527
10008671,100221,1790774159.832674,1790774159.956534
10008672,100221,1790774159.849329,1790774159.956541
10008673,100221,1790774159.865990,1790774159.956548
10008674,100221,1790774159.882600,1790774159.956554
10008675,100221,1790774159.899603,1790774159.956561
10008676,100221,1790774159.916072,1790774159.956567
10008677,100221,1790774159.933579,1790774159.956573
10008678,100221,1790774159.950267,1790774160.403106
10008679,100221,1790774159.966158,1790774160.403187
10008680,100221,1790774159.983640,1790774160.403201
10008681,100221,1790774160.016614,1790774160.403212
10008682,100221,1790774160.059784,1790774160.403223
10008683,100221,1790774160.096629,1790774160.403234
10008684,100221,1790774160.113585,1790774160.403456
10008685,100221,1790774160.131847,1790774160.403471
10008686,100221,1790774160.215888,1790774160.725191
10008687,100221,1790774160.236842,1790774160.725233
10008688,100221,1790774160.237442,1790774160.725253
10008689,100221,1790774160.262555,1790774160.725261
10008690,100221,1790774160.278418,1790774160.725269
10008691,100221,1790774160.287449,1790774160.725276
10008692,100221,1790774160.287966,1790774160.725283
10008693,100221,1790774160.341274,1790774160.725303
10008694,100221,1790774160.336140,1790774160.725290
10008695,100221,1790774160.340485,1790774160.725296
10008696,100221,1790774160.447098,1790774160.725309
10008697,100221,1790774160.460718,1790774160.725322
10008698,100221,1790774160.456039,1790774160.725316
10008699,100221,1790774160.493910,1790774160.725328
10008700,100221,1790774160.502614,1790774160.725391
10008701,100221,1790774160.494823,1790774160.725384
10008702,100221,1790774160.617285,1790774160.725417
10008703,100221,1790774160.523473,1790774160.725403
10008704,100221,1790774160.512082,1790774160.725397
10008705,100221,1790774160.574437,1790774160.725410
10008706,100221,1790774160.619761,1790774160.725423
10008707,100221,1790774160.642895,1790774160.725580
10008708,100221,1790774160.639338,1790774160.725429
10008709,100221,1790774160.641404,1790774160.725574
10008710,100221,1790774160.644452,1790774160.725593
10008711,100221,1790774160.643026,1790774160.725587
10008712,100221,1790774160.669718,1790774160.725599
10008713,100221,1790774160.679192,1790774160.942939
10008714,100221,1790774160.674502,1790774160.725613
10008715,100221,1790774160.688469,1790774160.942980
10008716,100221,1790774160.678742,1790774160.725619
10008717,100221,1790774160.688926,1790774160.942988
10008718,100221,1790774160.692486,1790774160.943002
10008719,100221,1790774160.681108,1790774160.942971
10008720,100221,1790774160.689079,1790774160.942996
10008721,100221,1790774160.693425,1790774160.943009
10008722,100221,1790774160.705412,1790774160.943016
10008723,100221,1790774160.708530,1790774160.943022
10008724,100221,1790774160.717602,1790774160.943028
10008725,100221,1790774160.735785,1790774160.943034
10008726,100221,1790774160.750563,1790774160.943040
10008727,100221,1790774160.766933,1790774160.943047
10008728,100221,1790774160.784338,1790774160.943054
10008729,100221,1790774160.800361,1790774160.943069
10008730,100221,1790774160.816784,1790774160.943076
10008731,100221,1790774160.832775,1790774160.943081
10008732,100221,1790774160.850876,1790774160.943087
10008733,100221,1790774160.867220,1790774160.943093
10008734,100221,1790774160.883634,1790774160.943099
10008735,100221,1790774160.900693,1790774160.943104
10008736,100221,1790774160.916512,1790774160.943110
10008737,100221,1790774160.933862,1790774161.165862
10008738,100221,1790774160.949498,1790774161.165912
10008739,100221,1790774160.966526,1790774161.165921
10008740,100221,1790774160.983862,1790774161.165928
10008741,100221,1790774160.999965,1790774161.165936
10008742,100221,1790774161.018347,1790774161.165943
10008743,100221,1790774161.033552,1790774161.165950
10008744,100221,1790774161.051292,1790774161.165957
10008745,100221,1790774161.071203,1790774161.165963
10008746,100221,1790774161.083296,1790774161.165969
10008747,100221,1790774161.104804,1790774161.165975
10008748,100221,1790774161.129544,1790774161.165981
10008749,100221,1790774161.146647,1790774161.379471
10008750,100221,1790774161.152438,1790774161.379503
10008751,100221,1790774161.181737,1790774161.379512
10008752,100221,1790774161.183486,1790774161.379519
10008753,100221,1790774161.201681,1790774161.379525
10008754,100221,1790774161.220074,1790774161.379532
10008755,100221,1790774161.234543,1790774161.379538
10008756,100221,1790774161.258806,1790774161.379544
10008757,100221,1790774161.274837,1790774161.379550
10008758,100221,1790774161.285856,1790774161.379555
10008759,100221,1790774161.303232,1790774161.379561
10008760,100221,1790774161.320572,1790774161.379568
10008761,100221,1790774161.333705,1790774161.379575
10008762,100221,1790774161.350682,1790774161.379582
10008763,100221,1790774161.370190,1790774161.634843
10008764,100221,1790774161.383470,1790774161.634887
10008765,100221,1790774161.426509,1790774161.634901
10008766,100221,1790774161.439113,1790774161.634914
10008767,100221,1790774161.448876,1790774161.634926
10008768,100221,1790774161.468297,1790774161.634937
10008769,100221,1790774161.472656,1790774161.634947
10008770,100221,1790774161.498675,1790774161.634956
10008771,100221,1790774161.506964,1790774161.634966
10008772,100221,1790774161.524047,1790774161.634975
10008773,100221,1790774161.535207,1790774161.634985
10008774,100221,1790774161.566505,1790774161.634995
10008775,100221,1790774161.618076,1790774161.852369
10008776,100221,1790774161.629975,1790774161.852757
10008777,100221,1790774161.628714,1790774161.852655
10008778,100221,1790774161.633421,1790774161.852777
10008779,100221,1790774161.640011,1790774161.852788
10008780,100221,1790774161.650359,1790774161.853002
10008781,100221,1790774161.670572,1790774161.853015
10008782,100221,1790774161.693890,1790774161.853025
10008783,100221,1790774161.704102,1790774161.853045
10008784,100221,1790774161.733352,1790774161.853056
10008785,100221,1790774161.738117,1790774161.853066
10008786,100221,1790774161.795510,1790774161.853076
10008787,100221,1790774161.798029,1790774161.853086
10008788,100221,1790774161.809155,1790774161.853096
10008789,100221,1790774161.815767,1790774161.853107
10008790,100221,1790774161.822996,1790774161.853117
10008791,100221,1790774161.833998,1790774161.853127
10008792,100221,1790774161.858725,1790774162.069741
10008793,100221,1790774161.870568,1790774162.069788
10008794,100221,1790774161.884638,1790774162.069803
10008795,100221,1790774161.905230,1790774162.069815
10008796,100221,1790774161.926328,1790774162.069827
10008797,100221,1790774161.938807,1790774162.069840
10008798,100221,1790774161.961257,1790774162.069852
10008799,100221,1790774162.000589,1790774162.069865
10008800,100221,1790774162.004096,1790774162.069877
10008801,100221,1790774162.009795,1790774162.069891
10008802,100221,1790774162.037389,1790774162.069906
10008803,100221,1790774162.038895,1790774162.069918
10008804,100221,1790774162.055484,1790774162.069931
10008805,100221,1790774162.069522,1790774162.287370
10008806,100221,1790774162.096941,1790774162.287405
10008807,100221,1790774162.102121,1790774162.287415
10008808,100221,1790774162.121127,1790774162.287423
10008809,100221,1790774162.138346,1790774162.287465
10008810,100221,1790774162.155259,1790774162.287477
10008811,100221,1790774162.167643,1790774162.287486
10008812,100221,1790774162.185507,1790774162.287496
10008813,100221,1790774162.202303,1790774162.287504
10008814,100221,1790774162.219880,1790774162.287512
10008815,100221,1790774162.241263,1790774162.287520
10008816,100221,1790774162.255469,1790774162.287530
10008817,100221,1790774162.270067,1790774162.287539
10008818,100221,1790774162.284124,1790774162.500179
10008819,100221,1790774162.302119,1790774162.500225
10008820,100221,1790774162.331572,1790774162.500253
10008821,100221,1790774162.334334,1790774162.500266
10008822,100221,1790774162.356624,1790774162.500278
10008823,100221,1790774162.380240,1790774162.500291
10008824,100221,1790774162.388950,1790774162.500302
10008825,100221,1790774162.401175,1790774162.500313
10008826,100221,1790774162.425570,1790774162.500325
10008827,100221,1790774162.433907,1790774162.500336
10008828,100221,1790774162.455947,1790774162.500347
10008829,100221,1790774162.467229,1790774162.500359
10008830,100221,1790774162.485932,1790774162.500370
10008831,100221,1790774162.501741,1790774162.715942
10008832,100221,1790774162.517846,1790774162.715983
10008833,100221,1790774162.533292,1790774162.715996
10008834,100221,1790774162.553125,1790774162.716007
10008835,100221,1790774162.566273,1790774162.716018
10008836,100221,1790774162.585616,1790774162.716029
10008837,100221,1790774162.623196,1790774162.716050
10008838,100221,1790774162.623195,1790774162.716040
10008839,100221,1790774162.633662,1790774162.716059
10008840,100221,1790774162.655990,1790774162.716069
10008841,100221,1790774162.667128,1790774162.716079
10008842,100221,1790774162.683937,1790774162.716090
10008843,100221,1790774162.700090,1790774162.716101
10008844,100221,1790774162.716080,1790774162.927585
10008845,100221,1790774162.735001,1790774162.927618
10008846,100221,1790774162.753309,1790774162.927628
10008847,100221,1790774162.767586,1790774162.927635
10008848,100221,1790774162.784176,1790774162.927642
10008849,100221,1790774162.799979,1790774162.927649
10008850,100221,1790774162.816251,1790774162.927656
10008851,100221,1790774162.832817,1790774162.927663
10008852,100221,1790774162.850579,1790774162.927670
10008853,100221,1790774162.866444,1790774162.927676
10008854,100221,1790774162.883614,1790774162.927683
10008855,100221,1790774162.900256,1790774162.927695
10008856,100221,1790774162.916703,1790774162.927702
10008857,100221,1790774162.933073,1790774163.138379
10008858,100221,1790774162.951032,1790774163.138566
10008859,100221,1790774162.966906,1790774163.138582
10008860,100221,1790774162.984949,1790774163.138594
10008861,100221,1790774162.999405,1790774163.138604
10008862,100221,1790774163.021744,1790774163.138613
10008863,100221,1790774163.032981,1790774163.139353
10008864,100221,1790774163.055031,1790774163.139387
10008865,100221,1790774163.072407,1790774163.139399
10008866,100221,1790774163.089268,1790774163.139411
10008867,100221,1790774163.103136,1790774163.139422
10008868,100221,1790774163.118261,1790774163.139434
10008869,100221,1790774163.133708,1790774163.352042
10008870,100221,1790774163.152197,1790774163.352112
10008871,100221,1790774163.166615,1790774163.352121
10008872,100221,1790774163.184887,1790774163.352128
10008873,100221,1790774163.201760,1790774163.352136
10008874,100221,1790774163.224788,1790774163.352143
10008875,100221,1790774163.234466,1790774163.352149
10008876,100221,1790774163.250798,1790774163.352156
10008877,100221,1790774163.266091,1790774163.352163
10008878,100221,1790774163.283685,1790774163.352172
10008879,100221,1790774163.301724,1790774163.352180
10008880,100221,1790774163.317225,1790774163.352187
10008881,100221,1790774163.333874,1790774163.352202
10008882,100221,1790774163.350437,1790774163.565500
10008883,100221,1790774163.367374,1790774163.565545
10008884,100221,1790774163.386518,1790774163.565559
10008885,100221,1790774163.400762,1790774163.565571
10008886,100221,1790774163.418066,1790774163.565582
10008887,100221,1790774163.434731,1790774163.565593
10008888,100221,1790774163.450059,1790774163.565603
10008889,100221,1790774163.471115,1790774163.565612
10008890,100221,1790774163.493953,1790774163.565622
10008891,100221,1790774163.502176,1790774163.565632
10008892,100221,1790774163.522368,1790774163.565641
10008893,100221,1790774163.533084,1790774163.565650
10008894,100221,1790774163.553272,1790774163.565658
10008895,100221,1790774163.567111,1790774163.776626
10008896,100221,1790774163.587069,1790774163.776659
10008897,100221,1790774163.601957,1790774163.776668
10008898,100221,1790774163.633204,1790774163.776676
10008899,100221,1790774163.634649,1790774163.776683
10008900,100221,1790774163.651838,1790774163.776690
10008901,100221,1790774163.668822,1790774163.776697
10008902,100221,1790774163.685572,1790774163.776704
10008903,100221,1790774163.700252,1790774163.776710
10008904,100221,1790774163.719392,1790774163.776717
10008905,100221,1790774163.736049,1790774163.776723
10008906,100221,1790774163.751117,1790774163.776729
10008907,100221,1790774163.766633,1790774163.776735
10008908,100221,1790774163.786555,1790774163.986288
10008909,100221,1790774163.800234,1790774163.986319
10008910,100221,1790774163.816835,1790774163.986328
10008911,100221,1790774163.832999,1790774163.986336
10008912,100221,1790774163.853029,1790774163.986343
10008913,100221,1790774163.866091,1790774163.986350
10008914,100221,1790774163.888097,1790774163.986356
10008915,100221,1790774163.899843,1790774163.986362
10008916,100221,1790774163.917060,1790774163.986368
10008917,100221,1790774163.934397,1790774163.986374
10008918,100221,1790774163.952100,1790774163.986380
10008919,100221,1790774163.971295,1790774163.986386
10008920,100221,1790774163.983245,1790774164.194650
10008921,100221,1790774164.002795,1790774164.194685
10008922,100221,1790774164.019320,1790774164.194695
10008923,100221,1790774164.035745,1790774164.194702
10008924,100221,1790774164.052009,1790774164.194709
10008925,100221,1790774164.068490,1790774164.194716
10008926,100221,1790774164.083342,1790774164.194722
10008927,100221,1790774164.102016,1790774164.194729
10008928,100221,1790774164.116817,1790774164.194735
10008929,100221,1790774164.135265,1790774164.194741
10008930,100221,1790774164.150432,1790774164.194749
10008931,100221,1790774164.167112,1790774164.194755
10008932,100221,1790774164.184449,1790774164.194761
10008933,100221,1790774164.200063,1790774164.412264
10008934,100221,1790774164.216026,1790774164.412366
10008935,100221,1790774164.233205,1790774164.412381
10008936,100221,1790774164.250246,1790774164.412394
10008937,100221,1790774164.266500,1790774164.412405
10008938,100221,1790774164.282952,1790774164.412422
10008939,100221,1790774164.299685,1790774164.412433
10008940,100221,1790774164.316042,1790774164.412445
10008941,100221,1790774164.333645,1790774164.412457
10008942,100221,1790774164.350296,1790774164.412470
10008943,100221,1790774164.366221,1790774164.412481
10008944,100221,1790774164.383354,1790774164.412492
10008945,100221,1790774164.401232,1790774164.621903
10008946,100221,1790774164.417110,1790774164.621935
10008947,100221,1790774164.437029,1790774164.621944
10008948,100221,1790774164.449773,1790774164.621952
10008949,100221,1790774164.467042,1790774164.621960
10008950,100221,1790774164.483535,1790774164.621966
10008951,100221,1790774164.501990,1790774164.621973
10008952,100221,1790774164.518433,1790774164.621979
10008953,100221,1790774164.533585,1790774164.621985
10008954,100221,1790774164.549306,1790774164.621992
10008955,100221,1790774164.565810,1790774164.621997
10008956,100221,1790774164.583272,1790774164.622004
10008957,100221,1790774164.599798,1790774164.622010
10008958,100221,1790774164.616367,1790774164.829161
10008959,100221,1790774164.632981,1790774164.829194
10008960,100221,1790774164.649760,1790774164.829203
10008961,100221,1790774164.665804,1790774164.829210
10008962,100221,1790774164.682581,1790774164.829216
10008963,100221,1790774164.699074,1790774164.829222
10008964,100221,1790774164.715765,1790774164.829229
10008965,100221,1790774164.732972,1790774164.829236
10008966,100221,1790774164.749559,1790774164.829242
10008967,100221,1790774164.765649,1790774164.829249
10008968,100221,1790774164.783031,1790774164.829256
10008969,100221,1790774164.799401,1790774164.829271
10008970,100221,1790774164.816013,1790774164.829277
10008971,100221,1790774164.832712,1790774165.038610
10008972,100221,1790774164.850124,1790774165.038643
10008973,100221,1790774164.865782,1790774165.038652
10008974,100221,1790774164.883173,1790774165.038660
10008975,100221,1790774164.900092,1790774165.038667
10008976,100221,1790774164.916156,1790774165.038673
10008977,100221,1790774164.932503,1790774165.038679
10008978,100221,1790774164.950209,1790774165.038686
10008979,100221,1790774164.965904,1790774165.038694
10008980,100221,1790774164.983509,1790774165.038700
10008981,100221,1790774165.000048,1790774165.038707
10008982,100221,1790774165.019223,1790774165.038713
10008983,100221,1790774165.033198,1790774165.246548
10008984,100221,1790774165.049810,1790774165.246595
10008985,100221,1790774165.066419,1790774165.246608
10008986,100221,1790774165.083170,1790774165.246620
10008987,100221,1790774165.100829,1790774165.246632
10008988,100221,1790774165.117814,1790774165.246644
10008989,100221,1790774165.136121,1790774165.246656
10008990,100221,1790774165.150710,1790774165.246668
10008991,100221,1790774165.165731,1790774165.246681
10008992,100221,1790774165.182718,1790774165.246693
10008993,100221,1790774165.200551,1790774165.246704
10008994,100221,1790774165.216432,1790774165.246715
10008995,100221,1790774165.233438,1790774165.246726
10008996,100221,1790774165.249170,1790774165.454035
10008997,100221,1790774165.265882,1790774165.454066
10008998,100221,1790774165.283756,1790774165.454076
10008999,100221,1790774165.300048,1790774165.454083
10009000,100221,1790774165.316544,1790774165.454091
10009001,100221,1790774165.332917,1790774165.454100
10009002,100221,1790774165.349267,1790774165.454106
10009003,100221,1790774165.365818,1790774165.454113
10009004,100221,1790774165.384730,1790774165.454120
10009005,100221,1790774165.406908,1790774165.454126
10009006,100221,1790774165.421816,1790774165.454132
10009007,100221,1790774165.432799,1790774165.454138
10009008,100221,1790774165.450061,1790774165.666212
10009009,100221,1790774165.466337,1790774165.666259
10009010,100221,1790774165.483612,1790774165.666273
10009011,100221,1790774165.499387,1790774165.666284
10009012,100221,1790774165.515897,1790774165.666296
10009013,100221,1790774165.532843,1790774165.666307
10009014,100221,1790774165.549514,1790774165.666318
10009015,100221,1790774165.566541,1790774165.666330
10009016,100221,1790774165.583503,1790774165.666341
10009017,100221,1790774165.600001,1790774165.666353
10009018,100221,1790774165.615872,1790774165.666363
10009019,100221,1790774165.633580,1790774165.666373
10009020,100221,1790774165.650250,1790774165.666382
10009021,100221,1790774165.666496,1790774165.875855
10009022,100221,1790774165.682842,1790774165.875891
10009023,100221,1790774165.702054,1790774165.875900
10009024,100221,1790774165.716893,1790774165.875907
10009025,100221,1790774165.735002,1790774165.875914
10009026,100221,1790774165.750332,1790774165.875921
10009027,100221,1790774165.768172,1790774165.875928
10009028,100221,1790774165.786564,1790774165.875934
10009029,100221,1790774165.804491,1790774165.875940
10009030,100221,1790774165.818215,1790774165.875946
10009031,100221,1790774165.834386,1790774165.875953
10009032,100221,1790774165.850426,1790774165.875960
10009033,100221,1790774165.866517,1790774165.875967
10009034,100221,1790774165.884022,1790774166.087641
10009035,100221,1790774165.901081,1790774166.087687
10009036,100221,1790774165.918094,1790774166.087704
10009037,100221,1790774165.934181,1790774166.087717
10009038,100221,1790774165.951193,1790774166.087729
10009039,100221,1790774165.967398,1790774166.087787
10009040,100221,1790774165.982971,1790774166.087799
10009041,100221,1790774166.003399,1790774166.087809
10009042,100221,1790774166.019011,1790774166.087819
10009043,100221,1790774166.034231,1790774166.087829
10009044,100221,1790774166.056341,1790774166.087839
10009045,100221,1790774166.066666,1790774166.087849
10009046,100221,1790774166.082869,1790774166.297323
10009047,100221,1790774166.100958,1790774166.297516
10009048,100221,1790774166.116372,1790774166.297530
10009049,100221,1790774166.135115,1790774166.297545
10009050,100221,1790774166.150076,1790774166.297556
10009051,100221,1790774166.167105,1790774166.297566
10009052,100221,1790774166.183491,1790774166.297576
10009053,100221,1790774166.200042,1790774166.297586
10009054,100221,1790774166.215909,1790774166.297597
10009055,100221,1790774166.233127,1790774166.297607
10009056,100221,1790774166.249911,1790774166.297618
10009057,100221,1790774166.266574,1790774166.297628
10009058,100221,1790774166.282838,1790774166.297639
10009059,100221,1790774166.299597,1790774166.508247
10009060,100221,1790774166.315947,1790774166.508300
10009061,100221,1790774166.333151,1790774166.508314
10009062,100221,1790774166.350668,1790774166.508325
10009063,100221,1790774166.367585,1790774166.508335
10009064,100221,1790774166.382915,1790774166.508345
10009065,100221,1790774166.399437,1790774166.508356
10009066,100221,1790774166.415285,1790774166.508365
10009067,100221,1790774166.432552,1790774166.508375
10009068,100221,1790774166.450067,1790774166.508386
10009069,100221,1790774166.482046,1790774166.508397
10009070,100221,1790774166.488194,1790774166.508408
10009071,100221,1790774166.499748,1790774166.508419
10009072,100221,1790774166.516975,1790774166.723445
10009073,100221,1790774166.534777,1790774166.723489
10009074,100221,1790774166.549564,1790774166.723515
10009075,100221,1790774166.568213,1790774166.723527
10009076,100221,1790774166.583117,1790774166.723539
10009077,100221,1790774166.600374,1790774166.723550
10009078,100221,1790774166.645416,1790774166.723562
10009079,100221,1790774166.647429,1790774166.723573
10009080,100221,1790774166.658225,1790774166.723584
10009081,100221,1790774166.677644,1790774166.723596
10009082,100221,1790774166.689791,1790774166.723608
10009083,100221,1790774166.700107,1790774166.723619
10009084,100221,1790774166.716516,1790774166.934697
10009085,100221,1790774166.733433,1790774166.934747
10009086,100221,1790774166.749596,1790774166.934761
10009087,100221,1790774166.765824,1790774166.934774
10009088,100221,1790774166.782967,1790774166.934786
10009089,100221,1790774166.798950,1790774166.934798
10009090,100221,1790774166.816369,1790774166.934809
10009091,100221,1790774166.832870,1790774166.934819
10009092,100221,1790774166.849135,1790774166.934830
10009093,100221,1790774166.866521,1790774166.934851
10009094,100221,1790774166.882902,1790774166.934861
10009095,100221,1790774166.899634,1790774166.934868
10009096,100221,1790774166.916146,1790774166.934874
10009097,100221,1790774166.934958,1790774167.151689
10009098,100221,1790774166.950099,1790774167.151774
10009099,100221,1790774166.966600,1790774167.151787
10009100,100221,1790774166.983412,1790774167.151797
10009101,100221,1790774167.000579,1790774167.151848
10009102,100221,1790774167.017509,1790774167.151860
10009103,100221,1790774167.036383,1790774167.151870
10009104,100221,1790774167.050248,1790774167.151879
10009105,100221,1790774167.068221,1790774167.151889
10009106,100221,1790774167.085092,1790774167.152279
10009107,100221,1790774167.101257,1790774167.152298
10009108,100221,1790774167.120026,1790774167.152309
10009109,100221,1790774167.135867,1790774167.372907
10009110,100221,1790774167.171718,1790774167.372997
10009111,100221,1790774167.175817,1790774167.373014
10009112,100221,1790774167.191933,1790774167.373027
10009113,100221,1790774167.218287,1790774167.373038
10009114,100221,1790774167.219671,1790774167.373052
10009115,100221,1790774167.233409,1790774167.373067
10009116,100221,1790774167.263397,1790774167.373080
10009117,100221,1790774167.268994,1790774167.373157
10009118,100221,1790774167.290168,1790774167.373167
10009119,100221,1790774167.314682,1790774167.373177
10009120,100221,1790774167.317601,1790774167.373187
10009121,100221,1790774167.332818,1790774167.373198
10009122,100221,1790774167.363893,1790774167.595393
10009123,100221,1790774167.368576,1790774167.595437
10009124,100221,1790774167.384524,1790774167.595452
10009125,100221,1790774167.404268,1790774167.595466
10009126,100221,1790774167.421146,1790774167.595479
10009127,100221,1790774167.433690,1790774167.595491
10009128,100221,1790774167.449635,1790774167.595503
10009129,100221,1790774167.474003,1790774167.595516
10009130,100221,1790774167.492717,1790774167.595527
10009131,100221,1790774167.505854,1790774167.595539
10009132,100221,1790774167.520848,1790774167.595551
10009133,100221,1790774167.533832,1790774167.595563
10009134,100221,1790774167.550278,1790774167.595800
10009135,100221,1790774167.568656,1790774167.595812
10009136,100221,1790774167.588658,1790774167.809835
10009137,100221,1790774167.601084,1790774167.809887
10009138,100221,1790774167.617949,1790774167.809903
10009139,100221,1790774167.634227,1790774167.809914
10009140,100221,1790774167.650731,1790774167.809926
10009141,100221,1790774167.666900,1790774167.809936
10009142,100221,1790774167.683190,1790774167.809946
10009143,100221,1790774167.700650,1790774167.809957
10009144,100221,1790774167.719840,1790774167.809969
10009145,100221,1790774167.734330,1790774167.809980
10009146,100221,1790774167.751382,1790774167.809991
10009147,100221,1790774167.776029,1790774167.810043
10009148,100221,1790774167.785210,1790774167.810058
10009149,100221,1790774167.801178,1790774168.024318
10009150,100221,1790774167.820572,1790774168.024360
10009151,100221,1790774167.833850,1790774168.024370
10009152,100221,1790774167.851855,1790774168.024380
10009153,100221,1790774167.869749,1790774168.024396
10009154,100221,1790774167.883363,1790774168.024406
10009155,100221,1790774167.900063,1790774168.024416
10009156,100221,1790774167.915786,1790774168.024424
10009157,100221,1790774167.933213,1790774168.024431
10009158,100221,1790774167.950168,1790774168.024440
10009159,100221,1790774167.966559,1790774168.024448
10009160,100221,1790774167.983274,1790774168.024456
10009161,100221,1790774168.000396,1790774168.024464
10009162,100221,1790774168.017477,1790774168.237868
10009163,100221,1790774168.035303,1790774168.238021
10009164,100221,1790774168.051144,1790774168.238033
10009165,100221,1790774168.066164,1790774168.238041
10009166,100221,1790774168.083512,1790774168.238052
10009167,100221,1790774168.102894,1790774168.238060
10009168,100221,1790774168.118319,1790774168.238067
10009169,100221,1790774168.134441,1790774168.238079
10009170,100221,1790774168.150861,1790774168.238086
10009171,100221,1790774168.168496,1790774168.238095
10009172,100221,1790774168.185126,1790774168.238102
10009173,100221,1790774168.203955,1790774168.238110
10009174,100221,1790774168.219070,1790774168.238117
10009175,100221,1790774168.234312,1790774168.457879
10009176,100221,1790774168.255848,1790774168.457954
10009177,100221,1790774168.268242,1790774168.457973
10009178,100221,1790774168.285260,1790774168.457987
10009179,100221,1790774168.301005,1790774168.458000
10009180,100221,1790774168.317967,1790774168.458013
10009181,100221,1790774168.343579,1790774168.458025
10009182,100221,1790774168.362387,1790774168.458037
10009183,100221,1790774168.371704,1790774168.458048
10009184,100221,1790774168.396838,1790774168.458060
10009185,100221,1790774168.404052,1790774168.458073
10009186,100221,1790774168.417511,1790774168.458087
10009187,100221,1790774168.439338,1790774168.458099
10009188,100221,1790774168.449806,1790774168.670206
10009189,100221,1790774168.501703,1790774168.670272
10009190,100221,1790774168.500007,1790774168.670257
10009191,100221,1790774168.514473,1790774168.670284
10009192,100221,1790774168.520665,1790774168.670295
10009193,100221,1790774168.534458,1790774168.670304
10009194,100221,1790774168.556949,1790774168.670314
10009195,100221,1790774168.569776,1790774168.670324
10009196,100221,1790774168.584507,1790774168.670335
10009197,100221,1790774168.613241,1790774168.670345
10009198,100221,1790774168.630284,1790774168.670357
10009199,100221,1790774168.638580,1790774168.670368
10009200,100221,1790774168.652383,1790774168.670380
10009201,100221,1790774168.671727,1790774168.884793
10009202,100221,1790774168.684264,1790774168.884841
10009203,100221,1790774168.700580,1790774168.884854
10009204,100221,1790774168.717795,1790774168.884865
10009205,100221,1790774168.733661,1790774168.884877
10009206,100221,1790774168.751154,1790774168.884888
10009207,100221,1790774168.767118,1790774168.884898
10009208,100221,1790774168.782994,1790774168.884909
10009209,100221,1790774168.799426,1790774168.884921
10009210,100221,1790774168.816608,1790774168.884939
10009211,100221,1790774168.834159,1790774168.884950
10009212,100221,1790774168.853565,1790774168.884961
10009213,100221,1790774168.867507,1790774168.884969
10009214,100221,1790774168.883251,1790774169.097979
10009215,100221,1790774168.900656,1790774169.098031
10009216,100221,1790774168.917108,1790774169.098053
10009217,100221,1790774168.932958,1790774169.098067
10009218,100221,1790774168.951391,1790774169.098079
10009219,100221,1790774168.968364,1790774169.098091
10009220,100221,1790774168.986755,1790774169.098103
10009221,100221,1790774169.002528,1790774169.098393
10009222,100221,1790774169.028589,1790774169.098409
10009223,100221,1790774169.035381,1790774169.098421
10009224,100221,1790774169.050323,1790774169.098433
10009225,100221,1790774169.069133,1790774169.098445
10009226,100221,1790774169.084414,1790774169.098457
10009227,100221,1790774169.101306,1790774169.308780
10009228,100221,1790774169.118180,1790774169.308963
10009229,100221,1790774169.135276,1790774169.308973
10009230,100221,1790774169.161013,1790774169.309294
10009231,100221,1790774169.166730,1790774169.309305
10009232,100221,1790774169.184894,1790774169.309311
10009233,100221,1790774169.206334,1790774169.309320
10009234,100221,1790774169.226911,1790774169.309327
10009235,100221,1790774169.246463,1790774169.309411
10009236,100221,1790774169.254330,1790774169.309422
10009237,100221,1790774169.269624,1790774169.309431
10009238,100221,1790774169.282782,1790774169.309442
10009239,100221,1790774169.300172,1790774169.309452
10009240,100221,1790774169.316019,1790774169.518815
10009241,100221,1790774169.332649,1790774169.518851
10009242,100221,1790774169.350041,1790774169.518862
10009243,100221,1790774169.365633,1790774169.518871
10009244,100221,1790774169.383559,1790774169.518879
10009245,100221,1790774169.399850,1790774169.518887
10009246,100221,1790774169.416659,1790774169.518894
10009247,100221,1790774169.433509,1790774169.518902
10009248,100221,1790774169.449909,1790774169.518908
10009249,100221,1790774169.466338,1790774169.518915
10009250,100221,1790774169.482560,1790774169.518922
10009251,100221,1790774169.500279,1790774169.518931
10009252,100221,1790774169.515390,1790774169.727910
10009253,100221,1790774169.534326,1790774169.727945
10009254,100221,1790774169.549949,1790774169.727956
10009255,100221,1790774169.566059,1790774169.727964
10009256,100221,1790774169.584005,1790774169.727972
10009257,100221,1790774169.599714,1790774169.727978
10009258,100221,1790774169.617013,1790774169.727985
10009259,100221,1790774169.634028,1790774169.727991
10009260,100221,1790774169.650185,1790774169.727997
10009261,100221,1790774169.669219,1790774169.728004
10009262,100221,1790774169.683152,1790774169.728011
10009263,100221,1790774169.699755,1790774169.728019
10009264,100221,1790774169.716480,1790774169.728026
10009265,100221,1790774169.733694,1790774169.938220
10009266,100221,1790774169.749231,1790774169.938444
10009267,100221,1790774169.767372,1790774169.938455
10009268,100221,1790774169.783578,1790774169.938463
10009269,100221,1790774169.800674,1790774169.938470
10009270,100221,1790774169.816032,1790774169.938476
10009271,100221,1790774169.832660,1790774169.938482
10009272,100221,1790774169.850175,1790774169.938488
10009273,100221,1790774169.865828,1790774169.938495
10009274,100221,1790774169.883587,1790774169.938503
10009275,100221,1790774169.900486,1790774169.938509
10009276,100221,1790774169.916826,1790774169.938516
10009277,100221,1790774169.933499,1790774170.150604
10009278,100221,1790774169.950447,1790774170.150636
10009279,100221,1790774169.966560,1790774170.150646
10009280,100221,1790774169.983423,1790774170.150655
10009281,100221,1790774170.000508,1790774170.150663
10009282,100221,1790774170.019738,1790774170.150669
10009283,100221,1790774170.035279,1790774170.150676
10009284,100221,1790774170.056017,1790774170.150684
10009285,100221,1790774170.067234,1790774170.150691
10009286,100221,1790774170.084492,1790774170.150697
10009287,100221,1790774170.100062,1790774170.150703
10009288,100221,1790774170.118160,1790774170.150709
10009289,100221,1790774170.133665,1790774170.150715
10009290,100221,1790774170.150937,1790774170.360552
10009291,100221,1790774170.165673,1790774170.360586
10009292,100221,1790774170.182348,1790774170.360595
10009293,100221,1790774170.199814,1790774170.360603
10009294,100221,1790774170.222825,1790774170.360609
10009295,100221,1790774170.233509,1790774170.360616
10009296,100221,1790774170.250119,1790774170.360623
10009297,100221,1790774170.266771,1790774170.360631
10009298,100221,1790774170.284635,1790774170.360637
10009299,100221,1790774170.300082,1790774170.360644
10009300,100221,1790774170.316292,1790774170.360649
10009301,100221,1790774170.333166,1790774170.360655
10009302,100221,1790774170.349795,1790774170.360661
10009303,100221,1790774170.366113,1790774170.568449
10009304,100221,1790774170.391238,1790774170.568483
10009305,100221,1790774170.403251,1790774170.568491
10009306,100221,1790774170.418606,1790774170.568500
10009307,100221,1790774170.433256,1790774170.568515
10009308,100221,1790774170.450713,1790774170.568527
10009309,100221,1790774170.466422,1790774170.568534
10009310,100221,1790774170.482929,1790774170.568541
10009311,100221,1790774170.499874,1790774170.568548
10009312,100221,1790774170.516143,1790774170.568555
10009313,100221,1790774170.533205,1790774170.568561
10009314,100221,1790774170.551419,1790774170.568567
10009315,100221,1790774170.566834,1790774170.778253
10009316,100221,1790774170.582746,1790774170.778291
10009317,100221,1790774170.599320,1790774170.778301
10009318,100221,1790774170.615632,1790774170.778310
10009319,100221,1790774170.632556,1790774170.778320
10009320,100221,1790774170.650090,1790774170.778328
10009321,100221,1790774170.665661,1790774170.778335
10009322,100221,1790774170.682609,1790774170.778342
10009323,100221,1790774170.700065,1790774170.778349
10009324,100221,1790774170.716206,1790774170.778357
10009325,100221,1790774170.732811,1790774170.778365
10009326,100221,1790774170.749546,1790774170.778373
10009327,100221,1790774170.765525,1790774170.778380
10009328,100221,1790774170.782436,1790774170.990925
10009329,100221,1790774170.799768,1790774170.990960
10009330,100221,1790774170.815624,1790774170.990971
10009331,100221,1790774170.832927,1790774170.990979
10009332,100221,1790774170.849966,1790774170.990987
10009333,100221,1790774170.865847,1790774170.990993
10009334,100221,1790774170.882674,1790774170.991000
10009335,100221,1790774170.900784,1790774170.991007
10009336,100221,1790774170.916952,1790774170.991014
10009337,100221,1790774170.932573,1790774170.991020
10009338,100221,1790774170.950304,1790774170.991026
10009339,100221,1790774170.969075,1790774170.991032
10009340,100221,1790774170.987176,1790774171.201026
10009341,100221,1790774171.000972,1790774171.201075
10009342,100221,1790774171.019132,1790774171.201094
10009343,100221,1790774171.035525,1790774171.201106
10009344,100221,1790774171.059830,1790774171.201118
10009345,100221,1790774171.076942,1790774171.201131
10009346,100221,1790774171.087183,1790774171.201144
10009347,100221,1790774171.101111,1790774171.201153
10009348,100221,1790774171.120520,1790774171.201161
10009349,100221,1790774171.133454,1790774171.201168
10009350,100221,1790774171.149839,1790774171.201177
10009351,100221,1790774171.166317,1790774171.201184
10009352,100221,1790774171.183166,1790774171.201192
10009353,100221,1790774171.200281,1790774171.411980
10009354,100221,1790774171.215789,1790774171.412037
10009355,100221,1790774171.232938,1790774171.412055
10009356,100221,1790774171.249433,1790774171.412069
10009357,100221,1790774171.265531,1790774171.412077
10009358,100221,1790774171.283455,1790774171.412085
10009359,100221,1790774171.299503,1790774171.412092
10009360,100221,1790774171.315573,1790774171.412099
10009361,100221,1790774171.332600,1790774171.412107
10009362,100221,1790774171.349139,1790774171.412114
10009363,100221,1790774171.366450,1790774171.412122
10009364,100221,1790774171.383006,1790774171.412134
10009365,100221,1790774171.399924,1790774171.412141
10009366,100221,1790774171.416734,1790774171.623134
10009367,100221,1790774171.433529,1790774171.623168
10009368,100221,1790774171.450167,1790774171.623178
10009369,100221,1790774171.466542,1790774171.623186
10009370,100221,1790774171.483021,1790774171.623196
10009371,100221,1790774171.499428,1790774171.623203
10009372,100221,1790774171.516580,1790774171.623210
10009373,100221,1790774171.533834,1790774171.623216
10009374,100221,1790774171.550039,1790774171.623223
10009375,100221,1790774171.565911,1790774171.623231
10009376,100221,1790774171.583291,1790774171.623241
10009377,100221,1790774171.600401,1790774171.623247
10009378,100221,1790774171.615976,1790774171.833408
10009379,100221,1790774171.632874,1790774171.833468
10009380,100221,1790774171.650038,1790774171.833480
10009381,100221,1790774171.676018,1790774171.833504
10009382,100221,1790774171.687040,1790774171.833516
10009383,100221,1790774171.700503,1790774171.833526
10009384,100221,1790774171.715999,1790774171.833614
10009385,100221,1790774171.733967,1790774171.833626
10009386,100221,1790774171.749964,1790774171.833640
10009387,100221,1790774171.766367,1790774171.833659
10009388,100221,1790774171.783806,1790774171.833670
10009389,100221,1790774171.800192,1790774171.833679
10009390,100221,1790774171.816651,1790774171.833688
10009391,100221,1790774171.832953,1790774172.045088
10009392,100221,1790774171.850852,1790774172.045180
10009393,100221,1790774171.865680,1790774172.045194
10009394,100221,1790774171.882762,1790774172.045203
10009395,100221,1790774171.899747,1790774172.045210
10009396,100221,1790774171.915634,1790774172.045217
10009397,100221,1790774171.933175,1790774172.045224
10009398,100221,1790774171.950241,1790774172.045231
10009399,100221,1790774171.965848,1790774172.045239
10009400,100221,1790774171.983078,1790774172.045246
10009401,100221,1790774171.999861,1790774172.045252
10009402,100221,1790774172.016217,1790774172.045259
10009403,100221,1790774172.033221,1790774172.045265
10009404,100221,1790774172.049716,1790774172.253731
10009405,100221,1790774172.067010,1790774172.253769
10009406,100221,1790774172.083331,1790774172.253778
10009407,100221,1790774172.100200,1790774172.253786
10009408,100221,1790774172.116955,1790774172.253793
10009409,100221,1790774172.135888,1790774172.253800
10009410,100221,1790774172.150593,1790774172.253809
10009411,100221,1790774172.166394,1790774172.253816
10009412,100221,1790774172.184009,1790774172.253823
10009413,100221,1790774172.200478,1790774172.253829
10009414,100221,1790774172.215617,1790774172.253835
10009415,100221,1790774172.232589,1790774172.253841
10009416,100221,1790774172.249554,1790774172.465520
10009417,100221,1790774172.266401,1790774172.465573
10009418,100221,1790774172.283664,1790774172.465587
10009419,100221,1790774172.299788,1790774172.465600
10009420,100221,1790774172.316348,1790774172.465611
10009421,100221,1790774172.333859,1790774172.465623
10009422,100221,1790774172.350001,1790774172.465634
10009423,100221,1790774172.365763,1790774172.465645
10009424,100221,1790774172.383228,1790774172.465656
10009425,100221,1790774172.401907,1790774172.465666
10009426,100221,1790774172.417871,1790774172.465677
10009427,100221,1790774172.434496,1790774172.465688
10009428,100221,1790774172.450516,1790774172.465698
10009429,100221,1790774172.466191,1790774172.674260
10009430,100221,1790774172.483904,1790774172.674294
10009431,100221,1790774172.499782,1790774172.674303
10009432,100221,1790774172.515498,1790774172.674311
10009433,100221,1790774172.533730,1790774172.674319
10009434,100221,1790774172.549078,1790774172.674326
10009435,100221,1790774172.565972,1790774172.674332
10009436,100221,1790774172.583896,1790774172.674339
10009437,100221,1790774172.599426,1790774172.674344
10009438,100221,1790774172.615921,1790774172.674351
10009439,100221,1790774172.633056,1790774172.674357
10009440,100221,1790774172.653012,1790774172.674364
10009441,100221,1790774172.667002,1790774172.674370
10009442,100221,1790774172.682930,1790774172.884240
10009443,100221,1790774172.699690,1790774172.884290
10009444,100221,1790774172.716054,1790774172.884306
10009445,100221,1790774172.733427,1790774172.884318
10009446,100221,1790774172.750384,1790774172.884330
10009447,100221,1790774172.765508,1790774172.884341
10009448,100221,1790774172.783251,1790774172.884353
10009449,100221,1790774172.799800,1790774172.884365
10009450,100221,1790774172.815803,1790774172.884377
10009451,100221,1790774172.832882,1790774172.884388
10009452,100221,1790774172.850050,1790774172.884399
10009453,100221,1790774172.865845,1790774172.884410
10009454,100221,1790774172.883063,1790774173.094914
10009455,100221,1790774172.899785,1790774173.094948
10009456,100221,1790774172.915249,1790774173.094960
10009457,100221,1790774172.932875,1790774173.094967
10009458,100221,1790774172.950276,1790774173.094973
10009459,100221,1790774172.973890,1790774173.094981
10009460,100221,1790774172.982962,1790774173.094987
10009461,100221,1790774173.000233,1790774173.094994
10009462,100221,1790774173.016997,1790774173.095001
10009463,100221,1790774173.032892,1790774173.095007
10009464,100221,1790774173.049960,1790774173.095013
10009465,100221,1790774173.067291,1790774173.095019
10009466,100221,1790774173.084870,1790774173.095026
10009467,100221,1790774173.099355,1790774173.302957
10009468,100221,1790774173.116009,1790774173.302992
10009469,100221,1790774173.133133,1790774173.303002
10009470,100221,1790774173.150026,1790774173.303012
10009471,100221,1790774173.167850,1790774173.303020
10009472,100221,1790774173.183303,1790774173.303027
10009473,100221,1790774173.199313,1790774173.303033
10009474,100221,1790774173.216799,1790774173.303039
10009475,100221,1790774173.233788,1790774173.303045
10009476,100221,1790774173.249077,1790774173.303051
10009477,100221,1790774173.266396,1790774173.303058
10009478,100221,1790774173.282656,1790774173.303065
10009479,100221,1790774173.299153,1790774173.514136
10009480,100221,1790774173.316015,1790774173.514184
10009481,100221,1790774173.332704,1790774173.514198
10009482,100221,1790774173.348984,1790774173.514211
10009483,100221,1790774173.366058,1790774173.514222
10009484,100221,1790774173.383037,1790774173.514232
10009485,100221,1790774173.399866,1790774173.514246
10009486,100221,1790774173.415909,1790774173.514258
10009487,100221,1790774173.433652,1790774173.514269
10009488,100221,1790774173.449702,1790774173.514280
10009489,100221,1790774173.472071,1790774173.514290
10009490,100221,1790774173.491835,1790774173.514302
10009491,100221,1790774173.499147,1790774173.514313
10009492,100221,1790774173.517803,1790774173.725438
10009493,100221,1790774173.533051,1790774173.725484
10009494,100221,1790774173.550967,1790774173.725497
10009495,100221,1790774173.568315,1790774173.725508
10009496,100221,1790774173.583603,1790774173.725518
10009497,100221,1790774173.599925,1790774173.725527
10009498,100221,1790774173.621574,1790774173.725537
10009499,100221,1790774173.633958,1790774173.725546
10009500,100221,1790774173.660224,1790774173.725555
10009501,100221,1790774173.670189,1790774173.725565
10009502,100221,1790774173.683657,1790774173.725574
10009503,100221,1790774173.700445,1790774173.725583
10009504,100221,1790774173.717210,1790774173.935711
10009505,100221,1790774173.740475,1790774173.935760
10009506,100221,1790774173.749896,1790774173.935774
10009507,100221,1790774173.768203,1790774173.935786
10009508,100221,1790774173.783041,1790774173.935800
10009509,100221,1790774173.810910,1790774173.935811
10009510,100221,1790774173.819873,1790774173.935821
10009511,100221,1790774173.833889,1790774173.935833
10009512,100221,1790774173.851241,1790774173.935846
10009513,100221,1790774173.867703,1790774173.935858
10009514,100221,1790774173.890271,1790774173.935868
10009515,100221,1790774173.910625,1790774173.935880
10009516,100221,1790774173.919922,1790774173.935892
10009517,100221,1790774173.940484,1790774174.144708
10009518,100221,1790774173.960339,1790774174.144754
10009519,100221,1790774173.970360,1790774174.144767
10009520,100221,1790774173.983587,1790774174.144778
10009521,100221,1790774174.017894,1790774174.144789
10009522,100221,1790774174.019584,1790774174.144799
10009523,100221,1790774174.033419,1790774174.144809
10009524,100221,1790774174.051345,1790774174.144823
10009525,100221,1790774174.067727,1790774174.144833
10009526,100221,1790774174.083944,1790774174.144843
10009527,100221,1790774174.100352,1790774174.144853
10009528,100221,1790774174.117818,1790774174.144864
10009529,100221,1790774174.133144,1790774174.144874
10009530,100221,1790774174.150637,1790774174.354584
10009531,100221,1790774174.166999,1790774174.354620
10009532,100221,1790774174.183575,1790774174.354630
10009533,100221,1790774174.199326,1790774174.354638
10009534,100221,1790774174.216081,1790774174.354645
10009535,100221,1790774174.232700,1790774174.354653
10009536,100221,1790774174.250100,1790774174.354660
10009537,100221,1790774174.266654,1790774174.354666
10009538,100221,1790774174.282607,1790774174.354672
10009539,100221,1790774174.299990,1790774174.354679
10009540,100221,1790774174.315893,1790774174.354686
10009541,100221,1790774174.333004,1790774174.354692
10009542,100221,1790774174.350687,1790774174.566638
10009543,100221,1790774174.367299,1790774174.566687
10009544,100221,1790774174.383597,1790774174.566704
10009545,100221,1790774174.399931,1790774174.566717
10009546,100221,1790774174.416293,1790774174.566726
10009547,100221,1790774174.432727,1790774174.566734
10009548,100221,1790774174.452108,1790774174.566741
10009549,100221,1790774174.465897,1790774174.566748
10009550,100221,1790774174.482980,1790774174.566755
10009551,100221,1790774174.499501,1790774174.566761
10009552,100221,1790774174.515961,1790774174.566769
10009553,100221,1790774174.532826,1790774174.566779
10009554,100221,1790774174.550107,1790774174.566786
10009555,100221,1790774174.566878,1790774174.776008
10009556,100221,1790774174.583808,1790774174.776042
10009557,100221,1790774174.599953,1790774174.776053
10009558,100221,1790774174.616404,1790774174.776061
10009559,100221,1790774174.633891,1790774174.776069
10009560,100221,1790774174.651563,1790774174.776075
10009561,100221,1790774174.667448,1790774174.776082
10009562,100221,1790774174.683515,1790774174.776089
10009563,100221,1790774174.703129,1790774174.776095
10009564,100221,1790774174.718516,1790774174.776101
10009565,100221,1790774174.734289,1790774174.776107
10009566,100221,1790774174.750565,1790774174.776113
10009567,100221,1790774174.766670,1790774174.776119
10009568,100221,1790774174.782851,1790774174.985593
10009569,100221,1790774174.799323,1790774174.985630
10009570,100221,1790774174.816510,1790774174.985640
10009571,100221,1790774174.833009,1790774174.985647
10009572,100221,1790774174.849620,1790774174.985654
10009573,100221,1790774174.866837,1790774174.985660
10009574,100221,1790774174.883189,1790774174.985666
10009575,100221,1790774174.899585,1790774174.985673
10009576,100221,1790774174.915532,1790774174.985679
10009577,100221,1790774174.933175,1790774174.985686
10009578,100221,1790774174.950875,1790774174.985692
10009579,100221,1790774174.965898,1790774174.985699
10009580,100221,1790774174.983173,1790774175.198875
10009581,100221,1790774175.000157,1790774175.198924
10009582,100221,1790774175.018832,1790774175.198937
10009583,100221,1790774175.040320,1790774175.198949
10009584,100221,1790774175.066021,1790774175.198960
10009585,100221,1790774175.068880,1790774175.198974
10009586,100221,1790774175.091864,1790774175.198985
10009587,100221,1790774175.104687,1790774175.198997
10009588,100221,1790774175.121555,1790774175.199009
10009589,100221,1790774175.133884,1790774175.199020
10009590,100221,1790774175.153294,1790774175.199031
10009591,100221,1790774175.167117,1790774175.199041
10009592,100221,1790774175.192314,1790774175.418449
10009593,100221,1790774175.201554,1790774175.418498
10009594,100221,1790774175.218178,1790774175.418512
10009595,100221,1790774175.233542,1790774175.418525
10009596,100221,1790774175.251118,1790774175.418752
10009597,100221,1790774175.267236,1790774175.418770
10009598,100221,1790774175.283270,1790774175.418784
10009599,100221,1790774175.299397,1790774175.418794
10009600,100221,1790774175.316393,1790774175.418804
10009601,100221,1790774175.333237,1790774175.418814
10009602,100221,1790774175.351896,1790774175.418826
10009603,100221,1790774175.367855,1790774175.418838
10009604,100221,1790774175.390002,1790774175.418848
10009605,100221,1790774175.403320,1790774175.634125
10009606,100221,1790774175.418821,1790774175.634168
10009607,100221,1790774175.433024,1790774175.634182
10009608,100221,1790774175.451956,1790774175.634195
10009609,100221,1790774175.465877,1790774175.634206
10009610,100221,1790774175.483620,1790774175.634217
10009611,100221,1790774175.500021,1790774175.634227
10009612,100221,1790774175.516336,1790774175.634237
10009613,100221,1790774175.533270,1790774175.634247
10009614,100221,1790774175.549526,1790774175.634260
10009615,100221,1790774175.566365,1790774175.634271
10009616,100221,1790774175.583298,1790774175.634282
10009617,100221,1790774175.599801,1790774175.634303
10009618,100221,1790774175.615786,1790774175.634315
10009619,100221,1790774175.633482,1790774175.843183
10009620,100221,1790774175.650123,1790774175.843220
10009621,100221,1790774175.665940,1790774175.843231
10009622,100221,1790774175.682602,1790774175.843243
10009623,100221,1790774175.699693,1790774175.843252
10009624,100221,1790774175.715570,1790774175.843260
10009625,100221,1790774175.732872,1790774175.843271
10009626,100221,1790774175.749306,1790774175.843277
10009627,100221,1790774175.765540,1790774175.843284
10009628,100221,1790774175.783210,1790774175.843290
10009629,100221,1790774175.799980,1790774175.843296
10009630,100221,1790774175.816743,1790774175.843302
10009631,100221,1790774175.833852,1790774175.843308
10009632,100221,1790774175.849044,1790774176.058444
10009633,100221,1790774175.865319,1790774176.058490
10009634,100221,1790774175.882844,1790774176.058502
10009635,100221,1790774175.899167,1790774176.058513
10009636,100221,1790774175.915595,1790774176.058525
10009637,100221,1790774175.933618,1790774176.058537
10009638,100221,1790774175.950609,1790774176.058549
10009639,100221,1790774175.966197,1790774176.058559
10009640,100221,1790774175.984014,1790774176.058571
10009641,100221,1790774175.999841,1790774176.058582
10009642,100221,1790774176.016359,1790774176.058594
10009643,100221,1790774176.034601,1790774176.058609
10009644,100221,1790774176.050832,1790774176.276802
10009645,100221,1790774176.068139,1790774176.276838
10009646,100221,1790774176.083660,1790774176.276846
10009647,100221,1790774176.100161,1790774176.276854
10009648,100221,1790774176.117704,1790774176.276864
10009649,100221,1790774176.135290,1790774176.276870
10009650,100221,1790774176.150172,1790774176.276876
10009651,100221,1790774176.172274,1790774176.276882
10009652,100221,1790774176.183644,1790774176.276889
10009653,100221,1790774176.207966,1790774176.276897
10009654,100221,1790774176.219133,1790774176.276904
10009655,100221,1790774176.238486,1790774176.276910
10009656,100221,1790774176.256853,1790774176.276916
10009657,100221,1790774176.269708,1790774176.486643
10009658,100221,1790774176.286033,1790774176.486676
10009659,100221,1790774176.301595,1790774176.486685
10009660,100221,1790774176.318854,1790774176.486693
10009661,100221,1790774176.335922,1790774176.486701
10009662,100221,1790774176.349987,1790774176.486707
10009663,100221,1790774176.367245,1790774176.486714
10009664,100221,1790774176.383080,1790774176.486720
10009665,100221,1790774176.399711,1790774176.486727
10009666,100221,1790774176.415936,1790774176.486734
10009667,100221,1790774176.433032,1790774176.486740
10009668,100221,1790774176.449726,1790774176.486747
10009669,100221,1790774176.466032,1790774176.486753
10009670,100221,1790774176.482424,1790774176.692452
10009671,100221,1790774176.499905,1790774176.692485
